Adding job tentatively -- it will be properly scheduled when the scheduler starts
{"job": "sync_traffic", "event": "job.registered", "level": "info", "timestamp": "2026-09-05T16:19:59.352047Z"}
Adding job tentatively -- it will be properly scheduled when the scheduler starts
{"job": "expire_check", "event": "job.registered", "level": "info", "timestamp": "2026-09-05T16:19:59.352561Z"}
Adding job tentatively -- it will be properly scheduled when the scheduler starts
{"job": "notify_expiring", "event": "job.registered", "level": "info", "timestamp": "2026-09-05T16:19:59.352834Z"}
Adding job tentatively -- it will be properly scheduled when the scheduler starts
{"job": "cleanup_deleted", "event": "job.registered", "level": "info", "timestamp": "2026-09-05T16:19:59.353054Z"}
Adding job tentatively -- it will be properly scheduled when the scheduler starts
{"job": "reconcile_payments", "event": "job.registered", "level": "info", "timestamp": "2026-09-05T16:19:59.353269Z"}
Adding job tentatively -- it will be properly scheduled when the scheduler starts
{"job": "reconcile_panel", "event": "job.registered", "level": "info", "timestamp": "2026-09-05T16:19:59.353536Z"}
Adding job tentatively -- it will be properly scheduled when the scheduler starts
{"job": "retry_provisioning", "event": "job.registered", "level": "info", "timestamp": "2026-09-05T16:19:59.353803Z"}
Adding job tentatively -- it will be properly scheduled when the scheduler starts
{"job": "notify_web_manual", "event": "job.registered", "level": "info", "timestamp": "2026-09-05T16:19:59.354074Z"}
Added job "sync_traffic" to job store "default"
Added job "expire_check" to job store "default"
Added job "notify_expiring" to job store "default"
Added job "cleanup_deleted" to job store "default"
Added job "reconcile_payments" to job store "default"
Added job "reconcile_panel" to job store "default"
Added job "retry_provisioning" to job store "default"
Added job "notify_web_manual_payments" to job store "default"
Scheduler started
{"event": "scheduler.started", "level": "info", "timestamp": "2026-09-05T16:19:59.357927Z"}
{"event": "polling.started", "level": "info", "timestamp": "2026-09-05T16:19:59.554667Z"}
{"port": 8081, "event": "internal_api.started", "level": "info", "timestamp": "2026-09-05T16:19:59.855132Z"}
Start polling
Run polling for bot @niro_vpn_bot id=8746092424 - 'NIRO VPN'
Update id=711251992 is handled. Duration 411 ms by bot id=8746092424
Update id=711251993 is handled. Duration 234 ms by bot id=8746092424
Update id=711251994 is handled. Duration 132 ms by bot id=8746092424
Update id=711251995 is handled. Duration 147 ms by bot id=8746092424
Update id=711251996 is handled. Duration 189 ms by bot id=8746092424
Update id=711251997 is handled. Duration 240 ms by bot id=8746092424
Update id=711251998 is handled. Duration 193 ms by bot id=8746092424
Update id=711251999 is handled. Duration 179 ms by bot id=8746092424
Update id=711252000 is handled. Duration 245 ms by bot id=8746092424
{"payment_id": 48, "provider": "yookassa", "amount": 14900, "event": "payment.created", "level": "info", "timestamp": "2026-09-05T16:21:58.458537Z"}
Update id=711252001 is handled. Duration 780 ms by bot id=8746092424
Update id=711252002 is handled. Duration 211 ms by bot id=8746092424
Update id=711252003 is handled. Duration 126 ms by bot id=8746092424
Update id=711252004 is handled. Duration 144 ms by bot id=8746092424
Update id=711252005 is handled. Duration 141 ms by bot id=8746092424
Update id=711252006 is handled. Duration 244 ms by bot id=8746092424
{"payment_id": 49, "provider": "yookassa", "amount": 14900, "event": "payment.created", "level": "info", "timestamp": "2026-09-05T16:22:26.177845Z"}
Update id=711252007 is handled. Duration 561 ms by bot id=8746092424
Update id=711252008 is handled. Duration 185 ms by bot id=8746092424
Update id=711252009 is handled. Duration 264 ms by bot id=8746092424
Update id=711252010 is handled. Duration 207 ms by bot id=8746092424
Update id=711252011 is handled. Duration 158 ms by bot id=8746092424
Update id=711252012 is handled. Duration 191 ms by bot id=8746092424
Update id=711252013 is handled. Duration 124 ms by bot id=8746092424
Update id=711252014 is handled. Duration 167 ms by bot id=8746092424
Update id=711252015 is handled. Duration 130 ms by bot id=8746092424
Update id=711252016 is handled. Duration 250 ms by bot id=8746092424
Update id=711252017 is handled. Duration 136 ms by bot id=8746092424
Update id=711252018 is handled. Duration 136 ms by bot id=8746092424
Update id=711252019 is handled. Duration 123 ms by bot id=8746092424
Update id=711252020 is handled. Duration 140 ms by bot id=8746092424
Update id=711252021 is handled. Duration 139 ms by bot id=8746092424
Update id=711252022 is handled. Duration 139 ms by bot id=8746092424
Update id=711252023 is handled. Duration 464 ms by bot id=8746092424
Update id=711252024 is handled. Duration 142 ms by bot id=8746092424
Update id=711252025 is handled. Duration 127 ms by bot id=8746092424
Update id=711252026 is handled. Duration 136 ms by bot id=8746092424
Update id=711252027 is handled. Duration 326 ms by bot id=8746092424
{"update_id": 711252028, "err": "1 validation error for AdminCB\ntarget_id\n  Input should be a valid integer [type=int_type, input_value=None, input_type=NoneType]\n    For further information visit https://errors.pydantic.dev/2.9/v/int_type", "event": "handler.error", "level": "error", "timestamp": "2026-09-05T16:26:37.110725Z"}
Update id=711252028 is handled. Duration 202 ms by bot id=8746092424
Update id=711252029 is handled. Duration 107 ms by bot id=8746092424
Update id=711252030 is handled. Duration 164 ms by bot id=8746092424
Update id=711252031 is handled. Duration 328 ms by bot id=8746092424
Update id=711252032 is handled. Duration 140 ms by bot id=8746092424
Update id=711252033 is handled. Duration 258 ms by bot id=8746092424
Update id=711252034 is handled. Duration 91 ms by bot id=8746092424
Update id=711252035 is handled. Duration 117 ms by bot id=8746092424
Update id=711252036 is handled. Duration 152 ms by bot id=8746092424
Update id=711252037 is handled. Duration 136 ms by bot id=8746092424
Update id=711252038 is handled. Duration 114 ms by bot id=8746092424
{"user_id": 1, "telegram_id": 8468512348, "event": "site.code_issued", "level": "info", "timestamp": "2026-09-05T16:27:42.528108Z"}
Update id=711252039 is handled. Duration 122 ms by bot id=8746092424
Update id=711252040 is handled. Duration 315 ms by bot id=8746092424
Update id=711252041 is handled. Duration 157 ms by bot id=8746092424
Update id=711252042 is handled. Duration 449 ms by bot id=8746092424
Update id=711252043 is handled. Duration 143 ms by bot id=8746092424
Update id=711252044 is handled. Duration 126 ms by bot id=8746092424
{"user_id": 1, "telegram_id": 8468512348, "event": "site.code_issued", "level": "info", "timestamp": "2026-09-05T16:28:51.145601Z"}
Update id=711252045 is handled. Duration 145 ms by bot id=8746092424
Update id=711252046 is handled. Duration 216 ms by bot id=8746092424
Update id=711252047 is handled. Duration 152 ms by bot id=8746092424
Update id=711252048 is handled. Duration 128 ms by bot id=8746092424
{"user_id": 1, "telegram_id": 8468512348, "event": "site.code_issued", "level": "info", "timestamp": "2026-09-05T16:29:24.113624Z"}
Update id=711252049 is handled. Duration 134 ms by bot id=8746092424
{"updated": 6, "event": "sync_traffic.done", "level": "info", "timestamp": "2026-09-05T16:35:02.201510Z"}
Update id=711252050 is handled. Duration 181 ms by bot id=8746092424
{"user_id": 2, "telegram_id": 8957730167, "event": "site.code_issued", "level": "info", "timestamp": "2026-09-05T16:37:40.173125Z"}
Update id=711252051 is handled. Duration 209 ms by bot id=8746092424
Failed to fetch updates - TelegramConflictError: Telegram server says - Conflict: terminated by other getUpdates request; make sure that only one bot instance is running
Sleep for 1.000000 seconds and try again... (tryings = 0, bot id = 8746092424)
Failed to fetch updates - TelegramConflictError: Telegram server says - Conflict: terminated by other getUpdates request; make sure that only one bot instance is running
Sleep for 1.372276 seconds and try again... (tryings = 1, bot id = 8746092424)
Failed to fetch updates - TelegramConflictError: Telegram server says - Conflict: terminated by other getUpdates request; make sure that only one bot instance is running
Sleep for 1.599847 seconds and try again... (tryings = 2, bot id = 8746092424)
Failed to fetch updates - TelegramConflictError: Telegram server says - Conflict: terminated by other getUpdates request; make sure that only one bot instance is running
Sleep for 2.051248 seconds and try again... (tryings = 3, bot id = 8746092424)
Failed to fetch updates - TelegramConflictError: Telegram server says - Conflict: terminated by other getUpdates request; make sure that only one bot instance is running
Sleep for 2.889846 seconds and try again... (tryings = 4, bot id = 8746092424)
Failed to fetch updates - TelegramConflictError: Telegram server says - Conflict: terminated by other getUpdates request; make sure that only one bot instance is running
Sleep for 3.626188 seconds and try again... (tryings = 5, bot id = 8746092424)
Failed to fetch updates - TelegramConflictError: Telegram server says - Conflict: terminated by other getUpdates request; make sure that only one bot instance is running
Sleep for 4.766095 seconds and try again... (tryings = 6, bot id = 8746092424)
Failed to fetch updates - TelegramConflictError: Telegram server says - Conflict: terminated by other getUpdates request; make sure that only one bot instance is running
Sleep for 4.984520 seconds and try again... (tryings = 7, bot id = 8746092424)
Failed to fetch updates - TelegramConflictError: Telegram server says - Conflict: terminated by other getUpdates request; make sure that only one bot instance is running
Sleep for 4.977640 seconds and try again... (tryings = 8, bot id = 8746092424)
Failed to fetch updates - TelegramConflictError: Telegram server says - Conflict: terminated by other getUpdates request; make sure that only one bot instance is running
Sleep for 5.107094 seconds and try again... (tryings = 9, bot id = 8746092424)
Failed to fetch updates - TelegramConflictError: Telegram server says - Conflict: terminated by other getUpdates request; make sure that only one bot instance is running
Sleep for 4.907741 seconds and try again... (tryings = 10, bot id = 8746092424)
Failed to fetch updates - TelegramConflictError: Telegram server says - Conflict: terminated by other getUpdates request; make sure that only one bot instance is running
Sleep for 4.703486 seconds and try again... (tryings = 11, bot id = 8746092424)
Failed to fetch updates - TelegramConflictError: Telegram server says - Conflict: terminated by other getUpdates request; make sure that only one bot instance is running
Sleep for 4.987343 seconds and try again... (tryings = 12, bot id = 8746092424)
Failed to fetch updates - TelegramConflictError: Telegram server says - Conflict: terminated by other getUpdates request; make sure that only one bot instance is running
Sleep for 4.965818 seconds and try again... (tryings = 13, bot id = 8746092424)
Failed to fetch updates - TelegramConflictError: Telegram server says - Conflict: terminated by other getUpdates request; make sure that only one bot instance is running
Sleep for 5.047451 seconds and try again... (tryings = 14, bot id = 8746092424)
Failed to fetch updates - TelegramConflictError: Telegram server says - Conflict: terminated by other getUpdates request; make sure that only one bot instance is running
Sleep for 4.966620 seconds and try again... (tryings = 15, bot id = 8746092424)
Failed to fetch updates - TelegramConflictError: Telegram server says - Conflict: terminated by other getUpdates request; make sure that only one bot instance is running
Sleep for 4.974707 seconds and try again... (tryings = 16, bot id = 8746092424)
Failed to fetch updates - TelegramConflictError: Telegram server says - Conflict: terminated by other getUpdates request; make sure that only one bot instance is running
Sleep for 5.003053 seconds and try again... (tryings = 17, bot id = 8746092424)
Failed to fetch updates - TelegramConflictError: Telegram server says - Conflict: terminated by other getUpdates request; make sure that only one bot instance is running
Sleep for 5.135435 seconds and try again... (tryings = 18, bot id = 8746092424)
Failed to fetch updates - TelegramConflictError: Telegram server says - Conflict: terminated by other getUpdates request; make sure that only one bot instance is running
Sleep for 4.957793 seconds and try again... (tryings = 19, bot id = 8746092424)
Failed to fetch updates - TelegramConflictError: Telegram server says - Conflict: terminated by other getUpdates request; make sure that only one bot instance is running
Sleep for 4.987451 seconds and try again... (tryings = 20, bot id = 8746092424)
Failed to fetch updates - TelegramConflictError: Telegram server says - Conflict: terminated by other getUpdates request; make sure that only one bot instance is running
Sleep for 4.939036 seconds and try again... (tryings = 21, bot id = 8746092424)
Failed to fetch updates - TelegramConflictError: Telegram server says - Conflict: terminated by other getUpdates request; make sure that only one bot instance is running
Sleep for 4.918170 seconds and try again... (tryings = 22, bot id = 8746092424)
Failed to fetch updates - TelegramConflictError: Telegram server says - Conflict: terminated by other getUpdates request; make sure that only one bot instance is running
Sleep for 4.982185 seconds and try again... (tryings = 23, bot id = 8746092424)
Failed to fetch updates - TelegramConflictError: Telegram server says - Conflict: terminated by other getUpdates request; make sure that only one bot instance is running
Sleep for 4.944810 seconds and try again... (tryings = 24, bot id = 8746092424)
Failed to fetch updates - TelegramConflictError: Telegram server says - Conflict: terminated by other getUpdates request; make sure that only one bot instance is running
Sleep for 4.971243 seconds and try again... (tryings = 25, bot id = 8746092424)
Failed to fetch updates - TelegramConflictError: Telegram server says - Conflict: terminated by other getUpdates request; make sure that only one bot instance is running
Sleep for 5.034742 seconds and try again... (tryings = 26, bot id = 8746092424)
Failed to fetch updates - TelegramConflictError: Telegram server says - Conflict: terminated by other getUpdates request; make sure that only one bot instance is running
Sleep for 4.971200 seconds and try again... (tryings = 27, bot id = 8746092424)
Failed to fetch updates - TelegramConflictError: Telegram server says - Conflict: terminated by other getUpdates request; make sure that only one bot instance is running
Sleep for 5.023792 seconds and try again... (tryings = 28, bot id = 8746092424)
Failed to fetch updates - TelegramConflictError: Telegram server says - Conflict: terminated by other getUpdates request; make sure that only one bot instance is running
Sleep for 5.068463 seconds and try again... (tryings = 29, bot id = 8746092424)
Failed to fetch updates - TelegramConflictError: Telegram server says - Conflict: terminated by other getUpdates request; make sure that only one bot instance is running
Sleep for 5.021894 seconds and try again... (tryings = 30, bot id = 8746092424)
Failed to fetch updates - TelegramConflictError: Telegram server says - Conflict: terminated by other getUpdates request; make sure that only one bot instance is running
Sleep for 4.977540 seconds and try again... (tryings = 31, bot id = 8746092424)
Failed to fetch updates - TelegramConflictError: Telegram server says - Conflict: terminated by other getUpdates request; make sure that only one bot instance is running
Sleep for 4.957860 seconds and try again... (tryings = 32, bot id = 8746092424)
Failed to fetch updates - TelegramConflictError: Telegram server says - Conflict: terminated by other getUpdates request; make sure that only one bot instance is running
Sleep for 5.105792 seconds and try again... (tryings = 33, bot id = 8746092424)
Failed to fetch updates - TelegramConflictError: Telegram server says - Conflict: terminated by other getUpdates request; make sure that only one bot instance is running
Sleep for 5.019340 seconds and try again... (tryings = 34, bot id = 8746092424)
Failed to fetch updates - TelegramConflictError: Telegram server says - Conflict: terminated by other getUpdates request; make sure that only one bot instance is running
Sleep for 5.017438 seconds and try again... (tryings = 35, bot id = 8746092424)
Failed to fetch updates - TelegramConflictError: Telegram server says - Conflict: terminated by other getUpdates request; make sure that only one bot instance is running
Sleep for 5.140542 seconds and try again... (tryings = 36, bot id = 8746092424)
Failed to fetch updates - TelegramConflictError: Telegram server says - Conflict: terminated by other getUpdates request; make sure that only one bot instance is running
Sleep for 5.020166 seconds and try again... (tryings = 37, bot id = 8746092424)
Failed to fetch updates - TelegramConflictError: Telegram server says - Conflict: terminated by other getUpdates request; make sure that only one bot instance is running
Sleep for 4.901693 seconds and try again... (tryings = 38, bot id = 8746092424)
Failed to fetch updates - TelegramConflictError: Telegram server says - Conflict: terminated by other getUpdates request; make sure that only one bot instance is running
Sleep for 4.922746 seconds and try again... (tryings = 39, bot id = 8746092424)
Failed to fetch updates - TelegramConflictError: Telegram server says - Conflict: terminated by other getUpdates request; make sure that only one bot instance is running
Sleep for 4.891308 seconds and try again... (tryings = 40, bot id = 8746092424)
Failed to fetch updates - TelegramConflictError: Telegram server says - Conflict: terminated by other getUpdates request; make sure that only one bot instance is running
Sleep for 5.030556 seconds and try again... (tryings = 41, bot id = 8746092424)
Failed to fetch updates - TelegramConflictError: Telegram server says - Conflict: terminated by other getUpdates request; make sure that only one bot instance is running
Sleep for 5.032368 seconds and try again... (tryings = 42, bot id = 8746092424)
Failed to fetch updates - TelegramConflictError: Telegram server says - Conflict: terminated by other getUpdates request; make sure that only one bot instance is running
Sleep for 4.936559 seconds and try again... (tryings = 43, bot id = 8746092424)
Failed to fetch updates - TelegramConflictError: Telegram server says - Conflict: terminated by other getUpdates request; make sure that only one bot instance is running
Sleep for 5.120952 seconds and try again... (tryings = 44, bot id = 8746092424)
Failed to fetch updates - TelegramConflictError: Telegram server says - Conflict: terminated by other getUpdates request; make sure that only one bot instance is running
Sleep for 4.974334 seconds and try again... (tryings = 45, bot id = 8746092424)
Failed to fetch updates - TelegramConflictError: Telegram server says - Conflict: terminated by other getUpdates request; make sure that only one bot instance is running
Sleep for 4.915050 seconds and try again... (tryings = 46, bot id = 8746092424)
Failed to fetch updates - TelegramConflictError: Telegram server says - Conflict: terminated by other getUpdates request; make sure that only one bot instance is running
Sleep for 4.864794 seconds and try again... (tryings = 47, bot id = 8746092424)
Failed to fetch updates - TelegramConflictError: Telegram server says - Conflict: terminated by other getUpdates request; make sure that only one bot instance is running
Sleep for 5.120243 seconds and try again... (tryings = 48, bot id = 8746092424)
Failed to fetch updates - TelegramConflictError: Telegram server says - Conflict: terminated by other getUpdates request; make sure that only one bot instance is running
Sleep for 4.936259 seconds and try again... (tryings = 49, bot id = 8746092424)
Failed to fetch updates - TelegramConflictError: Telegram server says - Conflict: terminated by other getUpdates request; make sure that only one bot instance is running
Sleep for 4.896371 seconds and try again... (tryings = 50, bot id = 8746092424)
Failed to fetch updates - TelegramConflictError: Telegram server says - Conflict: terminated by other getUpdates request; make sure that only one bot instance is running
Sleep for 4.932468 seconds and try again... (tryings = 51, bot id = 8746092424)
Failed to fetch updates - TelegramConflictError: Telegram server says - Conflict: terminated by other getUpdates request; make sure that only one bot instance is running
Sleep for 4.987459 seconds and try again... (tryings = 52, bot id = 8746092424)
Failed to fetch updates - TelegramConflictError: Telegram server says - Conflict: terminated by other getUpdates request; make sure that only one bot instance is running
Sleep for 4.975393 seconds and try again... (tryings = 53, bot id = 8746092424)
Failed to fetch updates - TelegramConflictError: Telegram server says - Conflict: terminated by other getUpdates request; make sure that only one bot instance is running
Sleep for 5.044350 seconds and try again... (tryings = 54, bot id = 8746092424)
Failed to fetch updates - TelegramConflictError: Telegram server says - Conflict: terminated by other getUpdates request; make sure that only one bot instance is running
Sleep for 5.107729 seconds and try again... (tryings = 55, bot id = 8746092424)
Failed to fetch updates - TelegramConflictError: Telegram server says - Conflict: terminated by other getUpdates request; make sure that only one bot instance is running
Sleep for 5.121725 seconds and try again... (tryings = 56, bot id = 8746092424)
Failed to fetch updates - TelegramConflictError: Telegram server says - Conflict: terminated by other getUpdates request; make sure that only one bot instance is running
Sleep for 5.100434 seconds and try again... (tryings = 57, bot id = 8746092424)
Failed to fetch updates - TelegramConflictError: Telegram server says - Conflict: terminated by other getUpdates request; make sure that only one bot instance is running
Sleep for 5.044893 seconds and try again... (tryings = 58, bot id = 8746092424)
Failed to fetch updates - TelegramConflictError: Telegram server says - Conflict: terminated by other getUpdates request; make sure that only one bot instance is running
Sleep for 4.920485 seconds and try again... (tryings = 59, bot id = 8746092424)
Failed to fetch updates - TelegramConflictError: Telegram server says - Conflict: terminated by other getUpdates request; make sure that only one bot instance is running
Sleep for 4.981628 seconds and try again... (tryings = 60, bot id = 8746092424)
Failed to fetch updates - TelegramConflictError: Telegram server says - Conflict: terminated by other getUpdates request; make sure that only one bot instance is running
Sleep for 5.113399 seconds and try again... (tryings = 61, bot id = 8746092424)
Failed to fetch updates - TelegramConflictError: Telegram server says - Conflict: terminated by other getUpdates request; make sure that only one bot instance is running
Sleep for 5.019756 seconds and try again... (tryings = 62, bot id = 8746092424)
Failed to fetch updates - TelegramConflictError: Telegram server says - Conflict: terminated by other getUpdates request; make sure that only one bot instance is running
Sleep for 4.958586 seconds and try again... (tryings = 63, bot id = 8746092424)
Failed to fetch updates - TelegramConflictError: Telegram server says - Conflict: terminated by other getUpdates request; make sure that only one bot instance is running
Sleep for 4.997370 seconds and try again... (tryings = 64, bot id = 8746092424)
Failed to fetch updates - TelegramConflictError: Telegram server says - Conflict: terminated by other getUpdates request; make sure that only one bot instance is running
Sleep for 4.980681 seconds and try again... (tryings = 65, bot id = 8746092424)
Failed to fetch updates - TelegramConflictError: Telegram server says - Conflict: terminated by other getUpdates request; make sure that only one bot instance is running
Sleep for 4.939948 seconds and try again... (tryings = 66, bot id = 8746092424)
{"updated": 6, "event": "sync_traffic.done", "level": "info", "timestamp": "2026-09-05T16:50:01.193269Z"}
Failed to fetch updates - TelegramConflictError: Telegram server says - Conflict: terminated by other getUpdates request; make sure that only one bot instance is running
Sleep for 5.011712 seconds and try again... (tryings = 67, bot id = 8746092424)
Failed to fetch updates - TelegramConflictError: Telegram server says - Conflict: terminated by other getUpdates request; make sure that only one bot instance is running
Sleep for 4.909628 seconds and try again... (tryings = 68, bot id = 8746092424)
Failed to fetch updates - TelegramConflictError: Telegram server says - Conflict: terminated by other getUpdates request; make sure that only one bot instance is running
Sleep for 5.006964 seconds and try again... (tryings = 69, bot id = 8746092424)
Failed to fetch updates - TelegramConflictError: Telegram server says - Conflict: terminated by other getUpdates request; make sure that only one bot instance is running
Sleep for 5.041029 seconds and try again... (tryings = 70, bot id = 8746092424)
Failed to fetch updates - TelegramConflictError: Telegram server says - Conflict: terminated by other getUpdates request; make sure that only one bot instance is running
Sleep for 4.811131 seconds and try again... (tryings = 71, bot id = 8746092424)
Failed to fetch updates - TelegramConflictError: Telegram server says - Conflict: terminated by other getUpdates request; make sure that only one bot instance is running
Sleep for 5.014918 seconds and try again... (tryings = 72, bot id = 8746092424)
Failed to fetch updates - TelegramConflictError: Telegram server says - Conflict: terminated by other getUpdates request; make sure that only one bot instance is running
Sleep for 5.006454 seconds and try again... (tryings = 73, bot id = 8746092424)
Failed to fetch updates - TelegramConflictError: Telegram server says - Conflict: terminated by other getUpdates request; make sure that only one bot instance is running
Sleep for 5.013279 seconds and try again... (tryings = 74, bot id = 8746092424)
Failed to fetch updates - TelegramConflictError: Telegram server says - Conflict: terminated by other getUpdates request; make sure that only one bot instance is running
Sleep for 5.052813 seconds and try again... (tryings = 75, bot id = 8746092424)
Failed to fetch updates - TelegramConflictError: Telegram server says - Conflict: terminated by other getUpdates request; make sure that only one bot instance is running
Sleep for 5.107034 seconds and try again... (tryings = 76, bot id = 8746092424)
Failed to fetch updates - TelegramConflictError: Telegram server says - Conflict: terminated by other getUpdates request; make sure that only one bot instance is running
Sleep for 4.831243 seconds and try again... (tryings = 77, bot id = 8746092424)
Failed to fetch updates - TelegramConflictError: Telegram server says - Conflict: terminated by other getUpdates request; make sure that only one bot instance is running
Sleep for 4.888336 seconds and try again... (tryings = 78, bot id = 8746092424)
Failed to fetch updates - TelegramConflictError: Telegram server says - Conflict: terminated by other getUpdates request; make sure that only one bot instance is running
Sleep for 5.016399 seconds and try again... (tryings = 79, bot id = 8746092424)
Failed to fetch updates - TelegramConflictError: Telegram server says - Conflict: terminated by other getUpdates request; make sure that only one bot instance is running
Sleep for 5.222813 seconds and try again... (tryings = 80, bot id = 8746092424)
Failed to fetch updates - TelegramConflictError: Telegram server says - Conflict: terminated by other getUpdates request; make sure that only one bot instance is running
Sleep for 5.134656 seconds and try again... (tryings = 81, bot id = 8746092424)
Failed to fetch updates - TelegramConflictError: Telegram server says - Conflict: terminated by other getUpdates request; make sure that only one bot instance is running
Sleep for 4.913784 seconds and try again... (tryings = 82, bot id = 8746092424)
Failed to fetch updates - TelegramConflictError: Telegram server says - Conflict: terminated by other getUpdates request; make sure that only one bot instance is running
Sleep for 4.851282 seconds and try again... (tryings = 83, bot id = 8746092424)
Failed to fetch updates - TelegramConflictError: Telegram server says - Conflict: terminated by other getUpdates request; make sure that only one bot instance is running
Sleep for 4.983029 seconds and try again... (tryings = 84, bot id = 8746092424)
Failed to fetch updates - TelegramConflictError: Telegram server says - Conflict: terminated by other getUpdates request; make sure that only one bot instance is running
Sleep for 4.947909 seconds and try again... (tryings = 85, bot id = 8746092424)
Failed to fetch updates - TelegramConflictError: Telegram server says - Conflict: terminated by other getUpdates request; make sure that only one bot instance is running
Sleep for 4.989003 seconds and try again... (tryings = 86, bot id = 8746092424)
Failed to fetch updates - TelegramConflictError: Telegram server says - Conflict: terminated by other getUpdates request; make sure that only one bot instance is running
Sleep for 4.818259 seconds and try again... (tryings = 87, bot id = 8746092424)
Failed to fetch updates - TelegramConflictError: Telegram server says - Conflict: terminated by other getUpdates request; make sure that only one bot instance is running
Sleep for 4.977331 seconds and try again... (tryings = 88, bot id = 8746092424)
Failed to fetch updates - TelegramConflictError: Telegram server says - Conflict: terminated by other getUpdates request; make sure that only one bot instance is running
Sleep for 4.929154 seconds and try again... (tryings = 89, bot id = 8746092424)
Failed to fetch updates - TelegramConflictError: Telegram server says - Conflict: terminated by other getUpdates request; make sure that only one bot instance is running
Sleep for 4.911338 seconds and try again... (tryings = 90, bot id = 8746092424)
Failed to fetch updates - TelegramConflictError: Telegram server says - Conflict: terminated by other getUpdates request; make sure that only one bot instance is running
Sleep for 4.933075 seconds and try again... (tryings = 91, bot id = 8746092424)
Failed to fetch updates - TelegramConflictError: Telegram server says - Conflict: terminated by other getUpdates request; make sure that only one bot instance is running
Sleep for 4.978382 seconds and try again... (tryings = 92, bot id = 8746092424)
Failed to fetch updates - TelegramConflictError: Telegram server says - Conflict: terminated by other getUpdates request; make sure that only one bot instance is running
Sleep for 5.004519 seconds and try again... (tryings = 93, bot id = 8746092424)
Failed to fetch updates - TelegramConflictError: Telegram server says - Conflict: terminated by other getUpdates request; make sure that only one bot instance is running
Sleep for 5.141097 seconds and try again... (tryings = 94, bot id = 8746092424)
Failed to fetch updates - TelegramConflictError: Telegram server says - Conflict: terminated by other getUpdates request; make sure that only one bot instance is running
Sleep for 5.244038 seconds and try again... (tryings = 95, bot id = 8746092424)
Failed to fetch updates - TelegramConflictError: Telegram server says - Conflict: terminated by other getUpdates request; make sure that only one bot instance is running
Sleep for 5.054349 seconds and try again... (tryings = 96, bot id = 8746092424)
Failed to fetch updates - TelegramConflictError: Telegram server says - Conflict: terminated by other getUpdates request; make sure that only one bot instance is running
Sleep for 4.793946 seconds and try again... (tryings = 97, bot id = 8746092424)
Failed to fetch updates - TelegramConflictError: Telegram server says - Conflict: terminated by other getUpdates request; make sure that only one bot instance is running
Sleep for 4.800452 seconds and try again... (tryings = 98, bot id = 8746092424)
Failed to fetch updates - TelegramConflictError: Telegram server says - Conflict: terminated by other getUpdates request; make sure that only one bot instance is running
Sleep for 5.270799 seconds and try again... (tryings = 99, bot id = 8746092424)
Failed to fetch updates - TelegramConflictError: Telegram server says - Conflict: terminated by other getUpdates request; make sure that only one bot instance is running
Sleep for 4.839850 seconds and try again... (tryings = 100, bot id = 8746092424)
Failed to fetch updates - TelegramConflictError: Telegram server says - Conflict: terminated by other getUpdates request; make sure that only one bot instance is running
Sleep for 5.112481 seconds and try again... (tryings = 101, bot id = 8746092424)
Failed to fetch updates - TelegramConflictError: Telegram server says - Conflict: terminated by other getUpdates request; make sure that only one bot instance is running
Sleep for 4.973512 seconds and try again... (tryings = 102, bot id = 8746092424)
Failed to fetch updates - TelegramConflictError: Telegram server says - Conflict: terminated by other getUpdates request; make sure that only one bot instance is running
Sleep for 5.209212 seconds and try again... (tryings = 103, bot id = 8746092424)
Failed to fetch updates - TelegramConflictError: Telegram server says - Conflict: terminated by other getUpdates request; make sure that only one bot instance is running
Sleep for 4.911180 seconds and try again... (tryings = 104, bot id = 8746092424)
Failed to fetch updates - TelegramConflictError: Telegram server says - Conflict: terminated by other getUpdates request; make sure that only one bot instance is running
Sleep for 5.102813 seconds and try again... (tryings = 105, bot id = 8746092424)
Failed to fetch updates - TelegramConflictError: Telegram server says - Conflict: terminated by other getUpdates request; make sure that only one bot instance is running
Sleep for 4.960556 seconds and try again... (tryings = 106, bot id = 8746092424)
Failed to fetch updates - TelegramConflictError: Telegram server says - Conflict: terminated by other getUpdates request; make sure that only one bot instance is running
Sleep for 4.950033 seconds and try again... (tryings = 107, bot id = 8746092424)
Failed to fetch updates - TelegramConflictError: Telegram server says - Conflict: terminated by other getUpdates request; make sure that only one bot instance is running
Sleep for 4.954764 seconds and try again... (tryings = 108, bot id = 8746092424)
Failed to fetch updates - TelegramConflictError: Telegram server says - Conflict: terminated by other getUpdates request; make sure that only one bot instance is running
Sleep for 5.075492 seconds and try again... (tryings = 109, bot id = 8746092424)
Failed to fetch updates - TelegramConflictError: Telegram server says - Conflict: terminated by other getUpdates request; make sure that only one bot instance is running
Sleep for 5.007381 seconds and try again... (tryings = 110, bot id = 8746092424)
Failed to fetch updates - TelegramConflictError: Telegram server says - Conflict: terminated by other getUpdates request; make sure that only one bot instance is running
Sleep for 4.830488 seconds and try again... (tryings = 111, bot id = 8746092424)
Failed to fetch updates - TelegramConflictError: Telegram server says - Conflict: terminated by other getUpdates request; make sure that only one bot instance is running
Sleep for 4.941337 seconds and try again... (tryings = 112, bot id = 8746092424)
Failed to fetch updates - TelegramConflictError: Telegram server says - Conflict: terminated by other getUpdates request; make sure that only one bot instance is running
Sleep for 4.914313 seconds and try again... (tryings = 113, bot id = 8746092424)
Failed to fetch updates - TelegramConflictError: Telegram server says - Conflict: terminated by other getUpdates request; make sure that only one bot instance is running
Sleep for 4.624796 seconds and try again... (tryings = 114, bot id = 8746092424)
Failed to fetch updates - TelegramConflictError: Telegram server says - Conflict: terminated by other getUpdates request; make sure that only one bot instance is running
Sleep for 5.083394 seconds and try again... (tryings = 115, bot id = 8746092424)
Failed to fetch updates - TelegramConflictError: Telegram server says - Conflict: terminated by other getUpdates request; make sure that only one bot instance is running
Sleep for 4.930396 seconds and try again... (tryings = 116, bot id = 8746092424)
Failed to fetch updates - TelegramConflictError: Telegram server says - Conflict: terminated by other getUpdates request; make sure that only one bot instance is running
Sleep for 4.863306 seconds and try again... (tryings = 117, bot id = 8746092424)
Failed to fetch updates - TelegramConflictError: Telegram server says - Conflict: terminated by other getUpdates request; make sure that only one bot instance is running
Sleep for 5.031913 seconds and try again... (tryings = 118, bot id = 8746092424)
Failed to fetch updates - TelegramConflictError: Telegram server says - Conflict: terminated by other getUpdates request; make sure that only one bot instance is running
Sleep for 5.189992 seconds and try again... (tryings = 119, bot id = 8746092424)
Failed to fetch updates - TelegramConflictError: Telegram server says - Conflict: terminated by other getUpdates request; make sure that only one bot instance is running
Sleep for 4.810617 seconds and try again... (tryings = 120, bot id = 8746092424)
Failed to fetch updates - TelegramConflictError: Telegram server says - Conflict: terminated by other getUpdates request; make sure that only one bot instance is running
Sleep for 5.007848 seconds and try again... (tryings = 121, bot id = 8746092424)
Failed to fetch updates - TelegramConflictError: Telegram server says - Conflict: terminated by other getUpdates request; make sure that only one bot instance is running
Sleep for 4.937059 seconds and try again... (tryings = 122, bot id = 8746092424)
Failed to fetch updates - TelegramConflictError: Telegram server says - Conflict: terminated by other getUpdates request; make sure that only one bot instance is running
Sleep for 5.103261 seconds and try again... (tryings = 123, bot id = 8746092424)
Failed to fetch updates - TelegramConflictError: Telegram server says - Conflict: terminated by other getUpdates request; make sure that only one bot instance is running
Sleep for 5.166209 seconds and try again... (tryings = 124, bot id = 8746092424)
Failed to fetch updates - TelegramConflictError: Telegram server says - Conflict: terminated by other getUpdates request; make sure that only one bot instance is running
Sleep for 4.942405 seconds and try again... (tryings = 125, bot id = 8746092424)
Failed to fetch updates - TelegramConflictError: Telegram server says - Conflict: terminated by other getUpdates request; make sure that only one bot instance is running
Sleep for 4.827416 seconds and try again... (tryings = 126, bot id = 8746092424)
Failed to fetch updates - TelegramConflictError: Telegram server says - Conflict: terminated by other getUpdates request; make sure that only one bot instance is running
Sleep for 4.760531 seconds and try again... (tryings = 127, bot id = 8746092424)
Failed to fetch updates - TelegramConflictError: Telegram server says - Conflict: terminated by other getUpdates request; make sure that only one bot instance is running
Sleep for 5.088867 seconds and try again... (tryings = 128, bot id = 8746092424)
Failed to fetch updates - TelegramConflictError: Telegram server says - Conflict: terminated by other getUpdates request; make sure that only one bot instance is running
Sleep for 4.858751 seconds and try again... (tryings = 129, bot id = 8746092424)
Failed to fetch updates - TelegramConflictError: Telegram server says - Conflict: terminated by other getUpdates request; make sure that only one bot instance is running
Sleep for 4.758555 seconds and try again... (tryings = 130, bot id = 8746092424)
Failed to fetch updates - TelegramConflictError: Telegram server says - Conflict: terminated by other getUpdates request; make sure that only one bot instance is running
Sleep for 4.946046 seconds and try again... (tryings = 131, bot id = 8746092424)
Failed to fetch updates - TelegramConflictError: Telegram server says - Conflict: terminated by other getUpdates request; make sure that only one bot instance is running
Sleep for 5.047534 seconds and try again... (tryings = 132, bot id = 8746092424)
Failed to fetch updates - TelegramConflictError: Telegram server says - Conflict: terminated by other getUpdates request; make sure that only one bot instance is running
Sleep for 4.876668 seconds and try again... (tryings = 133, bot id = 8746092424)
Failed to fetch updates - TelegramConflictError: Telegram server says - Conflict: terminated by other getUpdates request; make sure that only one bot instance is running
Sleep for 4.823571 seconds and try again... (tryings = 134, bot id = 8746092424)
Failed to fetch updates - TelegramConflictError: Telegram server says - Conflict: terminated by other getUpdates request; make sure that only one bot instance is running
Sleep for 4.931307 seconds and try again... (tryings = 135, bot id = 8746092424)
Failed to fetch updates - TelegramConflictError: Telegram server says - Conflict: terminated by other getUpdates request; make sure that only one bot instance is running
Sleep for 4.936702 seconds and try again... (tryings = 136, bot id = 8746092424)
Failed to fetch updates - TelegramConflictError: Telegram server says - Conflict: terminated by other getUpdates request; make sure that only one bot instance is running
Sleep for 5.223568 seconds and try again... (tryings = 137, bot id = 8746092424)
Failed to fetch updates - TelegramConflictError: Telegram server says - Conflict: terminated by other getUpdates request; make sure that only one bot instance is running
Sleep for 5.001719 seconds and try again... (tryings = 138, bot id = 8746092424)
Failed to fetch updates - TelegramConflictError: Telegram server says - Conflict: terminated by other getUpdates request; make sure that only one bot instance is running
Sleep for 5.016643 seconds and try again... (tryings = 139, bot id = 8746092424)
Failed to fetch updates - TelegramConflictError: Telegram server says - Conflict: terminated by other getUpdates request; make sure that only one bot instance is running
Sleep for 4.956587 seconds and try again... (tryings = 140, bot id = 8746092424)
Failed to fetch updates - TelegramConflictError: Telegram server says - Conflict: terminated by other getUpdates request; make sure that only one bot instance is running
Sleep for 4.838261 seconds and try again... (tryings = 141, bot id = 8746092424)
Failed to fetch updates - TelegramConflictError: Telegram server says - Conflict: terminated by other getUpdates request; make sure that only one bot instance is running
Sleep for 5.132269 seconds and try again... (tryings = 142, bot id = 8746092424)
Failed to fetch updates - TelegramConflictError: Telegram server says - Conflict: terminated by other getUpdates request; make sure that only one bot instance is running
Sleep for 4.860652 seconds and try again... (tryings = 143, bot id = 8746092424)
Failed to fetch updates - TelegramConflictError: Telegram server says - Conflict: terminated by other getUpdates request; make sure that only one bot instance is running
Sleep for 4.847058 seconds and try again... (tryings = 144, bot id = 8746092424)
Failed to fetch updates - TelegramConflictError: Telegram server says - Conflict: terminated by other getUpdates request; make sure that only one bot instance is running
Sleep for 5.173956 seconds and try again... (tryings = 145, bot id = 8746092424)
Failed to fetch updates - TelegramConflictError: Telegram server says - Conflict: terminated by other getUpdates request; make sure that only one bot instance is running
Sleep for 4.958576 seconds and try again... (tryings = 146, bot id = 8746092424)
Failed to fetch updates - TelegramConflictError: Telegram server says - Conflict: terminated by other getUpdates request; make sure that only one bot instance is running
Sleep for 5.129478 seconds and try again... (tryings = 147, bot id = 8746092424)
Failed to fetch updates - TelegramConflictError: Telegram server says - Conflict: terminated by other getUpdates request; make sure that only one bot instance is running
Sleep for 4.898526 seconds and try again... (tryings = 148, bot id = 8746092424)
Failed to fetch updates - TelegramConflictError: Telegram server says - Conflict: terminated by other getUpdates request; make sure that only one bot instance is running
Sleep for 5.013793 seconds and try again... (tryings = 149, bot id = 8746092424)
Failed to fetch updates - TelegramConflictError: Telegram server says - Conflict: terminated by other getUpdates request; make sure that only one bot instance is running
Sleep for 4.954914 seconds and try again... (tryings = 150, bot id = 8746092424)
Failed to fetch updates - TelegramConflictError: Telegram server says - Conflict: terminated by other getUpdates request; make sure that only one bot instance is running
Sleep for 4.987211 seconds and try again... (tryings = 151, bot id = 8746092424)
Failed to fetch updates - TelegramConflictError: Telegram server says - Conflict: terminated by other getUpdates request; make sure that only one bot instance is running
Sleep for 4.967926 seconds and try again... (tryings = 152, bot id = 8746092424)
Failed to fetch updates - TelegramConflictError: Telegram server says - Conflict: terminated by other getUpdates request; make sure that only one bot instance is running
Sleep for 5.100662 seconds and try again... (tryings = 153, bot id = 8746092424)
Failed to fetch updates - TelegramConflictError: Telegram server says - Conflict: terminated by other getUpdates request; make sure that only one bot instance is running
Sleep for 4.985017 seconds and try again... (tryings = 154, bot id = 8746092424)
{"updated": 6, "event": "sync_traffic.done", "level": "info", "timestamp": "2026-09-05T17:05:03.254503Z"}
Failed to fetch updates - TelegramConflictError: Telegram server says - Conflict: terminated by other getUpdates request; make sure that only one bot instance is running
Sleep for 4.965368 seconds and try again... (tryings = 155, bot id = 8746092424)
Failed to fetch updates - TelegramConflictError: Telegram server says - Conflict: terminated by other getUpdates request; make sure that only one bot instance is running
Sleep for 4.940137 seconds and try again... (tryings = 156, bot id = 8746092424)
Failed to fetch updates - TelegramConflictError: Telegram server says - Conflict: terminated by other getUpdates request; make sure that only one bot instance is running
Sleep for 4.968870 seconds and try again... (tryings = 157, bot id = 8746092424)
Connection established (tryings = 158, bot id = 8746092424)
{"updated": 6, "event": "sync_traffic.done", "level": "info", "timestamp": "2026-09-05T17:20:03.240089Z"}
{"updated": 6, "event": "sync_traffic.done", "level": "info", "timestamp": "2026-09-05T17:35:02.217957Z"}
{"updated": 6, "event": "sync_traffic.done", "level": "info", "timestamp": "2026-09-05T17:50:03.192882Z"}
{"updated": 6, "event": "sync_traffic.done", "level": "info", "timestamp": "2026-09-05T18:05:02.173639Z"}
{"updated": 6, "event": "sync_traffic.done", "level": "info", "timestamp": "2026-09-05T18:20:03.120424Z"}
{"updated": 6, "event": "sync_traffic.done", "level": "info", "timestamp": "2026-09-05T18:35:02.146865Z"}
{"updated": 6, "event": "sync_traffic.done", "level": "info", "timestamp": "2026-09-05T18:50:10.893050Z"}
{"updated": 6, "event": "sync_traffic.done", "level": "info", "timestamp": "2026-09-05T19:05:02.118838Z"}
{"updated": 6, "event": "sync_traffic.done", "level": "info", "timestamp": "2026-09-05T19:20:02.213319Z"}
{"updated": 6, "event": "sync_traffic.done", "level": "info", "timestamp": "2026-09-05T19:35:02.191460Z"}
{"updated": 6, "event": "sync_traffic.done", "level": "info", "timestamp": "2026-09-05T19:50:02.198820Z"}
Update id=711252053 is handled. Duration 252 ms by bot id=8746092424
Update id=711252054 is handled. Duration 217 ms by bot id=8746092424
Update id=711252055 is handled. Duration 100 ms by bot id=8746092424
Update id=711252056 is handled. Duration 135 ms by bot id=8746092424
Update id=711252057 is handled. Duration 79 ms by bot id=8746092424
{"updated": 6, "event": "sync_traffic.done", "level": "info", "timestamp": "2026-09-05T20:05:03.223720Z"}
{"updated": 6, "event": "sync_traffic.done", "level": "info", "timestamp": "2026-09-05T20:20:02.172080Z"}
{"updated": 6, "event": "sync_traffic.done", "level": "info", "timestamp": "2026-09-05T20:35:03.180339Z"}
{"updated": 6, "event": "sync_traffic.done", "level": "info", "timestamp": "2026-09-05T20:50:02.181417Z"}
{"updated": 6, "event": "sync_traffic.done", "level": "info", "timestamp": "2026-09-05T21:05:02.179039Z"}
{"updated": 6, "event": "sync_traffic.done", "level": "info", "timestamp": "2026-09-05T21:20:02.147687Z"}
{"updated": 6, "event": "sync_traffic.done", "level": "info", "timestamp": "2026-09-05T21:35:02.149723Z"}
{"updated": 6, "event": "sync_traffic.done", "level": "info", "timestamp": "2026-09-05T21:50:02.094706Z"}
{"updated": 6, "event": "sync_traffic.done", "level": "info", "timestamp": "2026-09-05T22:05:02.083552Z"}
{"updated": 6, "event": "sync_traffic.done", "level": "info", "timestamp": "2026-09-05T22:20:02.148826Z"}
{"updated": 6, "event": "sync_traffic.done", "level": "info", "timestamp": "2026-09-05T22:35:01.466121Z"}
{"updated": 6, "event": "sync_traffic.done", "level": "info", "timestamp": "2026-09-05T22:50:02.109498Z"}
{"updated": 6, "event": "sync_traffic.done", "level": "info", "timestamp": "2026-09-05T23:05:01.367235Z"}
{"updated": 6, "event": "sync_traffic.done", "level": "info", "timestamp": "2026-09-05T23:20:02.110924Z"}
Update id=711252058 is handled. Duration 150 ms by bot id=8746092424
{"updated": 6, "event": "sync_traffic.done", "level": "info", "timestamp": "2026-09-05T23:35:02.074351Z"}
Update id=711252059 is handled. Duration 185 ms by bot id=8746092424
Update id=711252060 is handled. Duration 87 ms by bot id=8746092424
{"updated": 6, "event": "sync_traffic.done", "level": "info", "timestamp": "2026-09-05T23:50:01.309942Z"}
{"updated": 6, "event": "sync_traffic.done", "level": "info", "timestamp": "2026-09-06T00:05:01.337673Z"}
{"updated": 6, "event": "sync_traffic.done", "level": "info", "timestamp": "2026-09-06T00:20:01.393453Z"}
{"updated": 6, "event": "sync_traffic.done", "level": "info", "timestamp": "2026-09-06T00:35:01.332610Z"}
{"updated": 6, "event": "sync_traffic.done", "level": "info", "timestamp": "2026-09-06T00:50:02.104080Z"}
{"updated": 6, "event": "sync_traffic.done", "level": "info", "timestamp": "2026-09-06T01:05:01.304938Z"}
{"updated": 6, "event": "sync_traffic.done", "level": "info", "timestamp": "2026-09-06T01:20:01.395848Z"}
{"updated": 6, "event": "sync_traffic.done", "level": "info", "timestamp": "2026-09-06T01:35:01.360315Z"}
{"updated": 6, "event": "sync_traffic.done", "level": "info", "timestamp": "2026-09-06T01:50:01.370291Z"}
{"updated": 6, "event": "sync_traffic.done", "level": "info", "timestamp": "2026-09-06T02:05:01.369403Z"}
{"updated": 6, "event": "sync_traffic.done", "level": "info", "timestamp": "2026-09-06T02:20:01.338003Z"}
{"updated": 6, "event": "sync_traffic.done", "level": "info", "timestamp": "2026-09-06T02:35:01.435819Z"}
{"updated": 6, "event": "sync_traffic.done", "level": "info", "timestamp": "2026-09-06T02:50:02.162855Z"}
{"updated": 6, "event": "sync_traffic.done", "level": "info", "timestamp": "2026-09-06T03:05:01.333676Z"}
{"updated": 6, "event": "sync_traffic.done", "level": "info", "timestamp": "2026-09-06T03:20:01.524860Z"}
{"updated": 6, "event": "sync_traffic.done", "level": "info", "timestamp": "2026-09-06T03:35:02.109879Z"}
{"updated": 6, "event": "sync_traffic.done", "level": "info", "timestamp": "2026-09-06T03:50:02.115767Z"}
{"updated": 6, "event": "sync_traffic.done", "level": "info", "timestamp": "2026-09-06T04:05:01.399424Z"}
{"updated": 6, "event": "sync_traffic.done", "level": "info", "timestamp": "2026-09-06T04:20:02.115104Z"}
{"updated": 6, "event": "sync_traffic.done", "level": "info", "timestamp": "2026-09-06T04:35:01.343326Z"}
{"updated": 6, "event": "sync_traffic.done", "level": "info", "timestamp": "2026-09-06T04:50:02.102844Z"}
{"updated": 6, "event": "sync_traffic.done", "level": "info", "timestamp": "2026-09-06T05:05:02.147974Z"}
{"updated": 6, "event": "sync_traffic.done", "level": "info", "timestamp": "2026-09-06T05:20:01.562798Z"}
{"updated": 6, "event": "sync_traffic.done", "level": "info", "timestamp": "2026-09-06T05:35:01.402403Z"}
{"updated": 6, "event": "sync_traffic.done", "level": "info", "timestamp": "2026-09-06T05:50:02.103403Z"}
{"updated": 6, "event": "sync_traffic.done", "level": "info", "timestamp": "2026-09-06T06:05:02.156334Z"}
{"updated": 6, "event": "sync_traffic.done", "level": "info", "timestamp": "2026-09-06T06:20:02.141886Z"}
{"updated": 6, "event": "sync_traffic.done", "level": "info", "timestamp": "2026-09-06T06:35:02.164640Z"}
{"updated": 6, "event": "sync_traffic.done", "level": "info", "timestamp": "2026-09-06T06:50:02.208471Z"}
{"updated": 6, "event": "sync_traffic.done", "level": "info", "timestamp": "2026-09-06T07:05:02.145885Z"}
{"updated": 6, "event": "sync_traffic.done", "level": "info", "timestamp": "2026-09-06T07:20:03.112297Z"}
{"updated": 6, "event": "sync_traffic.done", "level": "info", "timestamp": "2026-09-06T07:35:02.169887Z"}
{"updated": 6, "event": "sync_traffic.done", "level": "info", "timestamp": "2026-09-06T07:50:03.151116Z"}
{"updated": 6, "event": "sync_traffic.done", "level": "info", "timestamp": "2026-09-06T08:05:03.158644Z"}
{"updated": 6, "event": "sync_traffic.done", "level": "info", "timestamp": "2026-09-06T08:20:03.181774Z"}
{"updated": 6, "event": "sync_traffic.done", "level": "info", "timestamp": "2026-09-06T08:35:01.508529Z"}
{"updated": 6, "event": "sync_traffic.done", "level": "info", "timestamp": "2026-09-06T08:50:02.167259Z"}
{"updated": 6, "event": "sync_traffic.done", "level": "info", "timestamp": "2026-09-06T09:05:02.179539Z"}
{"updated": 6, "event": "sync_traffic.done", "level": "info", "timestamp": "2026-09-06T09:20:03.081361Z"}
{"updated": 6, "event": "sync_traffic.done", "level": "info", "timestamp": "2026-09-06T09:35:01.371840Z"}
{"updated": 6, "event": "sync_traffic.done", "level": "info", "timestamp": "2026-09-06T09:50:01.400021Z"}
{"updated": 6, "event": "sync_traffic.done", "level": "info", "timestamp": "2026-09-06T10:05:02.072214Z"}
{"updated": 6, "event": "sync_traffic.done", "level": "info", "timestamp": "2026-09-06T10:20:01.767952Z"}
{"updated": 6, "event": "sync_traffic.done", "level": "info", "timestamp": "2026-09-06T10:35:01.069769Z"}
Update id=711252061 is handled. Duration 168 ms by bot id=8746092424
Update id=711252062 is handled. Duration 168 ms by bot id=8746092424
Update id=711252063 is handled. Duration 124 ms by bot id=8746092424
Update id=711252064 is handled. Duration 145 ms by bot id=8746092424
Update id=711252065 is handled. Duration 148 ms by bot id=8746092424
Update id=711252066 is handled. Duration 140 ms by bot id=8746092424
Update id=711252067 is handled. Duration 121 ms by bot id=8746092424
{"updated": 6, "event": "sync_traffic.done", "level": "info", "timestamp": "2026-09-06T10:50:04.145721Z"}
{"updated": 6, "event": "sync_traffic.done", "level": "info", "timestamp": "2026-09-06T11:05:03.177185Z"}
{"updated": 6, "event": "sync_traffic.done", "level": "info", "timestamp": "2026-09-06T11:20:03.241365Z"}
{"updated": 6, "event": "sync_traffic.done", "level": "info", "timestamp": "2026-09-06T11:35:02.128285Z"}
{"updated": 6, "event": "sync_traffic.done", "level": "info", "timestamp": "2026-09-06T11:50:03.120932Z"}
{"updated": 6, "event": "sync_traffic.done", "level": "info", "timestamp": "2026-09-06T12:05:02.116364Z"}
{"updated": 6, "event": "sync_traffic.done", "level": "info", "timestamp": "2026-09-06T12:20:01.634416Z"}
{"updated": 6, "event": "sync_traffic.done", "level": "info", "timestamp": "2026-09-06T12:35:03.119124Z"}
{"updated": 6, "event": "sync_traffic.done", "level": "info", "timestamp": "2026-09-06T12:50:01.441027Z"}
{"updated": 6, "event": "sync_traffic.done", "level": "info", "timestamp": "2026-09-06T13:05:02.120780Z"}
{"updated": 6, "event": "sync_traffic.done", "level": "info", "timestamp": "2026-09-06T13:20:02.159510Z"}
{"updated": 6, "event": "sync_traffic.done", "level": "info", "timestamp": "2026-09-06T13:35:02.162952Z"}
{"updated": 6, "event": "sync_traffic.done", "level": "info", "timestamp": "2026-09-06T13:50:02.178563Z"}
{"updated": 6, "event": "sync_traffic.done", "level": "info", "timestamp": "2026-09-06T14:05:02.168338Z"}
{"updated": 6, "event": "sync_traffic.done", "level": "info", "timestamp": "2026-09-06T14:20:02.106490Z"}
{"updated": 6, "event": "sync_traffic.done", "level": "info", "timestamp": "2026-09-06T14:35:02.142204Z"}
{"updated": 6, "event": "sync_traffic.done", "level": "info", "timestamp": "2026-09-06T14:50:02.109566Z"}
Update id=711252068 is handled. Duration 237 ms by bot id=8746092424
Update id=711252069 is handled. Duration 209 ms by bot id=8746092424
Update id=711252070 is handled. Duration 237 ms by bot id=8746092424
Update id=711252071 is handled. Duration 125 ms by bot id=8746092424
Update id=711252072 is handled. Duration 124 ms by bot id=8746092424
Update id=711252073 is handled. Duration 225 ms by bot id=8746092424
Update id=711252074 is handled. Duration 235 ms by bot id=8746092424
{"sub_id": 14, "email": "tg8468512348-aa6853d6", "server": "fr-1", "plan": "12m", "event": "grant.ok", "level": "info", "timestamp": "2026-09-06T14:52:32.626458Z"}
Update id=711252075 is handled. Duration 813 ms by bot id=8746092424
{"updated": 7, "event": "sync_traffic.done", "level": "info", "timestamp": "2026-09-06T15:05:01.239052Z"}
{"updated": 7, "event": "sync_traffic.done", "level": "info", "timestamp": "2026-09-06T15:20:02.176350Z"}
Update id=711252076 is handled. Duration 196 ms by bot id=8746092424
Update id=711252077 is handled. Duration 121 ms by bot id=8746092424
Update id=711252078 is handled. Duration 105 ms by bot id=8746092424
Update id=711252079 is handled. Duration 177 ms by bot id=8746092424
Update id=711252080 is handled. Duration 115 ms by bot id=8746092424
{"updated": 7, "event": "sync_traffic.done", "level": "info", "timestamp": "2026-09-06T15:35:02.169887Z"}
{"updated": 7, "event": "sync_traffic.done", "level": "info", "timestamp": "2026-09-06T15:50:02.111585Z"}
Update id=711252081 is handled. Duration 281 ms by bot id=8746092424
Update id=711252082 is handled. Duration 166 ms by bot id=8746092424
Update id=711252083 is handled. Duration 189 ms by bot id=8746092424
Update id=711252084 is handled. Duration 152 ms by bot id=8746092424
Update id=711252085 is handled. Duration 178 ms by bot id=8746092424
Update id=711252086 is handled. Duration 204 ms by bot id=8746092424
Update id=711252087 is handled. Duration 260 ms by bot id=8746092424
Update id=711252088 is handled. Duration 165 ms by bot id=8746092424
Update id=711252089 is handled. Duration 198 ms by bot id=8746092424
Update id=711252090 is handled. Duration 190 ms by bot id=8746092424
Update id=711252091 is handled. Duration 171 ms by bot id=8746092424
Update id=711252092 is handled. Duration 133 ms by bot id=8746092424
Update id=711252093 is handled. Duration 171 ms by bot id=8746092424
Update id=711252094 is handled. Duration 147 ms by bot id=8746092424
Update id=711252095 is handled. Duration 176 ms by bot id=8746092424
Update id=711252096 is handled. Duration 156 ms by bot id=8746092424
Update id=711252097 is handled. Duration 448 ms by bot id=8746092424
Update id=711252098 is handled. Duration 202 ms by bot id=8746092424
{"updated": 7, "event": "sync_traffic.done", "level": "info", "timestamp": "2026-09-06T16:05:01.686656Z"}
{"updated": 7, "event": "sync_traffic.done", "level": "info", "timestamp": "2026-09-06T16:20:02.158830Z"}
{"updated": 7, "event": "sync_traffic.done", "level": "info", "timestamp": "2026-09-06T16:35:02.161740Z"}
{"updated": 7, "event": "sync_traffic.done", "level": "info", "timestamp": "2026-09-06T16:50:02.175116Z"}
{"updated": 7, "event": "sync_traffic.done", "level": "info", "timestamp": "2026-09-06T17:05:02.093429Z"}
{"updated": 7, "event": "sync_traffic.done", "level": "info", "timestamp": "2026-09-06T17:20:02.181193Z"}
{"updated": 7, "event": "sync_traffic.done", "level": "info", "timestamp": "2026-09-06T17:35:01.536412Z"}
{"updated": 7, "event": "sync_traffic.done", "level": "info", "timestamp": "2026-09-06T17:50:03.177075Z"}
{"updated": 7, "event": "sync_traffic.done", "level": "info", "timestamp": "2026-09-06T18:05:03.140077Z"}
{"updated": 7, "event": "sync_traffic.done", "level": "info", "timestamp": "2026-09-06T18:20:02.174263Z"}
{"updated": 7, "event": "sync_traffic.done", "level": "info", "timestamp": "2026-09-06T18:35:02.229511Z"}
{"updated": 7, "event": "sync_traffic.done", "level": "info", "timestamp": "2026-09-06T18:50:02.190486Z"}
{"updated": 7, "event": "sync_traffic.done", "level": "info", "timestamp": "2026-09-06T19:05:03.135989Z"}
{"updated": 7, "event": "sync_traffic.done", "level": "info", "timestamp": "2026-09-06T19:20:02.179704Z"}
{"updated": 7, "event": "sync_traffic.done", "level": "info", "timestamp": "2026-09-06T19:35:01.662106Z"}
{"updated": 7, "event": "sync_traffic.done", "level": "info", "timestamp": "2026-09-06T19:50:02.157957Z"}
{"updated": 7, "event": "sync_traffic.done", "level": "info", "timestamp": "2026-09-06T20:05:02.207113Z"}
{"updated": 7, "event": "sync_traffic.done", "level": "info", "timestamp": "2026-09-06T20:20:02.174839Z"}
{"updated": 7, "event": "sync_traffic.done", "level": "info", "timestamp": "2026-09-06T20:35:02.166241Z"}
{"updated": 7, "event": "sync_traffic.done", "level": "info", "timestamp": "2026-09-06T20:50:02.117446Z"}
Update id=711252099 is handled. Duration 247 ms by bot id=8746092424
{"updated": 7, "event": "sync_traffic.done", "level": "info", "timestamp": "2026-09-06T21:05:03.119016Z"}
{"job": "reconcile_payments", "err": "", "tb": "-packages/httpx/_client.py\", line 1585, in request\n    return await self.send(request, auth=auth, follow_redirects=follow_redirects)\n           ^^^^^^^^^^^^^^^^^^^^^^^^^^^^^^^^^^^^^^^^^^^^^^^^^^^^^^^^^^^^^^^^^^^^^^\n  File \"/opt/vpn_tg/.venv/lib/python3.12/site-packages/httpx/_client.py\", line 1674, in send\n    response = await self._send_handling_auth(\n               ^^^^^^^^^^^^^^^^^^^^^^^^^^^^^^^\n  File \"/opt/vpn_tg/.venv/lib/python3.12/site-packages/httpx/_client.py\", line 1702, in _send_handling_auth\n    response = await self._send_handling_redirects(\n               ^^^^^^^^^^^^^^^^^^^^^^^^^^^^^^^^^^^^\n  File \"/opt/vpn_tg/.venv/lib/python3.12/site-packages/httpx/_client.py\", line 1739, in _send_handling_redirects\n    response = await self._send_single_request(request)\n               ^^^^^^^^^^^^^^^^^^^^^^^^^^^^^^^^^^^^^^^^\n  File \"/opt/vpn_tg/.venv/lib/python3.12/site-packages/httpx/_client.py\", line 1776, in _send_single_request\n    response = await transport.handle_async_request(request)\n               ^^^^^^^^^^^^^^^^^^^^^^^^^^^^^^^^^^^^^^^^^^^^^\n  File \"/opt/vpn_tg/.venv/lib/python3.12/site-packages/httpx/_transports/default.py\", line 376, in handle_async_request\n    with map_httpcore_exceptions():\n  File \"/usr/lib/python3.12/contextlib.py\", line 158, in __exit__\n    self.gen.throw(value)\n  File \"/opt/vpn_tg/.venv/lib/python3.12/site-packages/httpx/_transports/default.py\", line 89, in map_httpcore_exceptions\n    raise mapped_exc(message) from exc\nhttpx.ConnectTimeout\n", "event": "job.failed", "level": "error", "timestamp": "2026-09-06T21:05:14.608771Z"}
Job "reconcile_payments (trigger: interval[0:05:00], next run at: 2026-09-06 21:09:59 UTC)" raised an exception
Traceback (most recent call last):
  File "/opt/vpn_tg/.venv/lib/python3.12/site-packages/httpx/_transports/default.py", line 72, in map_httpcore_exceptions
    yield
  File "/opt/vpn_tg/.venv/lib/python3.12/site-packages/httpx/_transports/default.py", line 377, in handle_async_request
    resp = await self._pool.handle_async_request(req)
           ^^^^^^^^^^^^^^^^^^^^^^^^^^^^^^^^^^^^^^^^^^
  File "/opt/vpn_tg/.venv/lib/python3.12/site-packages/httpcore/_async/connection_pool.py", line 256, in handle_async_request
    raise exc from None
  File "/opt/vpn_tg/.venv/lib/python3.12/site-packages/httpcore/_async/connection_pool.py", line 236, in handle_async_request
    response = await connection.handle_async_request(
               ^^^^^^^^^^^^^^^^^^^^^^^^^^^^^^^^^^^^^^
  File "/opt/vpn_tg/.venv/lib/python3.12/site-packages/httpcore/_async/connection.py", line 101, in handle_async_request
    raise exc
  File "/opt/vpn_tg/.venv/lib/python3.12/site-packages/httpcore/_async/connection.py", line 78, in handle_async_request
    stream = await self._connect(request)
             ^^^^^^^^^^^^^^^^^^^^^^^^^^^^
  File "/opt/vpn_tg/.venv/lib/python3.12/site-packages/httpcore/_async/connection.py", line 156, in _connect
    stream = await stream.start_tls(**kwargs)
             ^^^^^^^^^^^^^^^^^^^^^^^^^^^^^^^^
  File "/opt/vpn_tg/.venv/lib/python3.12/site-packages/httpcore/_backends/anyio.py", line 67, in start_tls
    with map_exceptions(exc_map):
  File "/usr/lib/python3.12/contextlib.py", line 158, in __exit__
    self.gen.throw(value)
  File "/opt/vpn_tg/.venv/lib/python3.12/site-packages/httpcore/_exceptions.py", line 14, in map_exceptions
    raise to_exc(exc) from exc
httpcore.ConnectTimeout

The above exception was the direct cause of the following exception:

Traceback (most recent call last):
  File "/opt/vpn_tg/.venv/lib/python3.12/site-packages/apscheduler/executors/base_py3.py", line 30, in run_coroutine_job
    retval = await job.func(*job.args, **job.kwargs)
             ^^^^^^^^^^^^^^^^^^^^^^^^^^^^^^^^^^^^^^^
  File "/opt/vpn_tg/app/tasks/scheduler.py", line 34, in wrapper
    return await fn(*args, **kwargs)
           ^^^^^^^^^^^^^^^^^^^^^^^^^
  File "/opt/vpn_tg/app/tasks/jobs/__init__.py", line 183, in reconcile_payments
    return await reconcile_pending(session_factory, bot)
           ^^^^^^^^^^^^^^^^^^^^^^^^^^^^^^^^^^^^^^^^^^^^^
  File "/opt/vpn_tg/app/handlers/payments_yookassa.py", line 109, in reconcile_pending
    succeeded, _data = await yk.is_succeeded(str(api_id))
                       ^^^^^^^^^^^^^^^^^^^^^^^^^^^^^^^^^^
  File "/opt/vpn_tg/app/services/payments/yookassa.py", line 93, in is_succeeded
    data = await self.get_payment(payment_api_id)
           ^^^^^^^^^^^^^^^^^^^^^^^^^^^^^^^^^^^^^^
  File "/opt/vpn_tg/app/services/payments/yookassa.py", line 87, in get_payment
    resp = await self._http.get(f"/payments/{payment_api_id}", headers=self._auth_headers())
           ^^^^^^^^^^^^^^^^^^^^^^^^^^^^^^^^^^^^^^^^^^^^^^^^^^^^^^^^^^^^^^^^^^^^^^^^^^^^^^^^^
  File "/opt/vpn_tg/.venv/lib/python3.12/site-packages/httpx/_client.py", line 1814, in get
    return await self.request(
           ^^^^^^^^^^^^^^^^^^^
  File "/opt/vpn_tg/.venv/lib/python3.12/site-packages/httpx/_client.py", line 1585, in request
    return await self.send(request, auth=auth, follow_redirects=follow_redirects)
           ^^^^^^^^^^^^^^^^^^^^^^^^^^^^^^^^^^^^^^^^^^^^^^^^^^^^^^^^^^^^^^^^^^^^^^
  File "/opt/vpn_tg/.venv/lib/python3.12/site-packages/httpx/_client.py", line 1674, in send
    response = await self._send_handling_auth(
               ^^^^^^^^^^^^^^^^^^^^^^^^^^^^^^^
  File "/opt/vpn_tg/.venv/lib/python3.12/site-packages/httpx/_client.py", line 1702, in _send_handling_auth
    response = await self._send_handling_redirects(
               ^^^^^^^^^^^^^^^^^^^^^^^^^^^^^^^^^^^^
  File "/opt/vpn_tg/.venv/lib/python3.12/site-packages/httpx/_client.py", line 1739, in _send_handling_redirects
    response = await self._send_single_request(request)
               ^^^^^^^^^^^^^^^^^^^^^^^^^^^^^^^^^^^^^^^^
  File "/opt/vpn_tg/.venv/lib/python3.12/site-packages/httpx/_client.py", line 1776, in _send_single_request
    response = await transport.handle_async_request(request)
               ^^^^^^^^^^^^^^^^^^^^^^^^^^^^^^^^^^^^^^^^^^^^^
  File "/opt/vpn_tg/.venv/lib/python3.12/site-packages/httpx/_transports/default.py", line 376, in handle_async_request
    with map_httpcore_exceptions():
  File "/usr/lib/python3.12/contextlib.py", line 158, in __exit__
    self.gen.throw(value)
  File "/opt/vpn_tg/.venv/lib/python3.12/site-packages/httpx/_transports/default.py", line 89, in map_httpcore_exceptions
    raise mapped_exc(message) from exc
httpx.ConnectTimeout
Update id=711252100 is handled. Duration 171 ms by bot id=8746092424
Update id=711252101 is handled. Duration 144 ms by bot id=8746092424
Update id=711252102 is handled. Duration 186 ms by bot id=8746092424
Update id=711252103 is handled. Duration 132 ms by bot id=8746092424
Update id=711252104 is handled. Duration 189 ms by bot id=8746092424
{"payment_id": 51, "provider": "yookassa", "amount": 14900, "event": "payment.created", "level": "info", "timestamp": "2026-09-06T21:09:27.596188Z"}
Update id=711252105 is handled. Duration 546 ms by bot id=8746092424
Update id=711252106 is handled. Duration 104 ms by bot id=8746092424
Update id=711252107 is handled. Duration 103 ms by bot id=8746092424
Update id=711252108 is handled. Duration 110 ms by bot id=8746092424
Update id=711252109 is handled. Duration 117 ms by bot id=8746092424
Update id=711252110 is handled. Duration 110 ms by bot id=8746092424
Update id=711252111 is handled. Duration 214 ms by bot id=8746092424
{"payment_id": 52, "provider": "yookassa", "amount": 14900, "event": "payment.created", "level": "info", "timestamp": "2026-09-06T21:09:43.197711Z"}
Update id=711252112 is handled. Duration 455 ms by bot id=8746092424
Update id=711252113 is handled. Duration 139 ms by bot id=8746092424
{"updated": 7, "event": "sync_traffic.done", "level": "info", "timestamp": "2026-09-06T21:20:01.566301Z"}
{"updated": 7, "event": "sync_traffic.done", "level": "info", "timestamp": "2026-09-06T21:35:02.147228Z"}
{"updated": 7, "event": "sync_traffic.done", "level": "info", "timestamp": "2026-09-06T21:50:02.122260Z"}
{"updated": 7, "event": "sync_traffic.done", "level": "info", "timestamp": "2026-09-06T22:05:01.436735Z"}
{"updated": 7, "event": "sync_traffic.done", "level": "info", "timestamp": "2026-09-06T22:20:03.168075Z"}
{"updated": 7, "event": "sync_traffic.done", "level": "info", "timestamp": "2026-09-06T22:35:02.115797Z"}
{"updated": 7, "event": "sync_traffic.done", "level": "info", "timestamp": "2026-09-06T22:50:01.465812Z"}
{"updated": 7, "event": "sync_traffic.done", "level": "info", "timestamp": "2026-09-06T23:05:02.151132Z"}
{"updated": 7, "event": "sync_traffic.done", "level": "info", "timestamp": "2026-09-06T23:20:02.108309Z"}
{"updated": 7, "event": "sync_traffic.done", "level": "info", "timestamp": "2026-09-06T23:35:02.148413Z"}
{"updated": 7, "event": "sync_traffic.done", "level": "info", "timestamp": "2026-09-06T23:50:01.368979Z"}
{"updated": 7, "event": "sync_traffic.done", "level": "info", "timestamp": "2026-09-07T00:05:01.332039Z"}
{"updated": 7, "event": "sync_traffic.done", "level": "info", "timestamp": "2026-09-07T00:20:02.082938Z"}
{"updated": 7, "event": "sync_traffic.done", "level": "info", "timestamp": "2026-09-07T00:35:01.434101Z"}
{"updated": 7, "event": "sync_traffic.done", "level": "info", "timestamp": "2026-09-07T00:50:02.174235Z"}
{"updated": 7, "event": "sync_traffic.done", "level": "info", "timestamp": "2026-09-07T01:05:01.427082Z"}
Failed to fetch updates - TelegramServerError: Telegram server says - Bad Gateway
Sleep for 1.000000 seconds and try again... (tryings = 0, bot id = 8746092424)
Failed to fetch updates - TelegramServerError: Telegram server says - Bad Gateway
Sleep for 1.418723 seconds and try again... (tryings = 1, bot id = 8746092424)
Connection established (tryings = 2, bot id = 8746092424)
{"updated": 7, "event": "sync_traffic.done", "level": "info", "timestamp": "2026-09-07T01:20:01.437655Z"}
{"updated": 7, "event": "sync_traffic.done", "level": "info", "timestamp": "2026-09-07T01:35:02.110017Z"}
{"updated": 7, "event": "sync_traffic.done", "level": "info", "timestamp": "2026-09-07T01:50:02.071859Z"}
{"updated": 7, "event": "sync_traffic.done", "level": "info", "timestamp": "2026-09-07T02:05:01.430666Z"}
{"updated": 7, "event": "sync_traffic.done", "level": "info", "timestamp": "2026-09-07T02:20:01.638781Z"}
{"updated": 7, "event": "sync_traffic.done", "level": "info", "timestamp": "2026-09-07T02:35:01.527795Z"}
{"updated": 7, "event": "sync_traffic.done", "level": "info", "timestamp": "2026-09-07T02:50:01.521112Z"}
{"updated": 7, "event": "sync_traffic.done", "level": "info", "timestamp": "2026-09-07T03:05:01.627375Z"}
{"updated": 7, "event": "sync_traffic.done", "level": "info", "timestamp": "2026-09-07T03:20:01.434292Z"}
{"updated": 7, "event": "sync_traffic.done", "level": "info", "timestamp": "2026-09-07T03:35:02.077034Z"}
{"updated": 7, "event": "sync_traffic.done", "level": "info", "timestamp": "2026-09-07T03:50:02.154118Z"}
{"updated": 7, "event": "sync_traffic.done", "level": "info", "timestamp": "2026-09-07T04:05:02.110449Z"}
{"updated": 7, "event": "sync_traffic.done", "level": "info", "timestamp": "2026-09-07T04:20:01.565991Z"}
{"updated": 7, "event": "sync_traffic.done", "level": "info", "timestamp": "2026-09-07T04:35:01.429005Z"}
{"updated": 7, "event": "sync_traffic.done", "level": "info", "timestamp": "2026-09-07T04:50:02.131388Z"}
{"updated": 7, "event": "sync_traffic.done", "level": "info", "timestamp": "2026-09-07T05:05:02.113271Z"}
Update id=711252114 is handled. Duration 218 ms by bot id=8746092424
Update id=711252115 is handled. Duration 163 ms by bot id=8746092424
Update id=711252116 is handled. Duration 162 ms by bot id=8746092424
Update id=711252117 is handled. Duration 146 ms by bot id=8746092424
Update id=711252118 is handled. Duration 413 ms by bot id=8746092424
Update id=711252119 is handled. Duration 143 ms by bot id=8746092424
Update id=711252120 is handled. Duration 124 ms by bot id=8746092424
{"updated": 7, "event": "sync_traffic.done", "level": "info", "timestamp": "2026-09-07T05:20:02.204738Z"}
{"updated": 7, "event": "sync_traffic.done", "level": "info", "timestamp": "2026-09-07T05:35:02.156428Z"}
{"updated": 7, "event": "sync_traffic.done", "level": "info", "timestamp": "2026-09-07T05:50:02.149209Z"}
{"updated": 7, "event": "sync_traffic.done", "level": "info", "timestamp": "2026-09-07T06:05:02.212406Z"}
{"updated": 7, "event": "sync_traffic.done", "level": "info", "timestamp": "2026-09-07T06:20:02.204287Z"}
{"updated": 7, "event": "sync_traffic.done", "level": "info", "timestamp": "2026-09-07T06:35:02.157255Z"}
{"updated": 7, "event": "sync_traffic.done", "level": "info", "timestamp": "2026-09-07T06:50:02.119295Z"}
{"updated": 7, "event": "sync_traffic.done", "level": "info", "timestamp": "2026-09-07T07:05:02.124599Z"}
{"updated": 7, "event": "sync_traffic.done", "level": "info", "timestamp": "2026-09-07T07:20:02.171070Z"}
{"updated": 7, "event": "sync_traffic.done", "level": "info", "timestamp": "2026-09-07T07:35:03.163331Z"}
{"updated": 7, "event": "sync_traffic.done", "level": "info", "timestamp": "2026-09-07T07:50:04.125189Z"}
{"updated": 7, "event": "sync_traffic.done", "level": "info", "timestamp": "2026-09-07T08:05:02.205408Z"}
{"updated": 7, "event": "sync_traffic.done", "level": "info", "timestamp": "2026-09-07T08:20:02.165425Z"}
{"updated": 7, "event": "sync_traffic.done", "level": "info", "timestamp": "2026-09-07T08:35:02.080264Z"}
{"updated": 7, "event": "sync_traffic.done", "level": "info", "timestamp": "2026-09-07T08:50:02.182886Z"}
{"updated": 7, "event": "sync_traffic.done", "level": "info", "timestamp": "2026-09-07T09:05:02.185885Z"}
{"updated": 7, "event": "sync_traffic.done", "level": "info", "timestamp": "2026-09-07T09:20:01.445386Z"}
{"updated": 7, "event": "sync_traffic.done", "level": "info", "timestamp": "2026-09-07T09:35:02.167317Z"}
{"updated": 7, "event": "sync_traffic.done", "level": "info", "timestamp": "2026-09-07T09:50:02.084271Z"}
{"updated": 7, "event": "sync_traffic.done", "level": "info", "timestamp": "2026-09-07T10:05:02.166848Z"}
{"updated": 7, "event": "sync_traffic.done", "level": "info", "timestamp": "2026-09-07T10:20:01.440850Z"}
{"updated": 7, "event": "sync_traffic.done", "level": "info", "timestamp": "2026-09-07T10:35:02.215078Z"}
{"updated": 7, "event": "sync_traffic.done", "level": "info", "timestamp": "2026-09-07T10:50:02.185425Z"}
{"updated": 7, "event": "sync_traffic.done", "level": "info", "timestamp": "2026-09-07T11:05:02.190762Z"}
{"updated": 7, "event": "sync_traffic.done", "level": "info", "timestamp": "2026-09-07T11:20:01.598224Z"}
{"updated": 7, "event": "sync_traffic.done", "level": "info", "timestamp": "2026-09-07T11:35:01.416601Z"}
{"updated": 7, "event": "sync_traffic.done", "level": "info", "timestamp": "2026-09-07T11:50:02.212366Z"}
{"updated": 7, "event": "sync_traffic.done", "level": "info", "timestamp": "2026-09-07T12:05:03.114360Z"}
{"job": "reconcile_payments", "err": "", "tb": "-packages/httpx/_client.py\", line 1585, in request\n    return await self.send(request, auth=auth, follow_redirects=follow_redirects)\n           ^^^^^^^^^^^^^^^^^^^^^^^^^^^^^^^^^^^^^^^^^^^^^^^^^^^^^^^^^^^^^^^^^^^^^^\n  File \"/opt/vpn_tg/.venv/lib/python3.12/site-packages/httpx/_client.py\", line 1674, in send\n    response = await self._send_handling_auth(\n               ^^^^^^^^^^^^^^^^^^^^^^^^^^^^^^^\n  File \"/opt/vpn_tg/.venv/lib/python3.12/site-packages/httpx/_client.py\", line 1702, in _send_handling_auth\n    response = await self._send_handling_redirects(\n               ^^^^^^^^^^^^^^^^^^^^^^^^^^^^^^^^^^^^\n  File \"/opt/vpn_tg/.venv/lib/python3.12/site-packages/httpx/_client.py\", line 1739, in _send_handling_redirects\n    response = await self._send_single_request(request)\n               ^^^^^^^^^^^^^^^^^^^^^^^^^^^^^^^^^^^^^^^^\n  File \"/opt/vpn_tg/.venv/lib/python3.12/site-packages/httpx/_client.py\", line 1776, in _send_single_request\n    response = await transport.handle_async_request(request)\n               ^^^^^^^^^^^^^^^^^^^^^^^^^^^^^^^^^^^^^^^^^^^^^\n  File \"/opt/vpn_tg/.venv/lib/python3.12/site-packages/httpx/_transports/default.py\", line 376, in handle_async_request\n    with map_httpcore_exceptions():\n  File \"/usr/lib/python3.12/contextlib.py\", line 158, in __exit__\n    self.gen.throw(value)\n  File \"/opt/vpn_tg/.venv/lib/python3.12/site-packages/httpx/_transports/default.py\", line 89, in map_httpcore_exceptions\n    raise mapped_exc(message) from exc\nhttpx.ConnectTimeout\n", "event": "job.failed", "level": "error", "timestamp": "2026-09-07T12:15:14.504608Z"}
Job "reconcile_payments (trigger: interval[0:05:00], next run at: 2026-09-07 12:19:59 UTC)" raised an exception
Traceback (most recent call last):
  File "/opt/vpn_tg/.venv/lib/python3.12/site-packages/httpx/_transports/default.py", line 72, in map_httpcore_exceptions
    yield
  File "/opt/vpn_tg/.venv/lib/python3.12/site-packages/httpx/_transports/default.py", line 377, in handle_async_request
    resp = await self._pool.handle_async_request(req)
           ^^^^^^^^^^^^^^^^^^^^^^^^^^^^^^^^^^^^^^^^^^
  File "/opt/vpn_tg/.venv/lib/python3.12/site-packages/httpcore/_async/connection_pool.py", line 256, in handle_async_request
    raise exc from None
  File "/opt/vpn_tg/.venv/lib/python3.12/site-packages/httpcore/_async/connection_pool.py", line 236, in handle_async_request
    response = await connection.handle_async_request(
               ^^^^^^^^^^^^^^^^^^^^^^^^^^^^^^^^^^^^^^
  File "/opt/vpn_tg/.venv/lib/python3.12/site-packages/httpcore/_async/connection.py", line 101, in handle_async_request
    raise exc
  File "/opt/vpn_tg/.venv/lib/python3.12/site-packages/httpcore/_async/connection.py", line 78, in handle_async_request
    stream = await self._connect(request)
             ^^^^^^^^^^^^^^^^^^^^^^^^^^^^
  File "/opt/vpn_tg/.venv/lib/python3.12/site-packages/httpcore/_async/connection.py", line 156, in _connect
    stream = await stream.start_tls(**kwargs)
             ^^^^^^^^^^^^^^^^^^^^^^^^^^^^^^^^
  File "/opt/vpn_tg/.venv/lib/python3.12/site-packages/httpcore/_backends/anyio.py", line 67, in start_tls
    with map_exceptions(exc_map):
  File "/usr/lib/python3.12/contextlib.py", line 158, in __exit__
    self.gen.throw(value)
  File "/opt/vpn_tg/.venv/lib/python3.12/site-packages/httpcore/_exceptions.py", line 14, in map_exceptions
    raise to_exc(exc) from exc
httpcore.ConnectTimeout

The above exception was the direct cause of the following exception:

Traceback (most recent call last):
  File "/opt/vpn_tg/.venv/lib/python3.12/site-packages/apscheduler/executors/base_py3.py", line 30, in run_coroutine_job
    retval = await job.func(*job.args, **job.kwargs)
             ^^^^^^^^^^^^^^^^^^^^^^^^^^^^^^^^^^^^^^^
  File "/opt/vpn_tg/app/tasks/scheduler.py", line 34, in wrapper
    return await fn(*args, **kwargs)
           ^^^^^^^^^^^^^^^^^^^^^^^^^
  File "/opt/vpn_tg/app/tasks/jobs/__init__.py", line 183, in reconcile_payments
    return await reconcile_pending(session_factory, bot)
           ^^^^^^^^^^^^^^^^^^^^^^^^^^^^^^^^^^^^^^^^^^^^^
  File "/opt/vpn_tg/app/handlers/payments_yookassa.py", line 109, in reconcile_pending
    succeeded, _data = await yk.is_succeeded(str(api_id))
                       ^^^^^^^^^^^^^^^^^^^^^^^^^^^^^^^^^^
  File "/opt/vpn_tg/app/services/payments/yookassa.py", line 93, in is_succeeded
    data = await self.get_payment(payment_api_id)
           ^^^^^^^^^^^^^^^^^^^^^^^^^^^^^^^^^^^^^^
  File "/opt/vpn_tg/app/services/payments/yookassa.py", line 87, in get_payment
    resp = await self._http.get(f"/payments/{payment_api_id}", headers=self._auth_headers())
           ^^^^^^^^^^^^^^^^^^^^^^^^^^^^^^^^^^^^^^^^^^^^^^^^^^^^^^^^^^^^^^^^^^^^^^^^^^^^^^^^^
  File "/opt/vpn_tg/.venv/lib/python3.12/site-packages/httpx/_client.py", line 1814, in get
    return await self.request(
           ^^^^^^^^^^^^^^^^^^^
  File "/opt/vpn_tg/.venv/lib/python3.12/site-packages/httpx/_client.py", line 1585, in request
    return await self.send(request, auth=auth, follow_redirects=follow_redirects)
           ^^^^^^^^^^^^^^^^^^^^^^^^^^^^^^^^^^^^^^^^^^^^^^^^^^^^^^^^^^^^^^^^^^^^^^
  File "/opt/vpn_tg/.venv/lib/python3.12/site-packages/httpx/_client.py", line 1674, in send
    response = await self._send_handling_auth(
               ^^^^^^^^^^^^^^^^^^^^^^^^^^^^^^^
  File "/opt/vpn_tg/.venv/lib/python3.12/site-packages/httpx/_client.py", line 1702, in _send_handling_auth
    response = await self._send_handling_redirects(
               ^^^^^^^^^^^^^^^^^^^^^^^^^^^^^^^^^^^^
  File "/opt/vpn_tg/.venv/lib/python3.12/site-packages/httpx/_client.py", line 1739, in _send_handling_redirects
    response = await self._send_single_request(request)
               ^^^^^^^^^^^^^^^^^^^^^^^^^^^^^^^^^^^^^^^^
  File "/opt/vpn_tg/.venv/lib/python3.12/site-packages/httpx/_client.py", line 1776, in _send_single_request
    response = await transport.handle_async_request(request)
               ^^^^^^^^^^^^^^^^^^^^^^^^^^^^^^^^^^^^^^^^^^^^^
  File "/opt/vpn_tg/.venv/lib/python3.12/site-packages/httpx/_transports/default.py", line 376, in handle_async_request
    with map_httpcore_exceptions():
  File "/usr/lib/python3.12/contextlib.py", line 158, in __exit__
    self.gen.throw(value)
  File "/opt/vpn_tg/.venv/lib/python3.12/site-packages/httpx/_transports/default.py", line 89, in map_httpcore_exceptions
    raise mapped_exc(message) from exc
httpx.ConnectTimeout
{"updated": 7, "event": "sync_traffic.done", "level": "info", "timestamp": "2026-09-07T12:20:02.167733Z"}
Received SIGTERM signal
Polling stopped for bot @niro_vpn_bot id=8746092424 - 'NIRO VPN'
Polling stopped
Scheduler has been shut down
Adding job tentatively -- it will be properly scheduled when the scheduler starts
{"job": "sync_traffic", "event": "job.registered", "level": "info", "timestamp": "2026-09-07T12:31:42.543575Z"}
Adding job tentatively -- it will be properly scheduled when the scheduler starts
{"job": "expire_check", "event": "job.registered", "level": "info", "timestamp": "2026-09-07T12:31:42.544327Z"}
Adding job tentatively -- it will be properly scheduled when the scheduler starts
{"job": "notify_expiring", "event": "job.registered", "level": "info", "timestamp": "2026-09-07T12:31:42.544775Z"}
Adding job tentatively -- it will be properly scheduled when the scheduler starts
{"job": "cleanup_deleted", "event": "job.registered", "level": "info", "timestamp": "2026-09-07T12:31:42.545057Z"}
Adding job tentatively -- it will be properly scheduled when the scheduler starts
{"job": "reconcile_payments", "event": "job.registered", "level": "info", "timestamp": "2026-09-07T12:31:42.545553Z"}
Adding job tentatively -- it will be properly scheduled when the scheduler starts
{"job": "reconcile_panel", "event": "job.registered", "level": "info", "timestamp": "2026-09-07T12:31:42.546280Z"}
Adding job tentatively -- it will be properly scheduled when the scheduler starts
{"job": "retry_provisioning", "event": "job.registered", "level": "info", "timestamp": "2026-09-07T12:31:42.546581Z"}
Adding job tentatively -- it will be properly scheduled when the scheduler starts
{"job": "notify_web_manual", "event": "job.registered", "level": "info", "timestamp": "2026-09-07T12:31:42.546875Z"}
Added job "sync_traffic" to job store "default"
Added job "expire_check" to job store "default"
Added job "notify_expiring" to job store "default"
Added job "cleanup_deleted" to job store "default"
Added job "reconcile_payments" to job store "default"
Added job "reconcile_panel" to job store "default"
Added job "retry_provisioning" to job store "default"
Added job "notify_web_manual_payments" to job store "default"
Scheduler started
{"event": "scheduler.started", "level": "info", "timestamp": "2026-09-07T12:31:42.551317Z"}
{"event": "polling.started", "level": "info", "timestamp": "2026-09-07T12:31:42.723741Z"}
{"port": 8081, "event": "internal_api.started", "level": "info", "timestamp": "2026-09-07T12:31:43.038363Z"}
Start polling
Run polling for bot @niro_vpn_bot id=8746092424 - 'NIRO VPN'
Update id=711252121 is handled. Duration 254 ms by bot id=8746092424
Update id=711252122 is handled. Duration 235 ms by bot id=8746092424
Update id=711252123 is handled. Duration 141 ms by bot id=8746092424
Update id=711252124 is handled. Duration 196 ms by bot id=8746092424
Update id=711252125 is handled. Duration 135 ms by bot id=8746092424
Update id=711252126 is handled. Duration 117 ms by bot id=8746092424
Update id=711252127 is handled. Duration 170 ms by bot id=8746092424
{"updated": 7, "event": "sync_traffic.done", "level": "info", "timestamp": "2026-09-07T12:46:44.624339Z"}
{"updated": 7, "event": "sync_traffic.done", "level": "info", "timestamp": "2026-09-07T13:01:44.716075Z"}
{"updated": 7, "event": "sync_traffic.done", "level": "info", "timestamp": "2026-09-07T13:16:44.687227Z"}
{"updated": 7, "event": "sync_traffic.done", "level": "info", "timestamp": "2026-09-07T13:31:43.616819Z"}
{"updated": 7, "event": "sync_traffic.done", "level": "info", "timestamp": "2026-09-07T13:46:44.611088Z"}
{"updated": 7, "event": "sync_traffic.done", "level": "info", "timestamp": "2026-09-07T14:01:44.822941Z"}
{"updated": 7, "event": "sync_traffic.done", "level": "info", "timestamp": "2026-09-07T14:16:44.755853Z"}
{"updated": 7, "event": "sync_traffic.done", "level": "info", "timestamp": "2026-09-07T14:31:44.779557Z"}
{"updated": 7, "event": "sync_traffic.done", "level": "info", "timestamp": "2026-09-07T14:46:44.663044Z"}
{"updated": 7, "event": "sync_traffic.done", "level": "info", "timestamp": "2026-09-07T15:01:44.586342Z"}
{"updated": 7, "event": "sync_traffic.done", "level": "info", "timestamp": "2026-09-07T15:16:44.694212Z"}
{"updated": 7, "event": "sync_traffic.done", "level": "info", "timestamp": "2026-09-07T15:31:44.817360Z"}
Update id=711252128 is handled. Duration 188 ms by bot id=8746092424
{"updated": 7, "event": "sync_traffic.done", "level": "info", "timestamp": "2026-09-07T15:46:44.668724Z"}
{"updated": 7, "event": "sync_traffic.done", "level": "info", "timestamp": "2026-09-07T16:01:44.662023Z"}
{"updated": 7, "event": "sync_traffic.done", "level": "info", "timestamp": "2026-09-07T16:16:44.727366Z"}
{"updated": 7, "event": "sync_traffic.done", "level": "info", "timestamp": "2026-09-07T16:31:44.888798Z"}
Failed to fetch updates - TelegramNetworkError: HTTP Client says - ClientOSError: [Errno 104] Connection reset by peer
Sleep for 1.000000 seconds and try again... (tryings = 0, bot id = 8746092424)
Connection established (tryings = 1, bot id = 8746092424)
{"updated": 7, "event": "sync_traffic.done", "level": "info", "timestamp": "2026-09-07T16:46:44.941230Z"}
{"updated": 7, "event": "sync_traffic.done", "level": "info", "timestamp": "2026-09-07T17:01:44.693314Z"}
{"updated": 7, "event": "sync_traffic.done", "level": "info", "timestamp": "2026-09-07T17:16:44.788993Z"}
{"updated": 7, "event": "sync_traffic.done", "level": "info", "timestamp": "2026-09-07T17:31:44.816594Z"}
{"updated": 7, "event": "sync_traffic.done", "level": "info", "timestamp": "2026-09-07T17:46:45.046618Z"}
{"updated": 7, "event": "sync_traffic.done", "level": "info", "timestamp": "2026-09-07T18:01:44.817702Z"}
{"updated": 7, "event": "sync_traffic.done", "level": "info", "timestamp": "2026-09-07T18:16:44.995627Z"}
{"updated": 7, "event": "sync_traffic.done", "level": "info", "timestamp": "2026-09-07T18:31:44.890573Z"}
{"updated": 7, "event": "sync_traffic.done", "level": "info", "timestamp": "2026-09-07T18:46:44.806053Z"}
{"updated": 7, "event": "sync_traffic.done", "level": "info", "timestamp": "2026-09-07T19:01:44.914695Z"}
{"updated": 7, "event": "sync_traffic.done", "level": "info", "timestamp": "2026-09-07T19:16:44.798898Z"}
{"updated": 7, "event": "sync_traffic.done", "level": "info", "timestamp": "2026-09-07T19:31:44.887467Z"}
{"updated": 7, "event": "sync_traffic.done", "level": "info", "timestamp": "2026-09-07T19:46:44.993564Z"}
{"updated": 7, "event": "sync_traffic.done", "level": "info", "timestamp": "2026-09-07T20:01:44.909145Z"}
{"updated": 7, "event": "sync_traffic.done", "level": "info", "timestamp": "2026-09-07T20:16:44.771855Z"}
{"updated": 7, "event": "sync_traffic.done", "level": "info", "timestamp": "2026-09-07T20:31:44.839598Z"}
{"updated": 7, "event": "sync_traffic.done", "level": "info", "timestamp": "2026-09-07T20:46:44.637390Z"}
{"updated": 7, "event": "sync_traffic.done", "level": "info", "timestamp": "2026-09-07T21:01:44.849346Z"}
{"updated": 7, "event": "sync_traffic.done", "level": "info", "timestamp": "2026-09-07T21:16:44.681575Z"}
{"updated": 7, "event": "sync_traffic.done", "level": "info", "timestamp": "2026-09-07T21:31:44.701426Z"}
{"updated": 7, "event": "sync_traffic.done", "level": "info", "timestamp": "2026-09-07T21:46:44.581975Z"}
Failed to fetch updates - TelegramNetworkError: HTTP Client says - ClientOSError: [Errno 104] Connection reset by peer
Sleep for 1.000000 seconds and try again... (tryings = 0, bot id = 8746092424)
Connection established (tryings = 1, bot id = 8746092424)
{"updated": 7, "event": "sync_traffic.done", "level": "info", "timestamp": "2026-09-07T22:01:44.623460Z"}
{"updated": 7, "event": "sync_traffic.done", "level": "info", "timestamp": "2026-09-07T22:16:44.789092Z"}
{"updated": 7, "event": "sync_traffic.done", "level": "info", "timestamp": "2026-09-07T22:31:44.644465Z"}
{"updated": 7, "event": "sync_traffic.done", "level": "info", "timestamp": "2026-09-07T22:46:44.725177Z"}
{"updated": 7, "event": "sync_traffic.done", "level": "info", "timestamp": "2026-09-07T23:01:44.591234Z"}
{"updated": 7, "event": "sync_traffic.done", "level": "info", "timestamp": "2026-09-07T23:16:44.681372Z"}
{"updated": 7, "event": "sync_traffic.done", "level": "info", "timestamp": "2026-09-07T23:31:44.592855Z"}
{"updated": 7, "event": "sync_traffic.done", "level": "info", "timestamp": "2026-09-07T23:46:44.559355Z"}
{"updated": 7, "event": "sync_traffic.done", "level": "info", "timestamp": "2026-09-08T00:01:44.566465Z"}
{"updated": 7, "event": "sync_traffic.done", "level": "info", "timestamp": "2026-09-08T00:16:44.588098Z"}
{"updated": 7, "event": "sync_traffic.done", "level": "info", "timestamp": "2026-09-08T00:31:44.718722Z"}
{"updated": 7, "event": "sync_traffic.done", "level": "info", "timestamp": "2026-09-08T00:46:44.544983Z"}
{"updated": 7, "event": "sync_traffic.done", "level": "info", "timestamp": "2026-09-08T01:01:44.556165Z"}
Failed to fetch updates - TelegramServerError: Telegram server says - Bad Gateway
Sleep for 1.000000 seconds and try again... (tryings = 0, bot id = 8746092424)
Failed to fetch updates - TelegramServerError: Telegram server says - Bad Gateway
Sleep for 1.297872 seconds and try again... (tryings = 1, bot id = 8746092424)
Failed to fetch updates - TelegramServerError: Telegram server says - Bad Gateway
Sleep for 1.583383 seconds and try again... (tryings = 2, bot id = 8746092424)
Failed to fetch updates - TelegramServerError: Telegram server says - Bad Gateway
Sleep for 1.956884 seconds and try again... (tryings = 3, bot id = 8746092424)
Connection established (tryings = 4, bot id = 8746092424)
{"updated": 7, "event": "sync_traffic.done", "level": "info", "timestamp": "2026-09-08T01:16:44.518304Z"}
{"updated": 7, "event": "sync_traffic.done", "level": "info", "timestamp": "2026-09-08T01:31:44.523084Z"}
{"updated": 7, "event": "sync_traffic.done", "level": "info", "timestamp": "2026-09-08T01:46:44.488316Z"}
{"updated": 7, "event": "sync_traffic.done", "level": "info", "timestamp": "2026-09-08T02:01:44.525420Z"}
{"updated": 7, "event": "sync_traffic.done", "level": "info", "timestamp": "2026-09-08T02:16:44.591125Z"}
{"updated": 7, "event": "sync_traffic.done", "level": "info", "timestamp": "2026-09-08T02:31:44.560835Z"}
{"updated": 7, "event": "sync_traffic.done", "level": "info", "timestamp": "2026-09-08T02:46:44.485139Z"}
{"updated": 7, "event": "sync_traffic.done", "level": "info", "timestamp": "2026-09-08T03:01:44.679863Z"}
{"updated": 7, "event": "sync_traffic.done", "level": "info", "timestamp": "2026-09-08T03:16:44.525893Z"}
{"updated": 7, "event": "sync_traffic.done", "level": "info", "timestamp": "2026-09-08T03:31:44.650979Z"}
{"updated": 7, "event": "sync_traffic.done", "level": "info", "timestamp": "2026-09-08T03:46:44.559091Z"}
{"updated": 7, "event": "sync_traffic.done", "level": "info", "timestamp": "2026-09-08T04:01:44.738309Z"}
{"updated": 7, "event": "sync_traffic.done", "level": "info", "timestamp": "2026-09-08T04:16:44.717197Z"}
{"updated": 7, "event": "sync_traffic.done", "level": "info", "timestamp": "2026-09-08T04:31:44.537478Z"}
{"updated": 7, "event": "sync_traffic.done", "level": "info", "timestamp": "2026-09-08T04:46:44.615619Z"}
{"updated": 7, "event": "sync_traffic.done", "level": "info", "timestamp": "2026-09-08T05:01:44.745049Z"}
{"updated": 7, "event": "sync_traffic.done", "level": "info", "timestamp": "2026-09-08T05:16:44.563605Z"}
{"updated": 7, "event": "sync_traffic.done", "level": "info", "timestamp": "2026-09-08T05:31:44.619268Z"}
{"updated": 7, "event": "sync_traffic.done", "level": "info", "timestamp": "2026-09-08T05:46:44.529411Z"}
{"updated": 7, "event": "sync_traffic.done", "level": "info", "timestamp": "2026-09-08T06:01:44.751575Z"}
{"updated": 7, "event": "sync_traffic.done", "level": "info", "timestamp": "2026-09-08T06:16:44.564340Z"}
Update id=711252129 is handled. Duration 141 ms by bot id=8746092424
Update id=711252130 is handled. Duration 275 ms by bot id=8746092424
{"updated": 7, "event": "sync_traffic.done", "level": "info", "timestamp": "2026-09-08T06:31:45.099974Z"}
{"updated": 7, "event": "sync_traffic.done", "level": "info", "timestamp": "2026-09-08T06:46:44.689968Z"}
{"updated": 7, "event": "sync_traffic.done", "level": "info", "timestamp": "2026-09-08T07:01:44.624096Z"}
{"updated": 7, "event": "sync_traffic.done", "level": "info", "timestamp": "2026-09-08T07:16:44.621908Z"}
{"updated": 7, "event": "sync_traffic.done", "level": "info", "timestamp": "2026-09-08T07:31:44.719025Z"}
{"updated": 7, "event": "sync_traffic.done", "level": "info", "timestamp": "2026-09-08T07:46:44.846123Z"}
{"updated": 7, "event": "sync_traffic.done", "level": "info", "timestamp": "2026-09-08T08:01:44.567470Z"}
{"updated": 7, "event": "sync_traffic.done", "level": "info", "timestamp": "2026-09-08T08:16:44.651900Z"}
{"updated": 7, "event": "sync_traffic.done", "level": "info", "timestamp": "2026-09-08T08:31:44.626181Z"}
{"updated": 7, "event": "sync_traffic.done", "level": "info", "timestamp": "2026-09-08T08:46:44.739174Z"}
{"updated": 7, "event": "sync_traffic.done", "level": "info", "timestamp": "2026-09-08T09:01:44.582209Z"}
{"updated": 7, "event": "sync_traffic.done", "level": "info", "timestamp": "2026-09-08T09:16:44.617139Z"}
{"updated": 7, "event": "sync_traffic.done", "level": "info", "timestamp": "2026-09-08T09:31:44.714037Z"}
{"updated": 7, "event": "sync_traffic.done", "level": "info", "timestamp": "2026-09-08T09:46:44.715225Z"}
{"updated": 7, "event": "sync_traffic.done", "level": "info", "timestamp": "2026-09-08T10:01:44.557620Z"}
{"updated": 7, "event": "sync_traffic.done", "level": "info", "timestamp": "2026-09-08T10:16:44.623195Z"}
{"telegram_id": 5469974674, "event": "start.site_code_issued", "level": "info", "timestamp": "2026-09-08T10:29:08.604002Z"}
Update id=711252131 is handled. Duration 255 ms by bot id=8746092424
Update id=711252132 is handled. Duration 217 ms by bot id=8746092424
{"update_id": 711252134, "err": "(sqlite3.OperationalError) database is locked\n[SQL: UPDATE users SET last_seen_at=? WHERE users.id = ?]\n[parameters: ('2026-09-08 10:29:55.524991', 10)]\n(Background on this error at: https://sqlalche.me/e/20/e3q8)", "event": "handler.error", "level": "error", "timestamp": "2026-09-08T10:30:00.582205Z"}
Update id=711252134 is handled. Duration 5253 ms by bot id=8746092424
{"update_id": 711252135, "err": "(sqlite3.OperationalError) database is locked\n[SQL: UPDATE users SET last_seen_at=? WHERE users.id = ?]\n[parameters: ('2026-09-08 10:30:01.971124', 10)]\n(Background on this error at: https://sqlalche.me/e/20/e3q8)", "event": "handler.error", "level": "error", "timestamp": "2026-09-08T10:30:07.011355Z"}
Update id=711252135 is handled. Duration 5314 ms by bot id=8746092424
{"err": "HTTP Client says - Request timeout error", "event": "support.forward_failed", "level": "warning", "timestamp": "2026-09-08T10:30:46.126366Z"}
Update id=711252133 is handled. Duration 60569 ms by bot id=8746092424
{"updated": 7, "event": "sync_traffic.done", "level": "info", "timestamp": "2026-09-08T10:31:44.600342Z"}
Update id=711252136 is handled. Duration 481 ms by bot id=8746092424
Update id=711252137 is handled. Duration 120 ms by bot id=8746092424
Update id=711252138 is handled. Duration 223 ms by bot id=8746092424
Update id=711252139 is handled. Duration 120 ms by bot id=8746092424
Update id=711252140 is handled. Duration 137 ms by bot id=8746092424
Update id=711252141 is handled. Duration 132 ms by bot id=8746092424
Update id=711252142 is handled. Duration 83 ms by bot id=8746092424
{"user_id": 1, "telegram_id": 8468512348, "event": "site.code_issued", "level": "info", "timestamp": "2026-09-08T10:33:41.224012Z"}
Update id=711252143 is handled. Duration 125 ms by bot id=8746092424
Update id=711252144 is handled. Duration 187 ms by bot id=8746092424
Update id=711252145 is handled. Duration 135 ms by bot id=8746092424
Update id=711252146 is handled. Duration 138 ms by bot id=8746092424
Update id=711252147 is handled. Duration 148 ms by bot id=8746092424
Update id=711252148 is handled. Duration 125 ms by bot id=8746092424
{"sub_id": 15, "email": "tg5469974674-0e21f1d5", "server": "nl", "plan": "trial", "event": "grant.ok", "level": "info", "timestamp": "2026-09-08T10:36:14.963284Z"}
Update id=711252149 is handled. Duration 1550 ms by bot id=8746092424
{"updated": 8, "event": "sync_traffic.done", "level": "info", "timestamp": "2026-09-08T10:46:44.416249Z"}
{"updated": 8, "event": "sync_traffic.done", "level": "info", "timestamp": "2026-09-08T11:01:44.934474Z"}
Failed to fetch updates - TelegramConflictError: Telegram server says - Conflict: terminated by other getUpdates request; make sure that only one bot instance is running
Sleep for 1.000000 seconds and try again... (tryings = 0, bot id = 8746092424)
Failed to fetch updates - TelegramConflictError: Telegram server says - Conflict: terminated by other getUpdates request; make sure that only one bot instance is running
Sleep for 1.119053 seconds and try again... (tryings = 1, bot id = 8746092424)
Failed to fetch updates - TelegramConflictError: Telegram server says - Conflict: terminated by other getUpdates request; make sure that only one bot instance is running
Sleep for 1.376760 seconds and try again... (tryings = 2, bot id = 8746092424)
Failed to fetch updates - TelegramConflictError: Telegram server says - Conflict: terminated by other getUpdates request; make sure that only one bot instance is running
Sleep for 1.722748 seconds and try again... (tryings = 3, bot id = 8746092424)
Failed to fetch updates - TelegramConflictError: Telegram server says - Conflict: terminated by other getUpdates request; make sure that only one bot instance is running
Sleep for 2.197915 seconds and try again... (tryings = 4, bot id = 8746092424)
Failed to fetch updates - TelegramConflictError: Telegram server says - Conflict: terminated by other getUpdates request; make sure that only one bot instance is running
Sleep for 3.013924 seconds and try again... (tryings = 5, bot id = 8746092424)
Failed to fetch updates - TelegramConflictError: Telegram server says - Conflict: terminated by other getUpdates request; make sure that only one bot instance is running
Sleep for 3.918294 seconds and try again... (tryings = 6, bot id = 8746092424)
Failed to fetch updates - TelegramConflictError: Telegram server says - Conflict: terminated by other getUpdates request; make sure that only one bot instance is running
Sleep for 4.878788 seconds and try again... (tryings = 7, bot id = 8746092424)
Failed to fetch updates - TelegramConflictError: Telegram server says - Conflict: terminated by other getUpdates request; make sure that only one bot instance is running
Sleep for 4.967375 seconds and try again... (tryings = 8, bot id = 8746092424)
Failed to fetch updates - TelegramConflictError: Telegram server says - Conflict: terminated by other getUpdates request; make sure that only one bot instance is running
Sleep for 4.972177 seconds and try again... (tryings = 9, bot id = 8746092424)
Failed to fetch updates - TelegramConflictError: Telegram server says - Conflict: terminated by other getUpdates request; make sure that only one bot instance is running
Sleep for 5.003200 seconds and try again... (tryings = 10, bot id = 8746092424)
Failed to fetch updates - TelegramConflictError: Telegram server says - Conflict: terminated by other getUpdates request; make sure that only one bot instance is running
Sleep for 5.058532 seconds and try again... (tryings = 11, bot id = 8746092424)
Failed to fetch updates - TelegramConflictError: Telegram server says - Conflict: terminated by other getUpdates request; make sure that only one bot instance is running
Sleep for 4.828257 seconds and try again... (tryings = 12, bot id = 8746092424)
Failed to fetch updates - TelegramConflictError: Telegram server says - Conflict: terminated by other getUpdates request; make sure that only one bot instance is running
Sleep for 5.110815 seconds and try again... (tryings = 13, bot id = 8746092424)
Failed to fetch updates - TelegramConflictError: Telegram server says - Conflict: terminated by other getUpdates request; make sure that only one bot instance is running
Sleep for 4.962532 seconds and try again... (tryings = 14, bot id = 8746092424)
Failed to fetch updates - TelegramConflictError: Telegram server says - Conflict: terminated by other getUpdates request; make sure that only one bot instance is running
Sleep for 4.963755 seconds and try again... (tryings = 15, bot id = 8746092424)
Failed to fetch updates - TelegramConflictError: Telegram server says - Conflict: terminated by other getUpdates request; make sure that only one bot instance is running
Sleep for 4.873535 seconds and try again... (tryings = 16, bot id = 8746092424)
Failed to fetch updates - TelegramConflictError: Telegram server says - Conflict: terminated by other getUpdates request; make sure that only one bot instance is running
Sleep for 4.920176 seconds and try again... (tryings = 17, bot id = 8746092424)
Failed to fetch updates - TelegramConflictError: Telegram server says - Conflict: terminated by other getUpdates request; make sure that only one bot instance is running
Sleep for 4.997375 seconds and try again... (tryings = 18, bot id = 8746092424)
Failed to fetch updates - TelegramConflictError: Telegram server says - Conflict: terminated by other getUpdates request; make sure that only one bot instance is running
Sleep for 5.072098 seconds and try again... (tryings = 19, bot id = 8746092424)
Failed to fetch updates - TelegramConflictError: Telegram server says - Conflict: terminated by other getUpdates request; make sure that only one bot instance is running
Sleep for 5.116992 seconds and try again... (tryings = 20, bot id = 8746092424)
Failed to fetch updates - TelegramConflictError: Telegram server says - Conflict: terminated by other getUpdates request; make sure that only one bot instance is running
Sleep for 4.798452 seconds and try again... (tryings = 21, bot id = 8746092424)
Failed to fetch updates - TelegramConflictError: Telegram server says - Conflict: terminated by other getUpdates request; make sure that only one bot instance is running
Sleep for 4.945131 seconds and try again... (tryings = 22, bot id = 8746092424)
Failed to fetch updates - TelegramConflictError: Telegram server says - Conflict: terminated by other getUpdates request; make sure that only one bot instance is running
Sleep for 5.010707 seconds and try again... (tryings = 23, bot id = 8746092424)
Failed to fetch updates - TelegramConflictError: Telegram server says - Conflict: terminated by other getUpdates request; make sure that only one bot instance is running
Sleep for 5.130609 seconds and try again... (tryings = 24, bot id = 8746092424)
Failed to fetch updates - TelegramConflictError: Telegram server says - Conflict: terminated by other getUpdates request; make sure that only one bot instance is running
Sleep for 4.948574 seconds and try again... (tryings = 25, bot id = 8746092424)
Failed to fetch updates - TelegramConflictError: Telegram server says - Conflict: terminated by other getUpdates request; make sure that only one bot instance is running
Sleep for 4.928779 seconds and try again... (tryings = 26, bot id = 8746092424)
Failed to fetch updates - TelegramConflictError: Telegram server says - Conflict: terminated by other getUpdates request; make sure that only one bot instance is running
Sleep for 5.090098 seconds and try again... (tryings = 27, bot id = 8746092424)
Failed to fetch updates - TelegramConflictError: Telegram server says - Conflict: terminated by other getUpdates request; make sure that only one bot instance is running
Sleep for 4.864949 seconds and try again... (tryings = 28, bot id = 8746092424)
Failed to fetch updates - TelegramConflictError: Telegram server says - Conflict: terminated by other getUpdates request; make sure that only one bot instance is running
Sleep for 4.975840 seconds and try again... (tryings = 29, bot id = 8746092424)
Failed to fetch updates - TelegramConflictError: Telegram server says - Conflict: terminated by other getUpdates request; make sure that only one bot instance is running
Sleep for 5.085293 seconds and try again... (tryings = 30, bot id = 8746092424)
Failed to fetch updates - TelegramConflictError: Telegram server says - Conflict: terminated by other getUpdates request; make sure that only one bot instance is running
Sleep for 4.874201 seconds and try again... (tryings = 31, bot id = 8746092424)
Failed to fetch updates - TelegramConflictError: Telegram server says - Conflict: terminated by other getUpdates request; make sure that only one bot instance is running
Sleep for 4.973749 seconds and try again... (tryings = 32, bot id = 8746092424)
Failed to fetch updates - TelegramConflictError: Telegram server says - Conflict: terminated by other getUpdates request; make sure that only one bot instance is running
Sleep for 4.957799 seconds and try again... (tryings = 33, bot id = 8746092424)
Failed to fetch updates - TelegramConflictError: Telegram server says - Conflict: terminated by other getUpdates request; make sure that only one bot instance is running
Sleep for 4.847914 seconds and try again... (tryings = 34, bot id = 8746092424)
Failed to fetch updates - TelegramConflictError: Telegram server says - Conflict: terminated by other getUpdates request; make sure that only one bot instance is running
Sleep for 4.962533 seconds and try again... (tryings = 35, bot id = 8746092424)
Failed to fetch updates - TelegramConflictError: Telegram server says - Conflict: terminated by other getUpdates request; make sure that only one bot instance is running
Sleep for 5.025162 seconds and try again... (tryings = 36, bot id = 8746092424)
Failed to fetch updates - TelegramConflictError: Telegram server says - Conflict: terminated by other getUpdates request; make sure that only one bot instance is running
Sleep for 4.958639 seconds and try again... (tryings = 37, bot id = 8746092424)
Failed to fetch updates - TelegramConflictError: Telegram server says - Conflict: terminated by other getUpdates request; make sure that only one bot instance is running
Sleep for 4.941497 seconds and try again... (tryings = 38, bot id = 8746092424)
Failed to fetch updates - TelegramConflictError: Telegram server says - Conflict: terminated by other getUpdates request; make sure that only one bot instance is running
Sleep for 5.112753 seconds and try again... (tryings = 39, bot id = 8746092424)
Failed to fetch updates - TelegramConflictError: Telegram server says - Conflict: terminated by other getUpdates request; make sure that only one bot instance is running
Sleep for 4.919680 seconds and try again... (tryings = 40, bot id = 8746092424)
Failed to fetch updates - TelegramConflictError: Telegram server says - Conflict: terminated by other getUpdates request; make sure that only one bot instance is running
Sleep for 4.801477 seconds and try again... (tryings = 41, bot id = 8746092424)
Failed to fetch updates - TelegramConflictError: Telegram server says - Conflict: terminated by other getUpdates request; make sure that only one bot instance is running
Sleep for 5.209954 seconds and try again... (tryings = 42, bot id = 8746092424)
Failed to fetch updates - TelegramConflictError: Telegram server says - Conflict: terminated by other getUpdates request; make sure that only one bot instance is running
Sleep for 4.949290 seconds and try again... (tryings = 43, bot id = 8746092424)
Failed to fetch updates - TelegramConflictError: Telegram server says - Conflict: terminated by other getUpdates request; make sure that only one bot instance is running
Sleep for 5.195182 seconds and try again... (tryings = 44, bot id = 8746092424)
Failed to fetch updates - TelegramConflictError: Telegram server says - Conflict: terminated by other getUpdates request; make sure that only one bot instance is running
Sleep for 5.089653 seconds and try again... (tryings = 45, bot id = 8746092424)
Failed to fetch updates - TelegramConflictError: Telegram server says - Conflict: terminated by other getUpdates request; make sure that only one bot instance is running
Sleep for 4.933174 seconds and try again... (tryings = 46, bot id = 8746092424)
Failed to fetch updates - TelegramConflictError: Telegram server says - Conflict: terminated by other getUpdates request; make sure that only one bot instance is running
Sleep for 5.012943 seconds and try again... (tryings = 47, bot id = 8746092424)
Received SIGTERM signal
Polling stopped for bot @niro_vpn_bot id=8746092424 - 'NIRO VPN'
Polling stopped
Scheduler has been shut down
Adding job tentatively -- it will be properly scheduled when the scheduler starts
{"job": "sync_traffic", "event": "job.registered", "level": "info", "timestamp": "2026-09-08T11:14:23.578124Z"}
Adding job tentatively -- it will be properly scheduled when the scheduler starts
{"job": "expire_check", "event": "job.registered", "level": "info", "timestamp": "2026-09-08T11:14:23.578838Z"}
Adding job tentatively -- it will be properly scheduled when the scheduler starts
{"job": "notify_expiring", "event": "job.registered", "level": "info", "timestamp": "2026-09-08T11:14:23.579251Z"}
Adding job tentatively -- it will be properly scheduled when the scheduler starts
{"job": "cleanup_deleted", "event": "job.registered", "level": "info", "timestamp": "2026-09-08T11:14:23.579721Z"}
Adding job tentatively -- it will be properly scheduled when the scheduler starts
{"job": "reconcile_payments", "event": "job.registered", "level": "info", "timestamp": "2026-09-08T11:14:23.580076Z"}
Adding job tentatively -- it will be properly scheduled when the scheduler starts
{"job": "reconcile_panel", "event": "job.registered", "level": "info", "timestamp": "2026-09-08T11:14:23.580824Z"}
Adding job tentatively -- it will be properly scheduled when the scheduler starts
{"job": "retry_provisioning", "event": "job.registered", "level": "info", "timestamp": "2026-09-08T11:14:23.581146Z"}
Adding job tentatively -- it will be properly scheduled when the scheduler starts
{"job": "notify_web_manual", "event": "job.registered", "level": "info", "timestamp": "2026-09-08T11:14:23.581412Z"}
Added job "sync_traffic" to job store "default"
Added job "expire_check" to job store "default"
Added job "notify_expiring" to job store "default"
Added job "cleanup_deleted" to job store "default"
Added job "reconcile_payments" to job store "default"
Added job "reconcile_panel" to job store "default"
Added job "retry_provisioning" to job store "default"
Added job "notify_web_manual_payments" to job store "default"
Scheduler started
{"event": "scheduler.started", "level": "info", "timestamp": "2026-09-08T11:14:23.583555Z"}
{"event": "polling.started", "level": "info", "timestamp": "2026-09-08T11:14:23.729424Z"}
{"port": 8081, "event": "internal_api.started", "level": "info", "timestamp": "2026-09-08T11:14:24.015442Z"}
Start polling
Run polling for bot @niro_vpn_bot id=8746092424 - 'NIRO VPN'
Failed to fetch updates - TelegramConflictError: Telegram server says - Conflict: terminated by other getUpdates request; make sure that only one bot instance is running
Sleep for 1.000000 seconds and try again... (tryings = 0, bot id = 8746092424)
Connection established (tryings = 1, bot id = 8746092424)
Failed to fetch updates - TelegramConflictError: Telegram server says - Conflict: terminated by other getUpdates request; make sure that only one bot instance is running
Sleep for 1.000000 seconds and try again... (tryings = 0, bot id = 8746092424)
Update id=711252153 is handled. Duration 254 ms by bot id=8746092424
Connection established (tryings = 1, bot id = 8746092424)
Update id=711252154 is handled. Duration 226 ms by bot id=8746092424
Update id=711252155 is handled. Duration 117 ms by bot id=8746092424
Update id=711252156 is handled. Duration 144 ms by bot id=8746092424
Failed to fetch updates - TelegramConflictError: Telegram server says - Conflict: terminated by other getUpdates request; make sure that only one bot instance is running
Sleep for 1.000000 seconds and try again... (tryings = 0, bot id = 8746092424)
Update id=711252157 is handled. Duration 148 ms by bot id=8746092424
Connection established (tryings = 1, bot id = 8746092424)
Update id=711252158 is handled. Duration 269 ms by bot id=8746092424
Update id=711252159 is handled. Duration 150 ms by bot id=8746092424
Failed to fetch updates - TelegramConflictError: Telegram server says - Conflict: terminated by other getUpdates request; make sure that only one bot instance is running
Sleep for 1.000000 seconds and try again... (tryings = 0, bot id = 8746092424)
Connection established (tryings = 1, bot id = 8746092424)
Update id=711252160 is handled. Duration 317 ms by bot id=8746092424
Update id=711252161 is handled. Duration 129 ms by bot id=8746092424
Failed to fetch updates - TelegramConflictError: Telegram server says - Conflict: terminated by other getUpdates request; make sure that only one bot instance is running
Sleep for 1.000000 seconds and try again... (tryings = 0, bot id = 8746092424)
Failed to fetch updates - TelegramConflictError: Telegram server says - Conflict: terminated by other getUpdates request; make sure that only one bot instance is running
Sleep for 1.320307 seconds and try again... (tryings = 1, bot id = 8746092424)
Failed to fetch updates - TelegramConflictError: Telegram server says - Conflict: terminated by other getUpdates request; make sure that only one bot instance is running
Sleep for 1.732154 seconds and try again... (tryings = 2, bot id = 8746092424)
Failed to fetch updates - TelegramConflictError: Telegram server says - Conflict: terminated by other getUpdates request; make sure that only one bot instance is running
Sleep for 2.286346 seconds and try again... (tryings = 3, bot id = 8746092424)
Failed to fetch updates - TelegramConflictError: Telegram server says - Conflict: terminated by other getUpdates request; make sure that only one bot instance is running
Sleep for 3.114336 seconds and try again... (tryings = 4, bot id = 8746092424)
Failed to fetch updates - TelegramConflictError: Telegram server says - Conflict: terminated by other getUpdates request; make sure that only one bot instance is running
Sleep for 4.150272 seconds and try again... (tryings = 5, bot id = 8746092424)
Failed to fetch updates - TelegramConflictError: Telegram server says - Conflict: terminated by other getUpdates request; make sure that only one bot instance is running
Sleep for 4.979819 seconds and try again... (tryings = 6, bot id = 8746092424)
Failed to fetch updates - TelegramConflictError: Telegram server says - Conflict: terminated by other getUpdates request; make sure that only one bot instance is running
Sleep for 5.048296 seconds and try again... (tryings = 7, bot id = 8746092424)
Failed to fetch updates - TelegramConflictError: Telegram server says - Conflict: terminated by other getUpdates request; make sure that only one bot instance is running
Sleep for 5.067047 seconds and try again... (tryings = 8, bot id = 8746092424)
Failed to fetch updates - TelegramConflictError: Telegram server says - Conflict: terminated by other getUpdates request; make sure that only one bot instance is running
Sleep for 4.923962 seconds and try again... (tryings = 9, bot id = 8746092424)
Failed to fetch updates - TelegramConflictError: Telegram server says - Conflict: terminated by other getUpdates request; make sure that only one bot instance is running
Sleep for 5.016311 seconds and try again... (tryings = 10, bot id = 8746092424)
Failed to fetch updates - TelegramConflictError: Telegram server says - Conflict: terminated by other getUpdates request; make sure that only one bot instance is running
Sleep for 5.063038 seconds and try again... (tryings = 11, bot id = 8746092424)
Failed to fetch updates - TelegramConflictError: Telegram server says - Conflict: terminated by other getUpdates request; make sure that only one bot instance is running
Sleep for 5.076792 seconds and try again... (tryings = 12, bot id = 8746092424)
Connection established (tryings = 13, bot id = 8746092424)
Update id=711252163 is handled. Duration 181 ms by bot id=8746092424
Update id=711252164 is handled. Duration 123 ms by bot id=8746092424
Update id=711252165 is handled. Duration 117 ms by bot id=8746092424
Update id=711252166 is handled. Duration 115 ms by bot id=8746092424
Update id=711252167 is handled. Duration 106 ms by bot id=8746092424
{"user_id": 1, "telegram_id": 8468512348, "event": "site.code_issued", "level": "info", "timestamp": "2026-09-08T11:19:38.300566Z"}
Update id=711252168 is handled. Duration 125 ms by bot id=8746092424
{"updated": 8, "event": "sync_traffic.done", "level": "info", "timestamp": "2026-09-08T11:29:25.921110Z"}
{"updated": 8, "event": "sync_traffic.done", "level": "info", "timestamp": "2026-09-08T11:44:26.037934Z"}
Update id=711252169 is handled. Duration 196 ms by bot id=8746092424
{"updated": 8, "event": "sync_traffic.done", "level": "info", "timestamp": "2026-09-08T11:59:25.632145Z"}
{"sent": 1, "event": "notify_expiring.done", "level": "info", "timestamp": "2026-09-08T12:14:24.102257Z"}
{"updated": 8, "event": "sync_traffic.done", "level": "info", "timestamp": "2026-09-08T12:14:25.681970Z"}
{"updated": 8, "event": "sync_traffic.done", "level": "info", "timestamp": "2026-09-08T12:29:25.683456Z"}
{"updated": 8, "event": "sync_traffic.done", "level": "info", "timestamp": "2026-09-08T12:44:25.703226Z"}
{"updated": 8, "event": "sync_traffic.done", "level": "info", "timestamp": "2026-09-08T12:59:25.803601Z"}
{"updated": 8, "event": "sync_traffic.done", "level": "info", "timestamp": "2026-09-08T13:14:25.683263Z"}
{"updated": 8, "event": "sync_traffic.done", "level": "info", "timestamp": "2026-09-08T13:29:25.793482Z"}
{"updated": 8, "event": "sync_traffic.done", "level": "info", "timestamp": "2026-09-08T13:44:25.811607Z"}
{"updated": 8, "event": "sync_traffic.done", "level": "info", "timestamp": "2026-09-08T13:59:25.795093Z"}
{"updated": 8, "event": "sync_traffic.done", "level": "info", "timestamp": "2026-09-08T14:14:25.663999Z"}
{"updated": 8, "event": "sync_traffic.done", "level": "info", "timestamp": "2026-09-08T14:29:25.763994Z"}
{"updated": 8, "event": "sync_traffic.done", "level": "info", "timestamp": "2026-09-08T14:44:25.684777Z"}
{"updated": 8, "event": "sync_traffic.done", "level": "info", "timestamp": "2026-09-08T14:59:25.925905Z"}
{"updated": 8, "event": "sync_traffic.done", "level": "info", "timestamp": "2026-09-08T15:14:25.717934Z"}
{"updated": 8, "event": "sync_traffic.done", "level": "info", "timestamp": "2026-09-08T15:29:25.724899Z"}
{"updated": 8, "event": "sync_traffic.done", "level": "info", "timestamp": "2026-09-08T15:44:25.795135Z"}
{"updated": 8, "event": "sync_traffic.done", "level": "info", "timestamp": "2026-09-08T15:59:25.651218Z"}
{"updated": 8, "event": "sync_traffic.done", "level": "info", "timestamp": "2026-09-08T16:14:25.780483Z"}
{"updated": 8, "event": "sync_traffic.done", "level": "info", "timestamp": "2026-09-08T16:29:25.864055Z"}
{"updated": 8, "event": "sync_traffic.done", "level": "info", "timestamp": "2026-09-08T16:44:25.901369Z"}
{"updated": 8, "event": "sync_traffic.done", "level": "info", "timestamp": "2026-09-08T16:59:25.619416Z"}
{"updated": 8, "event": "sync_traffic.done", "level": "info", "timestamp": "2026-09-08T17:14:25.752856Z"}
{"updated": 8, "event": "sync_traffic.done", "level": "info", "timestamp": "2026-09-08T17:29:25.872430Z"}
{"updated": 8, "event": "sync_traffic.done", "level": "info", "timestamp": "2026-09-08T17:44:25.770942Z"}
{"updated": 8, "event": "sync_traffic.done", "level": "info", "timestamp": "2026-09-08T17:59:26.183068Z"}
{"updated": 8, "event": "sync_traffic.done", "level": "info", "timestamp": "2026-09-08T18:14:26.240484Z"}
{"updated": 8, "event": "sync_traffic.done", "level": "info", "timestamp": "2026-09-08T18:29:25.974210Z"}
{"updated": 8, "event": "sync_traffic.done", "level": "info", "timestamp": "2026-09-08T18:44:26.230461Z"}
{"updated": 8, "event": "sync_traffic.done", "level": "info", "timestamp": "2026-09-08T18:59:26.058482Z"}
{"updated": 8, "event": "sync_traffic.done", "level": "info", "timestamp": "2026-09-08T19:14:26.089226Z"}
{"updated": 8, "event": "sync_traffic.done", "level": "info", "timestamp": "2026-09-08T19:29:25.864591Z"}
{"updated": 8, "event": "sync_traffic.done", "level": "info", "timestamp": "2026-09-08T19:44:25.919230Z"}
{"updated": 8, "event": "sync_traffic.done", "level": "info", "timestamp": "2026-09-08T19:59:25.880864Z"}
{"updated": 8, "event": "sync_traffic.done", "level": "info", "timestamp": "2026-09-08T20:14:25.942141Z"}
{"updated": 8, "event": "sync_traffic.done", "level": "info", "timestamp": "2026-09-08T20:29:25.741553Z"}
{"updated": 8, "event": "sync_traffic.done", "level": "info", "timestamp": "2026-09-08T20:44:25.754204Z"}
Update id=711252170 is handled. Duration 162 ms by bot id=8746092424
Update id=711252171 is handled. Duration 227 ms by bot id=8746092424
Update id=711252172 is handled. Duration 127 ms by bot id=8746092424
Update id=711252173 is handled. Duration 889 ms by bot id=8746092424
{"updated": 8, "event": "sync_traffic.done", "level": "info", "timestamp": "2026-09-08T20:59:25.531231Z"}
{"telegram_id": 5435975876, "event": "start.site_code_issued", "level": "info", "timestamp": "2026-09-08T20:59:37.868748Z"}
Update id=711252174 is handled. Duration 228 ms by bot id=8746092424
Update id=711252175 is handled. Duration 192 ms by bot id=8746092424
Update id=711252176 is handled. Duration 147 ms by bot id=8746092424
Update id=711252177 is handled. Duration 158 ms by bot id=8746092424
Update id=711252178 is handled. Duration 109 ms by bot id=8746092424
Update id=711252179 is handled. Duration 121 ms by bot id=8746092424
Update id=711252180 is handled. Duration 198 ms by bot id=8746092424
Update id=711252181 is handled. Duration 130 ms by bot id=8746092424
Update id=711252182 is handled. Duration 126 ms by bot id=8746092424
Update id=711252183 is handled. Duration 378 ms by bot id=8746092424
Update id=711252184 is handled. Duration 168 ms by bot id=8746092424
{"user_id": 1, "telegram_id": 8468512348, "event": "site.code_issued", "level": "info", "timestamp": "2026-09-08T21:04:17.699674Z"}
Update id=711252185 is handled. Duration 219 ms by bot id=8746092424
Update id=711252186 is handled. Duration 91 ms by bot id=8746092424
Update id=711252187 is handled. Duration 329 ms by bot id=8746092424
Update id=711252188 is handled. Duration 146 ms by bot id=8746092424
Update id=711252189 is handled. Duration 272 ms by bot id=8746092424
{"update_id": 711252190, "err": "1 validation error for AdminCB\ntarget_id\n  Input should be a valid integer [type=int_type, input_value=None, input_type=NoneType]\n    For further information visit https://errors.pydantic.dev/2.9/v/int_type", "event": "handler.error", "level": "error", "timestamp": "2026-09-08T21:06:38.105476Z"}
Update id=711252190 is handled. Duration 163 ms by bot id=8746092424
Update id=711252191 is handled. Duration 100 ms by bot id=8746092424
Update id=711252192 is handled. Duration 179 ms by bot id=8746092424
Update id=711252193 is handled. Duration 93 ms by bot id=8746092424
Update id=711252194 is handled. Duration 181 ms by bot id=8746092424
Update id=711252195 is handled. Duration 95 ms by bot id=8746092424
Update id=711252196 is handled. Duration 192 ms by bot id=8746092424
Update id=711252197 is handled. Duration 179 ms by bot id=8746092424
Update id=711252198 is handled. Duration 87 ms by bot id=8746092424
Update id=711252199 is handled. Duration 176 ms by bot id=8746092424
Update id=711252200 is handled. Duration 98 ms by bot id=8746092424
Update id=711252201 is handled. Duration 372 ms by bot id=8746092424
{"sub_id": 5, "until": "2027-03-24T18:02:57.977602+00:00", "event": "renew.ok", "level": "info", "timestamp": "2026-09-08T21:07:06.261793Z"}
Update id=711252202 is handled. Duration 728 ms by bot id=8746092424
Update id=711252203 is handled. Duration 118 ms by bot id=8746092424
Update id=711252204 is handled. Duration 195 ms by bot id=8746092424
Update id=711252205 is handled. Duration 96 ms by bot id=8746092424
Update id=711252206 is handled. Duration 267 ms by bot id=8746092424
Update id=711252207 is handled. Duration 99 ms by bot id=8746092424
Update id=711252208 is handled. Duration 121 ms by bot id=8746092424
Update id=711252209 is handled. Duration 146 ms by bot id=8746092424
Update id=711252210 is handled. Duration 510 ms by bot id=8746092424
Update id=711252211 is handled. Duration 149 ms by bot id=8746092424
Update id=711252212 is handled. Duration 201 ms by bot id=8746092424
{"updated": 8, "event": "sync_traffic.done", "level": "info", "timestamp": "2026-09-08T21:14:25.487038Z"}
{"updated": 7, "event": "sync_traffic.done", "level": "info", "timestamp": "2026-09-08T21:29:25.786898Z"}
Update id=711252213 is handled. Duration 321 ms by bot id=8746092424
Update id=711252214 is handled. Duration 90 ms by bot id=8746092424
{"updated": 7, "event": "sync_traffic.done", "level": "info", "timestamp": "2026-09-08T21:44:25.671478Z"}
{"updated": 7, "event": "sync_traffic.done", "level": "info", "timestamp": "2026-09-08T21:59:25.745971Z"}
{"updated": 7, "event": "sync_traffic.done", "level": "info", "timestamp": "2026-09-08T22:14:25.964400Z"}
{"updated": 7, "event": "sync_traffic.done", "level": "info", "timestamp": "2026-09-08T22:29:25.808562Z"}
{"updated": 7, "event": "sync_traffic.done", "level": "info", "timestamp": "2026-09-08T22:44:25.818002Z"}
{"updated": 7, "event": "sync_traffic.done", "level": "info", "timestamp": "2026-09-08T22:59:25.646673Z"}
{"updated": 7, "event": "sync_traffic.done", "level": "info", "timestamp": "2026-09-08T23:14:25.604532Z"}
{"updated": 7, "event": "sync_traffic.done", "level": "info", "timestamp": "2026-09-08T23:29:25.735388Z"}
{"updated": 7, "event": "sync_traffic.done", "level": "info", "timestamp": "2026-09-08T23:44:24.628031Z"}
{"updated": 7, "event": "sync_traffic.done", "level": "info", "timestamp": "2026-09-08T23:59:25.648904Z"}
{"updated": 7, "event": "sync_traffic.done", "level": "info", "timestamp": "2026-09-09T00:14:25.873194Z"}
{"updated": 7, "event": "sync_traffic.done", "level": "info", "timestamp": "2026-09-09T00:29:25.807598Z"}
{"updated": 7, "event": "sync_traffic.done", "level": "info", "timestamp": "2026-09-09T00:44:25.848355Z"}
{"updated": 7, "event": "sync_traffic.done", "level": "info", "timestamp": "2026-09-09T00:59:25.768217Z"}
Failed to fetch updates - TelegramServerError: Telegram server says - Bad Gateway
Sleep for 1.000000 seconds and try again... (tryings = 0, bot id = 8746092424)
Failed to fetch updates - TelegramServerError: Telegram server says - Bad Gateway
Sleep for 1.253145 seconds and try again... (tryings = 1, bot id = 8746092424)
Failed to fetch updates - TelegramServerError: Telegram server says - Bad Gateway
Sleep for 1.619776 seconds and try again... (tryings = 2, bot id = 8746092424)
Connection established (tryings = 3, bot id = 8746092424)
{"updated": 7, "event": "sync_traffic.done", "level": "info", "timestamp": "2026-09-09T01:14:25.896132Z"}
{"updated": 7, "event": "sync_traffic.done", "level": "info", "timestamp": "2026-09-09T01:29:25.800571Z"}
{"updated": 7, "event": "sync_traffic.done", "level": "info", "timestamp": "2026-09-09T01:44:25.765259Z"}
{"updated": 7, "event": "sync_traffic.done", "level": "info", "timestamp": "2026-09-09T01:59:25.682622Z"}
{"updated": 7, "event": "sync_traffic.done", "level": "info", "timestamp": "2026-09-09T02:14:25.795537Z"}
Failed to fetch updates - TelegramNetworkError: HTTP Client says - ClientOSError: [Errno 104] Connection reset by peer
Sleep for 1.000000 seconds and try again... (tryings = 0, bot id = 8746092424)
Connection established (tryings = 1, bot id = 8746092424)
{"updated": 7, "event": "sync_traffic.done", "level": "info", "timestamp": "2026-09-09T02:29:25.839125Z"}
{"updated": 7, "event": "sync_traffic.done", "level": "info", "timestamp": "2026-09-09T02:44:25.622935Z"}
{"updated": 7, "event": "sync_traffic.done", "level": "info", "timestamp": "2026-09-09T02:59:25.653576Z"}
{"updated": 7, "event": "sync_traffic.done", "level": "info", "timestamp": "2026-09-09T03:14:25.652591Z"}
{"updated": 7, "event": "sync_traffic.done", "level": "info", "timestamp": "2026-09-09T03:29:25.696982Z"}
{"updated": 7, "event": "sync_traffic.done", "level": "info", "timestamp": "2026-09-09T03:44:25.804796Z"}
{"updated": 7, "event": "sync_traffic.done", "level": "info", "timestamp": "2026-09-09T03:59:25.721443Z"}
{"updated": 7, "event": "sync_traffic.done", "level": "info", "timestamp": "2026-09-09T04:14:25.763453Z"}
{"updated": 7, "event": "sync_traffic.done", "level": "info", "timestamp": "2026-09-09T04:29:25.813286Z"}
{"updated": 7, "event": "sync_traffic.done", "level": "info", "timestamp": "2026-09-09T04:44:25.807409Z"}
{"updated": 7, "event": "sync_traffic.done", "level": "info", "timestamp": "2026-09-09T04:59:25.772039Z"}
{"updated": 7, "event": "sync_traffic.done", "level": "info", "timestamp": "2026-09-09T05:14:25.834864Z"}
{"updated": 7, "event": "sync_traffic.done", "level": "info", "timestamp": "2026-09-09T05:29:25.654285Z"}
{"updated": 7, "event": "sync_traffic.done", "level": "info", "timestamp": "2026-09-09T05:44:25.703185Z"}
{"updated": 7, "event": "sync_traffic.done", "level": "info", "timestamp": "2026-09-09T05:59:25.644999Z"}
{"updated": 7, "event": "sync_traffic.done", "level": "info", "timestamp": "2026-09-09T06:14:24.906469Z"}
{"updated": 7, "event": "sync_traffic.done", "level": "info", "timestamp": "2026-09-09T06:29:25.754042Z"}
{"updated": 7, "event": "sync_traffic.done", "level": "info", "timestamp": "2026-09-09T06:44:25.971402Z"}
Update id=711252215 is handled. Duration 144 ms by bot id=8746092424
Update id=711252216 is handled. Duration 138 ms by bot id=8746092424
Update id=711252217 is handled. Duration 115 ms by bot id=8746092424
{"updated": 7, "event": "sync_traffic.done", "level": "info", "timestamp": "2026-09-09T06:59:25.680857Z"}
Update id=711252218 is handled. Duration 166 ms by bot id=8746092424
Update id=711252219 is handled. Duration 213 ms by bot id=8746092424
Update id=711252220 is handled. Duration 117 ms by bot id=8746092424
Update id=711252221 is handled. Duration 126 ms by bot id=8746092424
{"updated": 7, "event": "sync_traffic.done", "level": "info", "timestamp": "2026-09-09T07:14:25.821218Z"}
{"updated": 7, "event": "sync_traffic.done", "level": "info", "timestamp": "2026-09-09T07:29:25.871473Z"}
{"updated": 7, "event": "sync_traffic.done", "level": "info", "timestamp": "2026-09-09T07:44:25.785156Z"}
{"updated": 7, "event": "sync_traffic.done", "level": "info", "timestamp": "2026-09-09T07:59:26.050554Z"}
{"updated": 7, "event": "sync_traffic.done", "level": "info", "timestamp": "2026-09-09T08:14:25.766089Z"}
{"updated": 7, "event": "sync_traffic.done", "level": "info", "timestamp": "2026-09-09T08:29:25.658918Z"}
{"updated": 7, "event": "sync_traffic.done", "level": "info", "timestamp": "2026-09-09T08:44:25.919005Z"}
{"updated": 7, "event": "sync_traffic.done", "level": "info", "timestamp": "2026-09-09T08:59:25.828635Z"}
{"updated": 7, "event": "sync_traffic.done", "level": "info", "timestamp": "2026-09-09T09:14:25.977227Z"}
Failed to fetch updates - TelegramNetworkError: HTTP Client says - ClientOSError: [Errno 104] Connection reset by peer
Sleep for 1.000000 seconds and try again... (tryings = 0, bot id = 8746092424)
Connection established (tryings = 1, bot id = 8746092424)
{"updated": 7, "event": "sync_traffic.done", "level": "info", "timestamp": "2026-09-09T09:29:25.734794Z"}
{"updated": 7, "event": "sync_traffic.done", "level": "info", "timestamp": "2026-09-09T09:44:25.880312Z"}
{"updated": 7, "event": "sync_traffic.done", "level": "info", "timestamp": "2026-09-09T09:59:25.852264Z"}
{"updated": 7, "event": "sync_traffic.done", "level": "info", "timestamp": "2026-09-09T10:14:25.883432Z"}
{"updated": 7, "event": "sync_traffic.done", "level": "info", "timestamp": "2026-09-09T10:29:25.674107Z"}
{"updated": 7, "event": "sync_traffic.done", "level": "info", "timestamp": "2026-09-09T10:44:25.927171Z"}
{"updated": 7, "event": "sync_traffic.done", "level": "info", "timestamp": "2026-09-09T10:59:25.773914Z"}
{"updated": 7, "event": "sync_traffic.done", "level": "info", "timestamp": "2026-09-09T11:14:25.772886Z"}
{"updated": 7, "event": "sync_traffic.done", "level": "info", "timestamp": "2026-09-09T11:29:25.956120Z"}
{"updated": 7, "event": "sync_traffic.done", "level": "info", "timestamp": "2026-09-09T11:44:25.812098Z"}
{"updated": 7, "event": "sync_traffic.done", "level": "info", "timestamp": "2026-09-09T11:59:25.906206Z"}
{"job": "reconcile_payments", "err": "", "tb": "-packages/httpx/_client.py\", line 1585, in request\n    return await self.send(request, auth=auth, follow_redirects=follow_redirects)\n           ^^^^^^^^^^^^^^^^^^^^^^^^^^^^^^^^^^^^^^^^^^^^^^^^^^^^^^^^^^^^^^^^^^^^^^\n  File \"/opt/vpn_tg/.venv/lib/python3.12/site-packages/httpx/_client.py\", line 1674, in send\n    response = await self._send_handling_auth(\n               ^^^^^^^^^^^^^^^^^^^^^^^^^^^^^^^\n  File \"/opt/vpn_tg/.venv/lib/python3.12/site-packages/httpx/_client.py\", line 1702, in _send_handling_auth\n    response = await self._send_handling_redirects(\n               ^^^^^^^^^^^^^^^^^^^^^^^^^^^^^^^^^^^^\n  File \"/opt/vpn_tg/.venv/lib/python3.12/site-packages/httpx/_client.py\", line 1739, in _send_handling_redirects\n    response = await self._send_single_request(request)\n               ^^^^^^^^^^^^^^^^^^^^^^^^^^^^^^^^^^^^^^^^\n  File \"/opt/vpn_tg/.venv/lib/python3.12/site-packages/httpx/_client.py\", line 1776, in _send_single_request\n    response = await transport.handle_async_request(request)\n               ^^^^^^^^^^^^^^^^^^^^^^^^^^^^^^^^^^^^^^^^^^^^^\n  File \"/opt/vpn_tg/.venv/lib/python3.12/site-packages/httpx/_transports/default.py\", line 376, in handle_async_request\n    with map_httpcore_exceptions():\n  File \"/usr/lib/python3.12/contextlib.py\", line 158, in __exit__\n    self.gen.throw(value)\n  File \"/opt/vpn_tg/.venv/lib/python3.12/site-packages/httpx/_transports/default.py\", line 89, in map_httpcore_exceptions\n    raise mapped_exc(message) from exc\nhttpx.ConnectTimeout\n", "event": "job.failed", "level": "error", "timestamp": "2026-09-09T12:04:43.764201Z"}
Job "reconcile_payments (trigger: interval[0:05:00], next run at: 2026-09-09 12:09:23 UTC)" raised an exception
Traceback (most recent call last):
  File "/opt/vpn_tg/.venv/lib/python3.12/site-packages/httpx/_transports/default.py", line 72, in map_httpcore_exceptions
    yield
  File "/opt/vpn_tg/.venv/lib/python3.12/site-packages/httpx/_transports/default.py", line 377, in handle_async_request
    resp = await self._pool.handle_async_request(req)
           ^^^^^^^^^^^^^^^^^^^^^^^^^^^^^^^^^^^^^^^^^^
  File "/opt/vpn_tg/.venv/lib/python3.12/site-packages/httpcore/_async/connection_pool.py", line 256, in handle_async_request
    raise exc from None
  File "/opt/vpn_tg/.venv/lib/python3.12/site-packages/httpcore/_async/connection_pool.py", line 236, in handle_async_request
    response = await connection.handle_async_request(
               ^^^^^^^^^^^^^^^^^^^^^^^^^^^^^^^^^^^^^^
  File "/opt/vpn_tg/.venv/lib/python3.12/site-packages/httpcore/_async/connection.py", line 101, in handle_async_request
    raise exc
  File "/opt/vpn_tg/.venv/lib/python3.12/site-packages/httpcore/_async/connection.py", line 78, in handle_async_request
    stream = await self._connect(request)
             ^^^^^^^^^^^^^^^^^^^^^^^^^^^^
  File "/opt/vpn_tg/.venv/lib/python3.12/site-packages/httpcore/_async/connection.py", line 156, in _connect
    stream = await stream.start_tls(**kwargs)
             ^^^^^^^^^^^^^^^^^^^^^^^^^^^^^^^^
  File "/opt/vpn_tg/.venv/lib/python3.12/site-packages/httpcore/_backends/anyio.py", line 67, in start_tls
    with map_exceptions(exc_map):
  File "/usr/lib/python3.12/contextlib.py", line 158, in __exit__
    self.gen.throw(value)
  File "/opt/vpn_tg/.venv/lib/python3.12/site-packages/httpcore/_exceptions.py", line 14, in map_exceptions
    raise to_exc(exc) from exc
httpcore.ConnectTimeout

The above exception was the direct cause of the following exception:

Traceback (most recent call last):
  File "/opt/vpn_tg/.venv/lib/python3.12/site-packages/apscheduler/executors/base_py3.py", line 30, in run_coroutine_job
    retval = await job.func(*job.args, **job.kwargs)
             ^^^^^^^^^^^^^^^^^^^^^^^^^^^^^^^^^^^^^^^
  File "/opt/vpn_tg/app/tasks/scheduler.py", line 34, in wrapper
    return await fn(*args, **kwargs)
           ^^^^^^^^^^^^^^^^^^^^^^^^^
  File "/opt/vpn_tg/app/tasks/jobs/__init__.py", line 183, in reconcile_payments
    return await reconcile_pending(session_factory, bot)
           ^^^^^^^^^^^^^^^^^^^^^^^^^^^^^^^^^^^^^^^^^^^^^
  File "/opt/vpn_tg/app/handlers/payments_yookassa.py", line 109, in reconcile_pending
    succeeded, _data = await yk.is_succeeded(str(api_id))
                       ^^^^^^^^^^^^^^^^^^^^^^^^^^^^^^^^^^
  File "/opt/vpn_tg/app/services/payments/yookassa.py", line 93, in is_succeeded
    data = await self.get_payment(payment_api_id)
           ^^^^^^^^^^^^^^^^^^^^^^^^^^^^^^^^^^^^^^
  File "/opt/vpn_tg/app/services/payments/yookassa.py", line 87, in get_payment
    resp = await self._http.get(f"/payments/{payment_api_id}", headers=self._auth_headers())
           ^^^^^^^^^^^^^^^^^^^^^^^^^^^^^^^^^^^^^^^^^^^^^^^^^^^^^^^^^^^^^^^^^^^^^^^^^^^^^^^^^
  File "/opt/vpn_tg/.venv/lib/python3.12/site-packages/httpx/_client.py", line 1814, in get
    return await self.request(
           ^^^^^^^^^^^^^^^^^^^
  File "/opt/vpn_tg/.venv/lib/python3.12/site-packages/httpx/_client.py", line 1585, in request
    return await self.send(request, auth=auth, follow_redirects=follow_redirects)
           ^^^^^^^^^^^^^^^^^^^^^^^^^^^^^^^^^^^^^^^^^^^^^^^^^^^^^^^^^^^^^^^^^^^^^^
  File "/opt/vpn_tg/.venv/lib/python3.12/site-packages/httpx/_client.py", line 1674, in send
    response = await self._send_handling_auth(
               ^^^^^^^^^^^^^^^^^^^^^^^^^^^^^^^
  File "/opt/vpn_tg/.venv/lib/python3.12/site-packages/httpx/_client.py", line 1702, in _send_handling_auth
    response = await self._send_handling_redirects(
               ^^^^^^^^^^^^^^^^^^^^^^^^^^^^^^^^^^^^
  File "/opt/vpn_tg/.venv/lib/python3.12/site-packages/httpx/_client.py", line 1739, in _send_handling_redirects
    response = await self._send_single_request(request)
               ^^^^^^^^^^^^^^^^^^^^^^^^^^^^^^^^^^^^^^^^
  File "/opt/vpn_tg/.venv/lib/python3.12/site-packages/httpx/_client.py", line 1776, in _send_single_request
    response = await transport.handle_async_request(request)
               ^^^^^^^^^^^^^^^^^^^^^^^^^^^^^^^^^^^^^^^^^^^^^
  File "/opt/vpn_tg/.venv/lib/python3.12/site-packages/httpx/_transports/default.py", line 376, in handle_async_request
    with map_httpcore_exceptions():
  File "/usr/lib/python3.12/contextlib.py", line 158, in __exit__
    self.gen.throw(value)
  File "/opt/vpn_tg/.venv/lib/python3.12/site-packages/httpx/_transports/default.py", line 89, in map_httpcore_exceptions
    raise mapped_exc(message) from exc
httpx.ConnectTimeout
{"updated": 7, "event": "sync_traffic.done", "level": "info", "timestamp": "2026-09-09T12:14:32.038692Z"}
{"job": "reconcile_payments", "err": "", "tb": "-packages/httpx/_client.py\", line 1585, in request\n    return await self.send(request, auth=auth, follow_redirects=follow_redirects)\n           ^^^^^^^^^^^^^^^^^^^^^^^^^^^^^^^^^^^^^^^^^^^^^^^^^^^^^^^^^^^^^^^^^^^^^^\n  File \"/opt/vpn_tg/.venv/lib/python3.12/site-packages/httpx/_client.py\", line 1674, in send\n    response = await self._send_handling_auth(\n               ^^^^^^^^^^^^^^^^^^^^^^^^^^^^^^^\n  File \"/opt/vpn_tg/.venv/lib/python3.12/site-packages/httpx/_client.py\", line 1702, in _send_handling_auth\n    response = await self._send_handling_redirects(\n               ^^^^^^^^^^^^^^^^^^^^^^^^^^^^^^^^^^^^\n  File \"/opt/vpn_tg/.venv/lib/python3.12/site-packages/httpx/_client.py\", line 1739, in _send_handling_redirects\n    response = await self._send_single_request(request)\n               ^^^^^^^^^^^^^^^^^^^^^^^^^^^^^^^^^^^^^^^^\n  File \"/opt/vpn_tg/.venv/lib/python3.12/site-packages/httpx/_client.py\", line 1776, in _send_single_request\n    response = await transport.handle_async_request(request)\n               ^^^^^^^^^^^^^^^^^^^^^^^^^^^^^^^^^^^^^^^^^^^^^\n  File \"/opt/vpn_tg/.venv/lib/python3.12/site-packages/httpx/_transports/default.py\", line 376, in handle_async_request\n    with map_httpcore_exceptions():\n  File \"/usr/lib/python3.12/contextlib.py\", line 158, in __exit__\n    self.gen.throw(value)\n  File \"/opt/vpn_tg/.venv/lib/python3.12/site-packages/httpx/_transports/default.py\", line 89, in map_httpcore_exceptions\n    raise mapped_exc(message) from exc\nhttpx.ConnectTimeout\n", "event": "job.failed", "level": "error", "timestamp": "2026-09-09T12:14:39.107374Z"}
Job "reconcile_payments (trigger: interval[0:05:00], next run at: 2026-09-09 12:19:23 UTC)" raised an exception
Traceback (most recent call last):
  File "/opt/vpn_tg/.venv/lib/python3.12/site-packages/httpx/_transports/default.py", line 72, in map_httpcore_exceptions
    yield
  File "/opt/vpn_tg/.venv/lib/python3.12/site-packages/httpx/_transports/default.py", line 377, in handle_async_request
    resp = await self._pool.handle_async_request(req)
           ^^^^^^^^^^^^^^^^^^^^^^^^^^^^^^^^^^^^^^^^^^
  File "/opt/vpn_tg/.venv/lib/python3.12/site-packages/httpcore/_async/connection_pool.py", line 256, in handle_async_request
    raise exc from None
  File "/opt/vpn_tg/.venv/lib/python3.12/site-packages/httpcore/_async/connection_pool.py", line 236, in handle_async_request
    response = await connection.handle_async_request(
               ^^^^^^^^^^^^^^^^^^^^^^^^^^^^^^^^^^^^^^
  File "/opt/vpn_tg/.venv/lib/python3.12/site-packages/httpcore/_async/connection.py", line 101, in handle_async_request
    raise exc
  File "/opt/vpn_tg/.venv/lib/python3.12/site-packages/httpcore/_async/connection.py", line 78, in handle_async_request
    stream = await self._connect(request)
             ^^^^^^^^^^^^^^^^^^^^^^^^^^^^
  File "/opt/vpn_tg/.venv/lib/python3.12/site-packages/httpcore/_async/connection.py", line 156, in _connect
    stream = await stream.start_tls(**kwargs)
             ^^^^^^^^^^^^^^^^^^^^^^^^^^^^^^^^
  File "/opt/vpn_tg/.venv/lib/python3.12/site-packages/httpcore/_backends/anyio.py", line 67, in start_tls
    with map_exceptions(exc_map):
  File "/usr/lib/python3.12/contextlib.py", line 158, in __exit__
    self.gen.throw(value)
  File "/opt/vpn_tg/.venv/lib/python3.12/site-packages/httpcore/_exceptions.py", line 14, in map_exceptions
    raise to_exc(exc) from exc
httpcore.ConnectTimeout

The above exception was the direct cause of the following exception:

Traceback (most recent call last):
  File "/opt/vpn_tg/.venv/lib/python3.12/site-packages/apscheduler/executors/base_py3.py", line 30, in run_coroutine_job
    retval = await job.func(*job.args, **job.kwargs)
             ^^^^^^^^^^^^^^^^^^^^^^^^^^^^^^^^^^^^^^^
  File "/opt/vpn_tg/app/tasks/scheduler.py", line 34, in wrapper
    return await fn(*args, **kwargs)
           ^^^^^^^^^^^^^^^^^^^^^^^^^
  File "/opt/vpn_tg/app/tasks/jobs/__init__.py", line 183, in reconcile_payments
    return await reconcile_pending(session_factory, bot)
           ^^^^^^^^^^^^^^^^^^^^^^^^^^^^^^^^^^^^^^^^^^^^^
  File "/opt/vpn_tg/app/handlers/payments_yookassa.py", line 109, in reconcile_pending
    succeeded, _data = await yk.is_succeeded(str(api_id))
                       ^^^^^^^^^^^^^^^^^^^^^^^^^^^^^^^^^^
  File "/opt/vpn_tg/app/services/payments/yookassa.py", line 93, in is_succeeded
    data = await self.get_payment(payment_api_id)
           ^^^^^^^^^^^^^^^^^^^^^^^^^^^^^^^^^^^^^^
  File "/opt/vpn_tg/app/services/payments/yookassa.py", line 87, in get_payment
    resp = await self._http.get(f"/payments/{payment_api_id}", headers=self._auth_headers())
           ^^^^^^^^^^^^^^^^^^^^^^^^^^^^^^^^^^^^^^^^^^^^^^^^^^^^^^^^^^^^^^^^^^^^^^^^^^^^^^^^^
  File "/opt/vpn_tg/.venv/lib/python3.12/site-packages/httpx/_client.py", line 1814, in get
    return await self.request(
           ^^^^^^^^^^^^^^^^^^^
  File "/opt/vpn_tg/.venv/lib/python3.12/site-packages/httpx/_client.py", line 1585, in request
    return await self.send(request, auth=auth, follow_redirects=follow_redirects)
           ^^^^^^^^^^^^^^^^^^^^^^^^^^^^^^^^^^^^^^^^^^^^^^^^^^^^^^^^^^^^^^^^^^^^^^
  File "/opt/vpn_tg/.venv/lib/python3.12/site-packages/httpx/_client.py", line 1674, in send
    response = await self._send_handling_auth(
               ^^^^^^^^^^^^^^^^^^^^^^^^^^^^^^^
  File "/opt/vpn_tg/.venv/lib/python3.12/site-packages/httpx/_client.py", line 1702, in _send_handling_auth
    response = await self._send_handling_redirects(
               ^^^^^^^^^^^^^^^^^^^^^^^^^^^^^^^^^^^^
  File "/opt/vpn_tg/.venv/lib/python3.12/site-packages/httpx/_client.py", line 1739, in _send_handling_redirects
    response = await self._send_single_request(request)
               ^^^^^^^^^^^^^^^^^^^^^^^^^^^^^^^^^^^^^^^^
  File "/opt/vpn_tg/.venv/lib/python3.12/site-packages/httpx/_client.py", line 1776, in _send_single_request
    response = await transport.handle_async_request(request)
               ^^^^^^^^^^^^^^^^^^^^^^^^^^^^^^^^^^^^^^^^^^^^^
  File "/opt/vpn_tg/.venv/lib/python3.12/site-packages/httpx/_transports/default.py", line 376, in handle_async_request
    with map_httpcore_exceptions():
  File "/usr/lib/python3.12/contextlib.py", line 158, in __exit__
    self.gen.throw(value)
  File "/opt/vpn_tg/.venv/lib/python3.12/site-packages/httpx/_transports/default.py", line 89, in map_httpcore_exceptions
    raise mapped_exc(message) from exc
httpx.ConnectTimeout
{"job": "reconcile_payments", "err": "", "tb": "-packages/httpx/_client.py\", line 1585, in request\n    return await self.send(request, auth=auth, follow_redirects=follow_redirects)\n           ^^^^^^^^^^^^^^^^^^^^^^^^^^^^^^^^^^^^^^^^^^^^^^^^^^^^^^^^^^^^^^^^^^^^^^\n  File \"/opt/vpn_tg/.venv/lib/python3.12/site-packages/httpx/_client.py\", line 1674, in send\n    response = await self._send_handling_auth(\n               ^^^^^^^^^^^^^^^^^^^^^^^^^^^^^^^\n  File \"/opt/vpn_tg/.venv/lib/python3.12/site-packages/httpx/_client.py\", line 1702, in _send_handling_auth\n    response = await self._send_handling_redirects(\n               ^^^^^^^^^^^^^^^^^^^^^^^^^^^^^^^^^^^^\n  File \"/opt/vpn_tg/.venv/lib/python3.12/site-packages/httpx/_client.py\", line 1739, in _send_handling_redirects\n    response = await self._send_single_request(request)\n               ^^^^^^^^^^^^^^^^^^^^^^^^^^^^^^^^^^^^^^^^\n  File \"/opt/vpn_tg/.venv/lib/python3.12/site-packages/httpx/_client.py\", line 1776, in _send_single_request\n    response = await transport.handle_async_request(request)\n               ^^^^^^^^^^^^^^^^^^^^^^^^^^^^^^^^^^^^^^^^^^^^^\n  File \"/opt/vpn_tg/.venv/lib/python3.12/site-packages/httpx/_transports/default.py\", line 376, in handle_async_request\n    with map_httpcore_exceptions():\n  File \"/usr/lib/python3.12/contextlib.py\", line 158, in __exit__\n    self.gen.throw(value)\n  File \"/opt/vpn_tg/.venv/lib/python3.12/site-packages/httpx/_transports/default.py\", line 89, in map_httpcore_exceptions\n    raise mapped_exc(message) from exc\nhttpx.ConnectTimeout\n", "event": "job.failed", "level": "error", "timestamp": "2026-09-09T12:24:38.749966Z"}
Job "reconcile_payments (trigger: interval[0:05:00], next run at: 2026-09-09 12:29:23 UTC)" raised an exception
Traceback (most recent call last):
  File "/opt/vpn_tg/.venv/lib/python3.12/site-packages/httpx/_transports/default.py", line 72, in map_httpcore_exceptions
    yield
  File "/opt/vpn_tg/.venv/lib/python3.12/site-packages/httpx/_transports/default.py", line 377, in handle_async_request
    resp = await self._pool.handle_async_request(req)
           ^^^^^^^^^^^^^^^^^^^^^^^^^^^^^^^^^^^^^^^^^^
  File "/opt/vpn_tg/.venv/lib/python3.12/site-packages/httpcore/_async/connection_pool.py", line 256, in handle_async_request
    raise exc from None
  File "/opt/vpn_tg/.venv/lib/python3.12/site-packages/httpcore/_async/connection_pool.py", line 236, in handle_async_request
    response = await connection.handle_async_request(
               ^^^^^^^^^^^^^^^^^^^^^^^^^^^^^^^^^^^^^^
  File "/opt/vpn_tg/.venv/lib/python3.12/site-packages/httpcore/_async/connection.py", line 101, in handle_async_request
    raise exc
  File "/opt/vpn_tg/.venv/lib/python3.12/site-packages/httpcore/_async/connection.py", line 78, in handle_async_request
    stream = await self._connect(request)
             ^^^^^^^^^^^^^^^^^^^^^^^^^^^^
  File "/opt/vpn_tg/.venv/lib/python3.12/site-packages/httpcore/_async/connection.py", line 156, in _connect
    stream = await stream.start_tls(**kwargs)
             ^^^^^^^^^^^^^^^^^^^^^^^^^^^^^^^^
  File "/opt/vpn_tg/.venv/lib/python3.12/site-packages/httpcore/_backends/anyio.py", line 67, in start_tls
    with map_exceptions(exc_map):
  File "/usr/lib/python3.12/contextlib.py", line 158, in __exit__
    self.gen.throw(value)
  File "/opt/vpn_tg/.venv/lib/python3.12/site-packages/httpcore/_exceptions.py", line 14, in map_exceptions
    raise to_exc(exc) from exc
httpcore.ConnectTimeout

The above exception was the direct cause of the following exception:

Traceback (most recent call last):
  File "/opt/vpn_tg/.venv/lib/python3.12/site-packages/apscheduler/executors/base_py3.py", line 30, in run_coroutine_job
    retval = await job.func(*job.args, **job.kwargs)
             ^^^^^^^^^^^^^^^^^^^^^^^^^^^^^^^^^^^^^^^
  File "/opt/vpn_tg/app/tasks/scheduler.py", line 34, in wrapper
    return await fn(*args, **kwargs)
           ^^^^^^^^^^^^^^^^^^^^^^^^^
  File "/opt/vpn_tg/app/tasks/jobs/__init__.py", line 183, in reconcile_payments
    return await reconcile_pending(session_factory, bot)
           ^^^^^^^^^^^^^^^^^^^^^^^^^^^^^^^^^^^^^^^^^^^^^
  File "/opt/vpn_tg/app/handlers/payments_yookassa.py", line 109, in reconcile_pending
    succeeded, _data = await yk.is_succeeded(str(api_id))
                       ^^^^^^^^^^^^^^^^^^^^^^^^^^^^^^^^^^
  File "/opt/vpn_tg/app/services/payments/yookassa.py", line 93, in is_succeeded
    data = await self.get_payment(payment_api_id)
           ^^^^^^^^^^^^^^^^^^^^^^^^^^^^^^^^^^^^^^
  File "/opt/vpn_tg/app/services/payments/yookassa.py", line 87, in get_payment
    resp = await self._http.get(f"/payments/{payment_api_id}", headers=self._auth_headers())
           ^^^^^^^^^^^^^^^^^^^^^^^^^^^^^^^^^^^^^^^^^^^^^^^^^^^^^^^^^^^^^^^^^^^^^^^^^^^^^^^^^
  File "/opt/vpn_tg/.venv/lib/python3.12/site-packages/httpx/_client.py", line 1814, in get
    return await self.request(
           ^^^^^^^^^^^^^^^^^^^
  File "/opt/vpn_tg/.venv/lib/python3.12/site-packages/httpx/_client.py", line 1585, in request
    return await self.send(request, auth=auth, follow_redirects=follow_redirects)
           ^^^^^^^^^^^^^^^^^^^^^^^^^^^^^^^^^^^^^^^^^^^^^^^^^^^^^^^^^^^^^^^^^^^^^^
  File "/opt/vpn_tg/.venv/lib/python3.12/site-packages/httpx/_client.py", line 1674, in send
    response = await self._send_handling_auth(
               ^^^^^^^^^^^^^^^^^^^^^^^^^^^^^^^
  File "/opt/vpn_tg/.venv/lib/python3.12/site-packages/httpx/_client.py", line 1702, in _send_handling_auth
    response = await self._send_handling_redirects(
               ^^^^^^^^^^^^^^^^^^^^^^^^^^^^^^^^^^^^
  File "/opt/vpn_tg/.venv/lib/python3.12/site-packages/httpx/_client.py", line 1739, in _send_handling_redirects
    response = await self._send_single_request(request)
               ^^^^^^^^^^^^^^^^^^^^^^^^^^^^^^^^^^^^^^^^
  File "/opt/vpn_tg/.venv/lib/python3.12/site-packages/httpx/_client.py", line 1776, in _send_single_request
    response = await transport.handle_async_request(request)
               ^^^^^^^^^^^^^^^^^^^^^^^^^^^^^^^^^^^^^^^^^^^^^
  File "/opt/vpn_tg/.venv/lib/python3.12/site-packages/httpx/_transports/default.py", line 376, in handle_async_request
    with map_httpcore_exceptions():
  File "/usr/lib/python3.12/contextlib.py", line 158, in __exit__
    self.gen.throw(value)
  File "/opt/vpn_tg/.venv/lib/python3.12/site-packages/httpx/_transports/default.py", line 89, in map_httpcore_exceptions
    raise mapped_exc(message) from exc
httpx.ConnectTimeout
{"updated": 7, "event": "sync_traffic.done", "level": "info", "timestamp": "2026-09-09T12:29:27.890844Z"}
{"job": "reconcile_payments", "err": "", "tb": "-packages/httpx/_client.py\", line 1585, in request\n    return await self.send(request, auth=auth, follow_redirects=follow_redirects)\n           ^^^^^^^^^^^^^^^^^^^^^^^^^^^^^^^^^^^^^^^^^^^^^^^^^^^^^^^^^^^^^^^^^^^^^^\n  File \"/opt/vpn_tg/.venv/lib/python3.12/site-packages/httpx/_client.py\", line 1674, in send\n    response = await self._send_handling_auth(\n               ^^^^^^^^^^^^^^^^^^^^^^^^^^^^^^^\n  File \"/opt/vpn_tg/.venv/lib/python3.12/site-packages/httpx/_client.py\", line 1702, in _send_handling_auth\n    response = await self._send_handling_redirects(\n               ^^^^^^^^^^^^^^^^^^^^^^^^^^^^^^^^^^^^\n  File \"/opt/vpn_tg/.venv/lib/python3.12/site-packages/httpx/_client.py\", line 1739, in _send_handling_redirects\n    response = await self._send_single_request(request)\n               ^^^^^^^^^^^^^^^^^^^^^^^^^^^^^^^^^^^^^^^^\n  File \"/opt/vpn_tg/.venv/lib/python3.12/site-packages/httpx/_client.py\", line 1776, in _send_single_request\n    response = await transport.handle_async_request(request)\n               ^^^^^^^^^^^^^^^^^^^^^^^^^^^^^^^^^^^^^^^^^^^^^\n  File \"/opt/vpn_tg/.venv/lib/python3.12/site-packages/httpx/_transports/default.py\", line 376, in handle_async_request\n    with map_httpcore_exceptions():\n  File \"/usr/lib/python3.12/contextlib.py\", line 158, in __exit__\n    self.gen.throw(value)\n  File \"/opt/vpn_tg/.venv/lib/python3.12/site-packages/httpx/_transports/default.py\", line 89, in map_httpcore_exceptions\n    raise mapped_exc(message) from exc\nhttpx.ConnectTimeout\n", "event": "job.failed", "level": "error", "timestamp": "2026-09-09T12:34:38.752153Z"}
Job "reconcile_payments (trigger: interval[0:05:00], next run at: 2026-09-09 12:39:23 UTC)" raised an exception
Traceback (most recent call last):
  File "/opt/vpn_tg/.venv/lib/python3.12/site-packages/httpx/_transports/default.py", line 72, in map_httpcore_exceptions
    yield
  File "/opt/vpn_tg/.venv/lib/python3.12/site-packages/httpx/_transports/default.py", line 377, in handle_async_request
    resp = await self._pool.handle_async_request(req)
           ^^^^^^^^^^^^^^^^^^^^^^^^^^^^^^^^^^^^^^^^^^
  File "/opt/vpn_tg/.venv/lib/python3.12/site-packages/httpcore/_async/connection_pool.py", line 256, in handle_async_request
    raise exc from None
  File "/opt/vpn_tg/.venv/lib/python3.12/site-packages/httpcore/_async/connection_pool.py", line 236, in handle_async_request
    response = await connection.handle_async_request(
               ^^^^^^^^^^^^^^^^^^^^^^^^^^^^^^^^^^^^^^
  File "/opt/vpn_tg/.venv/lib/python3.12/site-packages/httpcore/_async/connection.py", line 101, in handle_async_request
    raise exc
  File "/opt/vpn_tg/.venv/lib/python3.12/site-packages/httpcore/_async/connection.py", line 78, in handle_async_request
    stream = await self._connect(request)
             ^^^^^^^^^^^^^^^^^^^^^^^^^^^^
  File "/opt/vpn_tg/.venv/lib/python3.12/site-packages/httpcore/_async/connection.py", line 156, in _connect
    stream = await stream.start_tls(**kwargs)
             ^^^^^^^^^^^^^^^^^^^^^^^^^^^^^^^^
  File "/opt/vpn_tg/.venv/lib/python3.12/site-packages/httpcore/_backends/anyio.py", line 67, in start_tls
    with map_exceptions(exc_map):
  File "/usr/lib/python3.12/contextlib.py", line 158, in __exit__
    self.gen.throw(value)
  File "/opt/vpn_tg/.venv/lib/python3.12/site-packages/httpcore/_exceptions.py", line 14, in map_exceptions
    raise to_exc(exc) from exc
httpcore.ConnectTimeout

The above exception was the direct cause of the following exception:

Traceback (most recent call last):
  File "/opt/vpn_tg/.venv/lib/python3.12/site-packages/apscheduler/executors/base_py3.py", line 30, in run_coroutine_job
    retval = await job.func(*job.args, **job.kwargs)
             ^^^^^^^^^^^^^^^^^^^^^^^^^^^^^^^^^^^^^^^
  File "/opt/vpn_tg/app/tasks/scheduler.py", line 34, in wrapper
    return await fn(*args, **kwargs)
           ^^^^^^^^^^^^^^^^^^^^^^^^^
  File "/opt/vpn_tg/app/tasks/jobs/__init__.py", line 183, in reconcile_payments
    return await reconcile_pending(session_factory, bot)
           ^^^^^^^^^^^^^^^^^^^^^^^^^^^^^^^^^^^^^^^^^^^^^
  File "/opt/vpn_tg/app/handlers/payments_yookassa.py", line 109, in reconcile_pending
    succeeded, _data = await yk.is_succeeded(str(api_id))
                       ^^^^^^^^^^^^^^^^^^^^^^^^^^^^^^^^^^
  File "/opt/vpn_tg/app/services/payments/yookassa.py", line 93, in is_succeeded
    data = await self.get_payment(payment_api_id)
           ^^^^^^^^^^^^^^^^^^^^^^^^^^^^^^^^^^^^^^
  File "/opt/vpn_tg/app/services/payments/yookassa.py", line 87, in get_payment
    resp = await self._http.get(f"/payments/{payment_api_id}", headers=self._auth_headers())
           ^^^^^^^^^^^^^^^^^^^^^^^^^^^^^^^^^^^^^^^^^^^^^^^^^^^^^^^^^^^^^^^^^^^^^^^^^^^^^^^^^
  File "/opt/vpn_tg/.venv/lib/python3.12/site-packages/httpx/_client.py", line 1814, in get
    return await self.request(
           ^^^^^^^^^^^^^^^^^^^
  File "/opt/vpn_tg/.venv/lib/python3.12/site-packages/httpx/_client.py", line 1585, in request
    return await self.send(request, auth=auth, follow_redirects=follow_redirects)
           ^^^^^^^^^^^^^^^^^^^^^^^^^^^^^^^^^^^^^^^^^^^^^^^^^^^^^^^^^^^^^^^^^^^^^^
  File "/opt/vpn_tg/.venv/lib/python3.12/site-packages/httpx/_client.py", line 1674, in send
    response = await self._send_handling_auth(
               ^^^^^^^^^^^^^^^^^^^^^^^^^^^^^^^
  File "/opt/vpn_tg/.venv/lib/python3.12/site-packages/httpx/_client.py", line 1702, in _send_handling_auth
    response = await self._send_handling_redirects(
               ^^^^^^^^^^^^^^^^^^^^^^^^^^^^^^^^^^^^
  File "/opt/vpn_tg/.venv/lib/python3.12/site-packages/httpx/_client.py", line 1739, in _send_handling_redirects
    response = await self._send_single_request(request)
               ^^^^^^^^^^^^^^^^^^^^^^^^^^^^^^^^^^^^^^^^
  File "/opt/vpn_tg/.venv/lib/python3.12/site-packages/httpx/_client.py", line 1776, in _send_single_request
    response = await transport.handle_async_request(request)
               ^^^^^^^^^^^^^^^^^^^^^^^^^^^^^^^^^^^^^^^^^^^^^
  File "/opt/vpn_tg/.venv/lib/python3.12/site-packages/httpx/_transports/default.py", line 376, in handle_async_request
    with map_httpcore_exceptions():
  File "/usr/lib/python3.12/contextlib.py", line 158, in __exit__
    self.gen.throw(value)
  File "/opt/vpn_tg/.venv/lib/python3.12/site-packages/httpx/_transports/default.py", line 89, in map_httpcore_exceptions
    raise mapped_exc(message) from exc
httpx.ConnectTimeout
{"updated": 7, "event": "sync_traffic.done", "level": "info", "timestamp": "2026-09-09T12:44:28.855358Z"}
{"job": "reconcile_payments", "err": "", "tb": "-packages/httpx/_client.py\", line 1585, in request\n    return await self.send(request, auth=auth, follow_redirects=follow_redirects)\n           ^^^^^^^^^^^^^^^^^^^^^^^^^^^^^^^^^^^^^^^^^^^^^^^^^^^^^^^^^^^^^^^^^^^^^^\n  File \"/opt/vpn_tg/.venv/lib/python3.12/site-packages/httpx/_client.py\", line 1674, in send\n    response = await self._send_handling_auth(\n               ^^^^^^^^^^^^^^^^^^^^^^^^^^^^^^^\n  File \"/opt/vpn_tg/.venv/lib/python3.12/site-packages/httpx/_client.py\", line 1702, in _send_handling_auth\n    response = await self._send_handling_redirects(\n               ^^^^^^^^^^^^^^^^^^^^^^^^^^^^^^^^^^^^\n  File \"/opt/vpn_tg/.venv/lib/python3.12/site-packages/httpx/_client.py\", line 1739, in _send_handling_redirects\n    response = await self._send_single_request(request)\n               ^^^^^^^^^^^^^^^^^^^^^^^^^^^^^^^^^^^^^^^^\n  File \"/opt/vpn_tg/.venv/lib/python3.12/site-packages/httpx/_client.py\", line 1776, in _send_single_request\n    response = await transport.handle_async_request(request)\n               ^^^^^^^^^^^^^^^^^^^^^^^^^^^^^^^^^^^^^^^^^^^^^\n  File \"/opt/vpn_tg/.venv/lib/python3.12/site-packages/httpx/_transports/default.py\", line 376, in handle_async_request\n    with map_httpcore_exceptions():\n  File \"/usr/lib/python3.12/contextlib.py\", line 158, in __exit__\n    self.gen.throw(value)\n  File \"/opt/vpn_tg/.venv/lib/python3.12/site-packages/httpx/_transports/default.py\", line 89, in map_httpcore_exceptions\n    raise mapped_exc(message) from exc\nhttpx.ConnectTimeout\n", "event": "job.failed", "level": "error", "timestamp": "2026-09-09T12:44:38.834924Z"}
Job "reconcile_payments (trigger: interval[0:05:00], next run at: 2026-09-09 12:49:23 UTC)" raised an exception
Traceback (most recent call last):
  File "/opt/vpn_tg/.venv/lib/python3.12/site-packages/httpx/_transports/default.py", line 72, in map_httpcore_exceptions
    yield
  File "/opt/vpn_tg/.venv/lib/python3.12/site-packages/httpx/_transports/default.py", line 377, in handle_async_request
    resp = await self._pool.handle_async_request(req)
           ^^^^^^^^^^^^^^^^^^^^^^^^^^^^^^^^^^^^^^^^^^
  File "/opt/vpn_tg/.venv/lib/python3.12/site-packages/httpcore/_async/connection_pool.py", line 256, in handle_async_request
    raise exc from None
  File "/opt/vpn_tg/.venv/lib/python3.12/site-packages/httpcore/_async/connection_pool.py", line 236, in handle_async_request
    response = await connection.handle_async_request(
               ^^^^^^^^^^^^^^^^^^^^^^^^^^^^^^^^^^^^^^
  File "/opt/vpn_tg/.venv/lib/python3.12/site-packages/httpcore/_async/connection.py", line 101, in handle_async_request
    raise exc
  File "/opt/vpn_tg/.venv/lib/python3.12/site-packages/httpcore/_async/connection.py", line 78, in handle_async_request
    stream = await self._connect(request)
             ^^^^^^^^^^^^^^^^^^^^^^^^^^^^
  File "/opt/vpn_tg/.venv/lib/python3.12/site-packages/httpcore/_async/connection.py", line 156, in _connect
    stream = await stream.start_tls(**kwargs)
             ^^^^^^^^^^^^^^^^^^^^^^^^^^^^^^^^
  File "/opt/vpn_tg/.venv/lib/python3.12/site-packages/httpcore/_backends/anyio.py", line 67, in start_tls
    with map_exceptions(exc_map):
  File "/usr/lib/python3.12/contextlib.py", line 158, in __exit__
    self.gen.throw(value)
  File "/opt/vpn_tg/.venv/lib/python3.12/site-packages/httpcore/_exceptions.py", line 14, in map_exceptions
    raise to_exc(exc) from exc
httpcore.ConnectTimeout

The above exception was the direct cause of the following exception:

Traceback (most recent call last):
  File "/opt/vpn_tg/.venv/lib/python3.12/site-packages/apscheduler/executors/base_py3.py", line 30, in run_coroutine_job
    retval = await job.func(*job.args, **job.kwargs)
             ^^^^^^^^^^^^^^^^^^^^^^^^^^^^^^^^^^^^^^^
  File "/opt/vpn_tg/app/tasks/scheduler.py", line 34, in wrapper
    return await fn(*args, **kwargs)
           ^^^^^^^^^^^^^^^^^^^^^^^^^
  File "/opt/vpn_tg/app/tasks/jobs/__init__.py", line 183, in reconcile_payments
    return await reconcile_pending(session_factory, bot)
           ^^^^^^^^^^^^^^^^^^^^^^^^^^^^^^^^^^^^^^^^^^^^^
  File "/opt/vpn_tg/app/handlers/payments_yookassa.py", line 109, in reconcile_pending
    succeeded, _data = await yk.is_succeeded(str(api_id))
                       ^^^^^^^^^^^^^^^^^^^^^^^^^^^^^^^^^^
  File "/opt/vpn_tg/app/services/payments/yookassa.py", line 93, in is_succeeded
    data = await self.get_payment(payment_api_id)
           ^^^^^^^^^^^^^^^^^^^^^^^^^^^^^^^^^^^^^^
  File "/opt/vpn_tg/app/services/payments/yookassa.py", line 87, in get_payment
    resp = await self._http.get(f"/payments/{payment_api_id}", headers=self._auth_headers())
           ^^^^^^^^^^^^^^^^^^^^^^^^^^^^^^^^^^^^^^^^^^^^^^^^^^^^^^^^^^^^^^^^^^^^^^^^^^^^^^^^^
  File "/opt/vpn_tg/.venv/lib/python3.12/site-packages/httpx/_client.py", line 1814, in get
    return await self.request(
           ^^^^^^^^^^^^^^^^^^^
  File "/opt/vpn_tg/.venv/lib/python3.12/site-packages/httpx/_client.py", line 1585, in request
    return await self.send(request, auth=auth, follow_redirects=follow_redirects)
           ^^^^^^^^^^^^^^^^^^^^^^^^^^^^^^^^^^^^^^^^^^^^^^^^^^^^^^^^^^^^^^^^^^^^^^
  File "/opt/vpn_tg/.venv/lib/python3.12/site-packages/httpx/_client.py", line 1674, in send
    response = await self._send_handling_auth(
               ^^^^^^^^^^^^^^^^^^^^^^^^^^^^^^^
  File "/opt/vpn_tg/.venv/lib/python3.12/site-packages/httpx/_client.py", line 1702, in _send_handling_auth
    response = await self._send_handling_redirects(
               ^^^^^^^^^^^^^^^^^^^^^^^^^^^^^^^^^^^^
  File "/opt/vpn_tg/.venv/lib/python3.12/site-packages/httpx/_client.py", line 1739, in _send_handling_redirects
    response = await self._send_single_request(request)
               ^^^^^^^^^^^^^^^^^^^^^^^^^^^^^^^^^^^^^^^^
  File "/opt/vpn_tg/.venv/lib/python3.12/site-packages/httpx/_client.py", line 1776, in _send_single_request
    response = await transport.handle_async_request(request)
               ^^^^^^^^^^^^^^^^^^^^^^^^^^^^^^^^^^^^^^^^^^^^^
  File "/opt/vpn_tg/.venv/lib/python3.12/site-packages/httpx/_transports/default.py", line 376, in handle_async_request
    with map_httpcore_exceptions():
  File "/usr/lib/python3.12/contextlib.py", line 158, in __exit__
    self.gen.throw(value)
  File "/opt/vpn_tg/.venv/lib/python3.12/site-packages/httpx/_transports/default.py", line 89, in map_httpcore_exceptions
    raise mapped_exc(message) from exc
httpx.ConnectTimeout
{"updated": 7, "event": "sync_traffic.done", "level": "info", "timestamp": "2026-09-09T12:59:29.698935Z"}
{"job": "reconcile_payments", "err": "", "tb": "-packages/httpx/_client.py\", line 1585, in request\n    return await self.send(request, auth=auth, follow_redirects=follow_redirects)\n           ^^^^^^^^^^^^^^^^^^^^^^^^^^^^^^^^^^^^^^^^^^^^^^^^^^^^^^^^^^^^^^^^^^^^^^\n  File \"/opt/vpn_tg/.venv/lib/python3.12/site-packages/httpx/_client.py\", line 1674, in send\n    response = await self._send_handling_auth(\n               ^^^^^^^^^^^^^^^^^^^^^^^^^^^^^^^\n  File \"/opt/vpn_tg/.venv/lib/python3.12/site-packages/httpx/_client.py\", line 1702, in _send_handling_auth\n    response = await self._send_handling_redirects(\n               ^^^^^^^^^^^^^^^^^^^^^^^^^^^^^^^^^^^^\n  File \"/opt/vpn_tg/.venv/lib/python3.12/site-packages/httpx/_client.py\", line 1739, in _send_handling_redirects\n    response = await self._send_single_request(request)\n               ^^^^^^^^^^^^^^^^^^^^^^^^^^^^^^^^^^^^^^^^\n  File \"/opt/vpn_tg/.venv/lib/python3.12/site-packages/httpx/_client.py\", line 1776, in _send_single_request\n    response = await transport.handle_async_request(request)\n               ^^^^^^^^^^^^^^^^^^^^^^^^^^^^^^^^^^^^^^^^^^^^^\n  File \"/opt/vpn_tg/.venv/lib/python3.12/site-packages/httpx/_transports/default.py\", line 376, in handle_async_request\n    with map_httpcore_exceptions():\n  File \"/usr/lib/python3.12/contextlib.py\", line 158, in __exit__\n    self.gen.throw(value)\n  File \"/opt/vpn_tg/.venv/lib/python3.12/site-packages/httpx/_transports/default.py\", line 89, in map_httpcore_exceptions\n    raise mapped_exc(message) from exc\nhttpx.ConnectTimeout\n", "event": "job.failed", "level": "error", "timestamp": "2026-09-09T13:04:43.880949Z"}
Job "reconcile_payments (trigger: interval[0:05:00], next run at: 2026-09-09 13:09:23 UTC)" raised an exception
Traceback (most recent call last):
  File "/opt/vpn_tg/.venv/lib/python3.12/site-packages/httpx/_transports/default.py", line 72, in map_httpcore_exceptions
    yield
  File "/opt/vpn_tg/.venv/lib/python3.12/site-packages/httpx/_transports/default.py", line 377, in handle_async_request
    resp = await self._pool.handle_async_request(req)
           ^^^^^^^^^^^^^^^^^^^^^^^^^^^^^^^^^^^^^^^^^^
  File "/opt/vpn_tg/.venv/lib/python3.12/site-packages/httpcore/_async/connection_pool.py", line 256, in handle_async_request
    raise exc from None
  File "/opt/vpn_tg/.venv/lib/python3.12/site-packages/httpcore/_async/connection_pool.py", line 236, in handle_async_request
    response = await connection.handle_async_request(
               ^^^^^^^^^^^^^^^^^^^^^^^^^^^^^^^^^^^^^^
  File "/opt/vpn_tg/.venv/lib/python3.12/site-packages/httpcore/_async/connection.py", line 101, in handle_async_request
    raise exc
  File "/opt/vpn_tg/.venv/lib/python3.12/site-packages/httpcore/_async/connection.py", line 78, in handle_async_request
    stream = await self._connect(request)
             ^^^^^^^^^^^^^^^^^^^^^^^^^^^^
  File "/opt/vpn_tg/.venv/lib/python3.12/site-packages/httpcore/_async/connection.py", line 156, in _connect
    stream = await stream.start_tls(**kwargs)
             ^^^^^^^^^^^^^^^^^^^^^^^^^^^^^^^^
  File "/opt/vpn_tg/.venv/lib/python3.12/site-packages/httpcore/_backends/anyio.py", line 67, in start_tls
    with map_exceptions(exc_map):
  File "/usr/lib/python3.12/contextlib.py", line 158, in __exit__
    self.gen.throw(value)
  File "/opt/vpn_tg/.venv/lib/python3.12/site-packages/httpcore/_exceptions.py", line 14, in map_exceptions
    raise to_exc(exc) from exc
httpcore.ConnectTimeout

The above exception was the direct cause of the following exception:

Traceback (most recent call last):
  File "/opt/vpn_tg/.venv/lib/python3.12/site-packages/apscheduler/executors/base_py3.py", line 30, in run_coroutine_job
    retval = await job.func(*job.args, **job.kwargs)
             ^^^^^^^^^^^^^^^^^^^^^^^^^^^^^^^^^^^^^^^
  File "/opt/vpn_tg/app/tasks/scheduler.py", line 34, in wrapper
    return await fn(*args, **kwargs)
           ^^^^^^^^^^^^^^^^^^^^^^^^^
  File "/opt/vpn_tg/app/tasks/jobs/__init__.py", line 183, in reconcile_payments
    return await reconcile_pending(session_factory, bot)
           ^^^^^^^^^^^^^^^^^^^^^^^^^^^^^^^^^^^^^^^^^^^^^
  File "/opt/vpn_tg/app/handlers/payments_yookassa.py", line 109, in reconcile_pending
    succeeded, _data = await yk.is_succeeded(str(api_id))
                       ^^^^^^^^^^^^^^^^^^^^^^^^^^^^^^^^^^
  File "/opt/vpn_tg/app/services/payments/yookassa.py", line 93, in is_succeeded
    data = await self.get_payment(payment_api_id)
           ^^^^^^^^^^^^^^^^^^^^^^^^^^^^^^^^^^^^^^
  File "/opt/vpn_tg/app/services/payments/yookassa.py", line 87, in get_payment
    resp = await self._http.get(f"/payments/{payment_api_id}", headers=self._auth_headers())
           ^^^^^^^^^^^^^^^^^^^^^^^^^^^^^^^^^^^^^^^^^^^^^^^^^^^^^^^^^^^^^^^^^^^^^^^^^^^^^^^^^
  File "/opt/vpn_tg/.venv/lib/python3.12/site-packages/httpx/_client.py", line 1814, in get
    return await self.request(
           ^^^^^^^^^^^^^^^^^^^
  File "/opt/vpn_tg/.venv/lib/python3.12/site-packages/httpx/_client.py", line 1585, in request
    return await self.send(request, auth=auth, follow_redirects=follow_redirects)
           ^^^^^^^^^^^^^^^^^^^^^^^^^^^^^^^^^^^^^^^^^^^^^^^^^^^^^^^^^^^^^^^^^^^^^^
  File "/opt/vpn_tg/.venv/lib/python3.12/site-packages/httpx/_client.py", line 1674, in send
    response = await self._send_handling_auth(
               ^^^^^^^^^^^^^^^^^^^^^^^^^^^^^^^
  File "/opt/vpn_tg/.venv/lib/python3.12/site-packages/httpx/_client.py", line 1702, in _send_handling_auth
    response = await self._send_handling_redirects(
               ^^^^^^^^^^^^^^^^^^^^^^^^^^^^^^^^^^^^
  File "/opt/vpn_tg/.venv/lib/python3.12/site-packages/httpx/_client.py", line 1739, in _send_handling_redirects
    response = await self._send_single_request(request)
               ^^^^^^^^^^^^^^^^^^^^^^^^^^^^^^^^^^^^^^^^
  File "/opt/vpn_tg/.venv/lib/python3.12/site-packages/httpx/_client.py", line 1776, in _send_single_request
    response = await transport.handle_async_request(request)
               ^^^^^^^^^^^^^^^^^^^^^^^^^^^^^^^^^^^^^^^^^^^^^
  File "/opt/vpn_tg/.venv/lib/python3.12/site-packages/httpx/_transports/default.py", line 376, in handle_async_request
    with map_httpcore_exceptions():
  File "/usr/lib/python3.12/contextlib.py", line 158, in __exit__
    self.gen.throw(value)
  File "/opt/vpn_tg/.venv/lib/python3.12/site-packages/httpx/_transports/default.py", line 89, in map_httpcore_exceptions
    raise mapped_exc(message) from exc
httpx.ConnectTimeout
{"updated": 7, "event": "sync_traffic.done", "level": "info", "timestamp": "2026-09-09T13:14:25.953552Z"}
{"updated": 7, "event": "sync_traffic.done", "level": "info", "timestamp": "2026-09-09T13:29:25.989164Z"}
{"updated": 7, "event": "sync_traffic.done", "level": "info", "timestamp": "2026-09-09T13:44:25.718763Z"}
{"updated": 7, "event": "sync_traffic.done", "level": "info", "timestamp": "2026-09-09T13:59:25.717343Z"}
{"updated": 7, "event": "sync_traffic.done", "level": "info", "timestamp": "2026-09-09T14:14:25.834091Z"}
{"updated": 7, "event": "sync_traffic.done", "level": "info", "timestamp": "2026-09-09T14:29:25.944291Z"}
{"updated": 7, "event": "sync_traffic.done", "level": "info", "timestamp": "2026-09-09T14:44:26.036269Z"}
{"updated": 7, "event": "sync_traffic.done", "level": "info", "timestamp": "2026-09-09T14:59:25.716182Z"}
{"updated": 7, "event": "sync_traffic.done", "level": "info", "timestamp": "2026-09-09T15:14:26.101462Z"}
{"updated": 7, "event": "sync_traffic.done", "level": "info", "timestamp": "2026-09-09T15:29:25.859980Z"}
{"updated": 7, "event": "sync_traffic.done", "level": "info", "timestamp": "2026-09-09T15:44:25.730035Z"}
{"updated": 7, "event": "sync_traffic.done", "level": "info", "timestamp": "2026-09-09T15:59:25.723929Z"}
{"updated": 7, "event": "sync_traffic.done", "level": "info", "timestamp": "2026-09-09T16:14:25.690556Z"}
{"updated": 7, "event": "sync_traffic.done", "level": "info", "timestamp": "2026-09-09T16:29:25.940780Z"}
{"updated": 7, "event": "sync_traffic.done", "level": "info", "timestamp": "2026-09-09T16:44:25.731602Z"}
{"updated": 7, "event": "sync_traffic.done", "level": "info", "timestamp": "2026-09-09T16:59:25.703279Z"}
{"updated": 7, "event": "sync_traffic.done", "level": "info", "timestamp": "2026-09-09T17:14:25.800526Z"}
{"updated": 7, "event": "sync_traffic.done", "level": "info", "timestamp": "2026-09-09T17:29:25.750416Z"}
{"updated": 7, "event": "sync_traffic.done", "level": "info", "timestamp": "2026-09-09T17:44:24.806119Z"}
{"updated": 7, "event": "sync_traffic.done", "level": "info", "timestamp": "2026-09-09T17:59:25.959490Z"}
{"updated": 7, "event": "sync_traffic.done", "level": "info", "timestamp": "2026-09-09T18:14:25.831233Z"}
{"updated": 7, "event": "sync_traffic.done", "level": "info", "timestamp": "2026-09-09T18:29:25.893563Z"}
{"updated": 7, "event": "sync_traffic.done", "level": "info", "timestamp": "2026-09-09T18:44:25.694330Z"}
{"updated": 7, "event": "sync_traffic.done", "level": "info", "timestamp": "2026-09-09T18:59:25.689272Z"}
{"updated": 7, "event": "sync_traffic.done", "level": "info", "timestamp": "2026-09-09T19:14:25.700086Z"}
{"updated": 7, "event": "sync_traffic.done", "level": "info", "timestamp": "2026-09-09T19:29:25.689444Z"}
{"updated": 7, "event": "sync_traffic.done", "level": "info", "timestamp": "2026-09-09T19:44:25.785246Z"}
{"updated": 7, "event": "sync_traffic.done", "level": "info", "timestamp": "2026-09-09T19:59:26.193878Z"}
{"updated": 7, "event": "sync_traffic.done", "level": "info", "timestamp": "2026-09-09T20:14:25.763353Z"}
{"updated": 7, "event": "sync_traffic.done", "level": "info", "timestamp": "2026-09-09T20:29:25.684991Z"}
{"updated": 7, "event": "sync_traffic.done", "level": "info", "timestamp": "2026-09-09T20:44:25.779810Z"}
{"updated": 7, "event": "sync_traffic.done", "level": "info", "timestamp": "2026-09-09T20:59:25.943249Z"}
{"updated": 7, "event": "sync_traffic.done", "level": "info", "timestamp": "2026-09-09T21:14:25.887179Z"}
{"updated": 7, "event": "sync_traffic.done", "level": "info", "timestamp": "2026-09-09T21:29:25.662478Z"}
Failed to fetch updates - TelegramNetworkError: HTTP Client says - ClientOSError: [Errno 104] Connection reset by peer
Sleep for 1.000000 seconds and try again... (tryings = 0, bot id = 8746092424)
Connection established (tryings = 1, bot id = 8746092424)
{"updated": 7, "event": "sync_traffic.done", "level": "info", "timestamp": "2026-09-09T21:44:25.706298Z"}
{"updated": 7, "event": "sync_traffic.done", "level": "info", "timestamp": "2026-09-09T21:59:25.856925Z"}
{"updated": 7, "event": "sync_traffic.done", "level": "info", "timestamp": "2026-09-09T22:14:25.619110Z"}
{"updated": 7, "event": "sync_traffic.done", "level": "info", "timestamp": "2026-09-09T22:29:25.662139Z"}
{"updated": 7, "event": "sync_traffic.done", "level": "info", "timestamp": "2026-09-09T22:44:25.638831Z"}
{"updated": 7, "event": "sync_traffic.done", "level": "info", "timestamp": "2026-09-09T22:59:25.810997Z"}
{"updated": 7, "event": "sync_traffic.done", "level": "info", "timestamp": "2026-09-09T23:14:25.716920Z"}
{"updated": 7, "event": "sync_traffic.done", "level": "info", "timestamp": "2026-09-09T23:29:25.858372Z"}
{"updated": 7, "event": "sync_traffic.done", "level": "info", "timestamp": "2026-09-09T23:44:25.773785Z"}
{"updated": 7, "event": "sync_traffic.done", "level": "info", "timestamp": "2026-09-09T23:59:25.580026Z"}
{"updated": 7, "event": "sync_traffic.done", "level": "info", "timestamp": "2026-09-10T00:14:25.773991Z"}
{"updated": 7, "event": "sync_traffic.done", "level": "info", "timestamp": "2026-09-10T00:29:25.577440Z"}
{"updated": 7, "event": "sync_traffic.done", "level": "info", "timestamp": "2026-09-10T00:44:25.742998Z"}
{"updated": 7, "event": "sync_traffic.done", "level": "info", "timestamp": "2026-09-10T00:59:25.777629Z"}
Failed to fetch updates - TelegramRetryAfter: Telegram server says - Flood control exceeded on method 'GetUpdates'. Retry in 5 seconds.
Original description: Too Many Requests: retry after 5
(background on this error at: https://core.telegram.org/bots/faq#my-bot-is-hitting-limits-how-do-i-avoid-this)
Sleep for 1.000000 seconds and try again... (tryings = 0, bot id = 8746092424)
Failed to fetch updates - TelegramRetryAfter: Telegram server says - Flood control exceeded on method 'GetUpdates'. Retry in 5 seconds.
Original description: Too Many Requests: retry after 5
(background on this error at: https://core.telegram.org/bots/faq#my-bot-is-hitting-limits-how-do-i-avoid-this)
Sleep for 1.390558 seconds and try again... (tryings = 1, bot id = 8746092424)
Failed to fetch updates - TelegramServerError: Telegram server says - Bad Gateway
Sleep for 1.890616 seconds and try again... (tryings = 2, bot id = 8746092424)
Failed to fetch updates - TelegramServerError: Telegram server says - Bad Gateway
Sleep for 2.345149 seconds and try again... (tryings = 3, bot id = 8746092424)
Failed to fetch updates - TelegramServerError: Telegram server says - Bad Gateway
Sleep for 3.099980 seconds and try again... (tryings = 4, bot id = 8746092424)
Connection established (tryings = 5, bot id = 8746092424)
{"updated": 7, "event": "sync_traffic.done", "level": "info", "timestamp": "2026-09-10T01:14:25.576295Z"}
{"updated": 7, "event": "sync_traffic.done", "level": "info", "timestamp": "2026-09-10T01:29:25.677626Z"}
{"updated": 7, "event": "sync_traffic.done", "level": "info", "timestamp": "2026-09-10T01:44:25.612469Z"}
{"updated": 7, "event": "sync_traffic.done", "level": "info", "timestamp": "2026-09-10T01:59:25.591130Z"}
{"updated": 7, "event": "sync_traffic.done", "level": "info", "timestamp": "2026-09-10T02:14:25.571886Z"}
{"updated": 7, "event": "sync_traffic.done", "level": "info", "timestamp": "2026-09-10T02:29:25.587604Z"}
{"updated": 7, "event": "sync_traffic.done", "level": "info", "timestamp": "2026-09-10T02:44:25.582250Z"}
{"updated": 7, "event": "sync_traffic.done", "level": "info", "timestamp": "2026-09-10T02:59:25.575065Z"}
{"updated": 7, "event": "sync_traffic.done", "level": "info", "timestamp": "2026-09-10T03:14:25.620241Z"}
{"updated": 7, "event": "sync_traffic.done", "level": "info", "timestamp": "2026-09-10T03:29:25.575477Z"}
{"updated": 7, "event": "sync_traffic.done", "level": "info", "timestamp": "2026-09-10T03:44:25.575987Z"}
{"updated": 7, "event": "sync_traffic.done", "level": "info", "timestamp": "2026-09-10T03:59:25.588033Z"}
{"updated": 7, "event": "sync_traffic.done", "level": "info", "timestamp": "2026-09-10T04:14:25.684961Z"}
{"updated": 7, "event": "sync_traffic.done", "level": "info", "timestamp": "2026-09-10T04:29:25.712892Z"}
{"updated": 7, "event": "sync_traffic.done", "level": "info", "timestamp": "2026-09-10T04:44:25.639887Z"}
{"updated": 7, "event": "sync_traffic.done", "level": "info", "timestamp": "2026-09-10T04:59:25.583068Z"}
Failed to fetch updates - TelegramNetworkError: HTTP Client says - ClientOSError: [Errno 104] Connection reset by peer
Sleep for 1.000000 seconds and try again... (tryings = 0, bot id = 8746092424)
Connection established (tryings = 1, bot id = 8746092424)
{"updated": 7, "event": "sync_traffic.done", "level": "info", "timestamp": "2026-09-10T05:14:25.730003Z"}
{"updated": 7, "event": "sync_traffic.done", "level": "info", "timestamp": "2026-09-10T05:29:25.905388Z"}
{"updated": 7, "event": "sync_traffic.done", "level": "info", "timestamp": "2026-09-10T05:44:25.611084Z"}
{"updated": 7, "event": "sync_traffic.done", "level": "info", "timestamp": "2026-09-10T05:59:25.642984Z"}
{"updated": 7, "event": "sync_traffic.done", "level": "info", "timestamp": "2026-09-10T06:14:24.789099Z"}
{"updated": 7, "event": "sync_traffic.done", "level": "info", "timestamp": "2026-09-10T06:29:26.037195Z"}
Failed to fetch updates - TelegramNetworkError: HTTP Client says - ClientOSError: [Errno 104] Connection reset by peer
Sleep for 1.000000 seconds and try again... (tryings = 0, bot id = 8746092424)
Connection established (tryings = 1, bot id = 8746092424)
{"updated": 7, "event": "sync_traffic.done", "level": "info", "timestamp": "2026-09-10T06:44:25.682008Z"}
{"updated": 7, "event": "sync_traffic.done", "level": "info", "timestamp": "2026-09-10T06:59:25.847106Z"}
{"updated": 7, "event": "sync_traffic.done", "level": "info", "timestamp": "2026-09-10T07:14:25.904079Z"}
{"updated": 7, "event": "sync_traffic.done", "level": "info", "timestamp": "2026-09-10T07:29:25.996051Z"}
{"updated": 7, "event": "sync_traffic.done", "level": "info", "timestamp": "2026-09-10T07:44:25.933603Z"}
{"updated": 7, "event": "sync_traffic.done", "level": "info", "timestamp": "2026-09-10T07:59:25.786095Z"}
{"updated": 7, "event": "sync_traffic.done", "level": "info", "timestamp": "2026-09-10T08:14:25.674487Z"}
{"updated": 7, "event": "sync_traffic.done", "level": "info", "timestamp": "2026-09-10T08:29:25.651560Z"}
{"updated": 7, "event": "sync_traffic.done", "level": "info", "timestamp": "2026-09-10T08:44:25.715740Z"}
{"updated": 7, "event": "sync_traffic.done", "level": "info", "timestamp": "2026-09-10T08:59:25.651098Z"}
{"updated": 7, "event": "sync_traffic.done", "level": "info", "timestamp": "2026-09-10T09:14:25.648623Z"}
{"updated": 7, "event": "sync_traffic.done", "level": "info", "timestamp": "2026-09-10T09:29:25.613445Z"}
{"updated": 7, "event": "sync_traffic.done", "level": "info", "timestamp": "2026-09-10T09:44:25.874047Z"}
{"updated": 7, "event": "sync_traffic.done", "level": "info", "timestamp": "2026-09-10T09:59:25.738379Z"}
{"sent": 1, "event": "notify_expiring.done", "level": "info", "timestamp": "2026-09-10T10:14:23.944179Z"}
{"updated": 7, "event": "sync_traffic.done", "level": "info", "timestamp": "2026-09-10T10:14:25.753260Z"}
{"updated": 7, "event": "sync_traffic.done", "level": "info", "timestamp": "2026-09-10T10:29:25.802608Z"}
{"updated": 7, "event": "sync_traffic.done", "level": "info", "timestamp": "2026-09-10T10:44:25.688347Z"}
{"updated": 7, "event": "sync_traffic.done", "level": "info", "timestamp": "2026-09-10T10:59:25.731400Z"}
{"updated": 7, "event": "sync_traffic.done", "level": "info", "timestamp": "2026-09-10T11:14:25.774016Z"}
{"updated": 7, "event": "sync_traffic.done", "level": "info", "timestamp": "2026-09-10T11:29:25.776213Z"}
{"updated": 7, "event": "sync_traffic.done", "level": "info", "timestamp": "2026-09-10T11:44:25.970133Z"}
{"updated": 7, "event": "sync_traffic.done", "level": "info", "timestamp": "2026-09-10T11:59:25.734849Z"}
{"updated": 7, "event": "sync_traffic.done", "level": "info", "timestamp": "2026-09-10T12:14:25.753940Z"}
{"updated": 7, "event": "sync_traffic.done", "level": "info", "timestamp": "2026-09-10T12:29:25.816046Z"}
{"updated": 7, "event": "sync_traffic.done", "level": "info", "timestamp": "2026-09-10T12:44:25.683257Z"}
{"updated": 7, "event": "sync_traffic.done", "level": "info", "timestamp": "2026-09-10T12:59:25.801486Z"}
{"updated": 7, "event": "sync_traffic.done", "level": "info", "timestamp": "2026-09-10T13:14:25.868364Z"}
{"updated": 7, "event": "sync_traffic.done", "level": "info", "timestamp": "2026-09-10T13:29:25.651015Z"}
{"updated": 7, "event": "sync_traffic.done", "level": "info", "timestamp": "2026-09-10T13:44:25.853022Z"}
{"updated": 7, "event": "sync_traffic.done", "level": "info", "timestamp": "2026-09-10T13:59:25.944307Z"}
{"updated": 7, "event": "sync_traffic.done", "level": "info", "timestamp": "2026-09-10T14:14:26.093910Z"}
{"updated": 7, "event": "sync_traffic.done", "level": "info", "timestamp": "2026-09-10T14:29:25.837542Z"}
{"updated": 7, "event": "sync_traffic.done", "level": "info", "timestamp": "2026-09-10T14:44:25.835181Z"}
{"updated": 7, "event": "sync_traffic.done", "level": "info", "timestamp": "2026-09-10T14:59:25.618069Z"}
{"updated": 7, "event": "sync_traffic.done", "level": "info", "timestamp": "2026-09-10T15:14:25.941615Z"}
{"updated": 7, "event": "sync_traffic.done", "level": "info", "timestamp": "2026-09-10T15:29:25.937194Z"}
{"updated": 7, "event": "sync_traffic.done", "level": "info", "timestamp": "2026-09-10T15:44:25.713283Z"}
{"updated": 7, "event": "sync_traffic.done", "level": "info", "timestamp": "2026-09-10T15:59:25.857421Z"}
{"updated": 7, "event": "sync_traffic.done", "level": "info", "timestamp": "2026-09-10T16:14:25.781930Z"}
{"updated": 7, "event": "sync_traffic.done", "level": "info", "timestamp": "2026-09-10T16:29:25.679434Z"}
{"updated": 7, "event": "sync_traffic.done", "level": "info", "timestamp": "2026-09-10T16:44:25.784748Z"}
{"updated": 7, "event": "sync_traffic.done", "level": "info", "timestamp": "2026-09-10T16:59:25.610334Z"}
{"updated": 7, "event": "sync_traffic.done", "level": "info", "timestamp": "2026-09-10T17:14:25.858709Z"}
{"updated": 7, "event": "sync_traffic.done", "level": "info", "timestamp": "2026-09-10T17:29:25.715903Z"}
Failed to fetch updates - TelegramNetworkError: HTTP Client says - ClientOSError: [Errno 104] Connection reset by peer
Sleep for 1.000000 seconds and try again... (tryings = 0, bot id = 8746092424)
Connection established (tryings = 1, bot id = 8746092424)
{"updated": 7, "event": "sync_traffic.done", "level": "info", "timestamp": "2026-09-10T17:44:25.774733Z"}
{"updated": 7, "event": "sync_traffic.done", "level": "info", "timestamp": "2026-09-10T17:59:25.875551Z"}
{"updated": 7, "event": "sync_traffic.done", "level": "info", "timestamp": "2026-09-10T18:14:25.766070Z"}
{"updated": 7, "event": "sync_traffic.done", "level": "info", "timestamp": "2026-09-10T18:29:25.677712Z"}
{"updated": 7, "event": "sync_traffic.done", "level": "info", "timestamp": "2026-09-10T18:44:25.717875Z"}
{"updated": 7, "event": "sync_traffic.done", "level": "info", "timestamp": "2026-09-10T18:59:25.955876Z"}
{"updated": 7, "event": "sync_traffic.done", "level": "info", "timestamp": "2026-09-10T19:14:25.978925Z"}
{"updated": 7, "event": "sync_traffic.done", "level": "info", "timestamp": "2026-09-10T19:29:25.749373Z"}
{"updated": 7, "event": "sync_traffic.done", "level": "info", "timestamp": "2026-09-10T19:44:25.909955Z"}
{"updated": 7, "event": "sync_traffic.done", "level": "info", "timestamp": "2026-09-10T19:59:25.751062Z"}
{"updated": 7, "event": "sync_traffic.done", "level": "info", "timestamp": "2026-09-10T20:14:25.875186Z"}
{"updated": 7, "event": "sync_traffic.done", "level": "info", "timestamp": "2026-09-10T20:29:25.697441Z"}
{"updated": 7, "event": "sync_traffic.done", "level": "info", "timestamp": "2026-09-10T20:44:25.835242Z"}
{"updated": 7, "event": "sync_traffic.done", "level": "info", "timestamp": "2026-09-10T20:59:25.648403Z"}
{"updated": 7, "event": "sync_traffic.done", "level": "info", "timestamp": "2026-09-10T21:14:25.676133Z"}
{"updated": 7, "event": "sync_traffic.done", "level": "info", "timestamp": "2026-09-10T21:29:25.783286Z"}
{"updated": 7, "event": "sync_traffic.done", "level": "info", "timestamp": "2026-09-10T21:44:25.703312Z"}
{"updated": 7, "event": "sync_traffic.done", "level": "info", "timestamp": "2026-09-10T21:59:25.713337Z"}
{"updated": 7, "event": "sync_traffic.done", "level": "info", "timestamp": "2026-09-10T22:14:25.617040Z"}
{"updated": 7, "event": "sync_traffic.done", "level": "info", "timestamp": "2026-09-10T22:29:25.583901Z"}
{"updated": 7, "event": "sync_traffic.done", "level": "info", "timestamp": "2026-09-10T22:44:25.582116Z"}
{"updated": 7, "event": "sync_traffic.done", "level": "info", "timestamp": "2026-09-10T22:59:25.612372Z"}
{"updated": 7, "event": "sync_traffic.done", "level": "info", "timestamp": "2026-09-10T23:14:25.649628Z"}
{"updated": 7, "event": "sync_traffic.done", "level": "info", "timestamp": "2026-09-10T23:29:25.550450Z"}
{"updated": 7, "event": "sync_traffic.done", "level": "info", "timestamp": "2026-09-10T23:44:24.661356Z"}
{"updated": 7, "event": "sync_traffic.done", "level": "info", "timestamp": "2026-09-10T23:59:25.781966Z"}
{"updated": 7, "event": "sync_traffic.done", "level": "info", "timestamp": "2026-09-11T00:14:25.781977Z"}
{"updated": 7, "event": "sync_traffic.done", "level": "info", "timestamp": "2026-09-11T00:29:25.540268Z"}
{"updated": 7, "event": "sync_traffic.done", "level": "info", "timestamp": "2026-09-11T00:44:25.545388Z"}
{"updated": 7, "event": "sync_traffic.done", "level": "info", "timestamp": "2026-09-11T00:59:25.711034Z"}
Failed to fetch updates - TelegramNetworkError: HTTP Client says - ClientOSError: [Errno 104] Connection reset by peer
Sleep for 1.000000 seconds and try again... (tryings = 0, bot id = 8746092424)
Connection established (tryings = 1, bot id = 8746092424)
{"updated": 7, "event": "sync_traffic.done", "level": "info", "timestamp": "2026-09-11T01:14:25.709013Z"}
{"updated": 7, "event": "sync_traffic.done", "level": "info", "timestamp": "2026-09-11T01:29:25.598274Z"}
{"updated": 7, "event": "sync_traffic.done", "level": "info", "timestamp": "2026-09-11T01:44:25.705216Z"}
{"updated": 7, "event": "sync_traffic.done", "level": "info", "timestamp": "2026-09-11T01:59:25.719562Z"}
{"updated": 7, "event": "sync_traffic.done", "level": "info", "timestamp": "2026-09-11T02:14:25.610956Z"}
{"updated": 7, "event": "sync_traffic.done", "level": "info", "timestamp": "2026-09-11T02:29:25.545808Z"}
{"updated": 7, "event": "sync_traffic.done", "level": "info", "timestamp": "2026-09-11T02:44:25.578279Z"}
{"updated": 7, "event": "sync_traffic.done", "level": "info", "timestamp": "2026-09-11T02:59:25.685456Z"}
{"updated": 7, "event": "sync_traffic.done", "level": "info", "timestamp": "2026-09-11T03:14:25.766934Z"}
{"updated": 7, "event": "sync_traffic.done", "level": "info", "timestamp": "2026-09-11T03:29:25.588572Z"}
{"updated": 7, "event": "sync_traffic.done", "level": "info", "timestamp": "2026-09-11T03:44:25.705342Z"}
{"updated": 7, "event": "sync_traffic.done", "level": "info", "timestamp": "2026-09-11T03:59:25.770158Z"}
{"updated": 7, "event": "sync_traffic.done", "level": "info", "timestamp": "2026-09-11T04:14:25.623206Z"}
{"updated": 7, "event": "sync_traffic.done", "level": "info", "timestamp": "2026-09-11T04:29:25.672607Z"}
{"updated": 7, "event": "sync_traffic.done", "level": "info", "timestamp": "2026-09-11T04:44:25.665423Z"}
{"updated": 7, "event": "sync_traffic.done", "level": "info", "timestamp": "2026-09-11T04:59:25.585364Z"}
{"updated": 7, "event": "sync_traffic.done", "level": "info", "timestamp": "2026-09-11T05:14:25.635991Z"}
{"updated": 7, "event": "sync_traffic.done", "level": "info", "timestamp": "2026-09-11T05:29:25.659007Z"}
{"updated": 7, "event": "sync_traffic.done", "level": "info", "timestamp": "2026-09-11T05:44:25.634617Z"}
{"updated": 7, "event": "sync_traffic.done", "level": "info", "timestamp": "2026-09-11T05:59:24.576173Z"}
{"updated": 7, "event": "sync_traffic.done", "level": "info", "timestamp": "2026-09-11T06:14:25.747176Z"}
Failed to fetch updates - TelegramNetworkError: HTTP Client says - ClientOSError: [Errno 104] Connection reset by peer
Sleep for 1.000000 seconds and try again... (tryings = 0, bot id = 8746092424)
Connection established (tryings = 1, bot id = 8746092424)
{"updated": 7, "event": "sync_traffic.done", "level": "info", "timestamp": "2026-09-11T06:29:25.733232Z"}
{"updated": 7, "event": "sync_traffic.done", "level": "info", "timestamp": "2026-09-11T06:44:25.768067Z"}
{"updated": 7, "event": "sync_traffic.done", "level": "info", "timestamp": "2026-09-11T06:59:25.627602Z"}
{"updated": 7, "event": "sync_traffic.done", "level": "info", "timestamp": "2026-09-11T07:14:25.618988Z"}
{"updated": 7, "event": "sync_traffic.done", "level": "info", "timestamp": "2026-09-11T07:29:25.609304Z"}
{"updated": 7, "event": "sync_traffic.done", "level": "info", "timestamp": "2026-09-11T07:44:25.644217Z"}
{"updated": 7, "event": "sync_traffic.done", "level": "info", "timestamp": "2026-09-11T07:59:25.575225Z"}
{"sent": 1, "event": "notify_expiring.done", "level": "info", "timestamp": "2026-09-11T08:14:23.927809Z"}
{"updated": 7, "event": "sync_traffic.done", "level": "info", "timestamp": "2026-09-11T08:14:25.821727Z"}
Update id=711252222 is handled. Duration 167 ms by bot id=8746092424
Update id=711252223 is handled. Duration 345 ms by bot id=8746092424
Update id=711252224 is handled. Duration 256 ms by bot id=8746092424
Update id=711252225 is handled. Duration 194 ms by bot id=8746092424
Update id=711252226 is not handled. Duration 6 ms by bot id=8746092424
Update id=711252227 is handled. Duration 301 ms by bot id=8746092424
{"updated": 7, "event": "sync_traffic.done", "level": "info", "timestamp": "2026-09-11T08:29:25.604820Z"}
Failed to fetch updates - TelegramNetworkError: HTTP Client says - ClientOSError: [Errno 104] Connection reset by peer
Sleep for 1.000000 seconds and try again... (tryings = 0, bot id = 8746092424)
Connection established (tryings = 1, bot id = 8746092424)
{"updated": 7, "event": "sync_traffic.done", "level": "info", "timestamp": "2026-09-11T08:44:25.747020Z"}
Update id=711252228 is handled. Duration 190 ms by bot id=8746092424
Update id=711252229 is handled. Duration 241 ms by bot id=8746092424
Update id=711252230 is handled. Duration 131 ms by bot id=8746092424
Update id=711252231 is handled. Duration 192 ms by bot id=8746092424
{"updated": 7, "event": "sync_traffic.done", "level": "info", "timestamp": "2026-09-11T08:59:25.727023Z"}
{"updated": 7, "event": "sync_traffic.done", "level": "info", "timestamp": "2026-09-11T09:14:25.623183Z"}
{"updated": 7, "event": "sync_traffic.done", "level": "info", "timestamp": "2026-09-11T09:29:25.806948Z"}
{"updated": 7, "event": "sync_traffic.done", "level": "info", "timestamp": "2026-09-11T09:44:25.740124Z"}
Failed to fetch updates - TelegramNetworkError: HTTP Client says - ClientOSError: [Errno 104] Connection reset by peer
Sleep for 1.000000 seconds and try again... (tryings = 0, bot id = 8746092424)
Connection established (tryings = 1, bot id = 8746092424)
{"updated": 7, "event": "sync_traffic.done", "level": "info", "timestamp": "2026-09-11T09:59:25.655128Z"}
{"updated": 7, "event": "sync_traffic.done", "level": "info", "timestamp": "2026-09-11T10:14:25.699992Z"}
{"updated": 7, "event": "sync_traffic.done", "level": "info", "timestamp": "2026-09-11T10:29:25.796752Z"}
{"expired": 1, "event": "expire_check.done", "level": "info", "timestamp": "2026-09-11T10:44:25.111009Z"}
{"updated": 7, "event": "sync_traffic.done", "level": "info", "timestamp": "2026-09-11T10:44:25.298053Z"}
{"updated": 7, "event": "sync_traffic.done", "level": "info", "timestamp": "2026-09-11T10:59:25.647110Z"}
{"updated": 7, "event": "sync_traffic.done", "level": "info", "timestamp": "2026-09-11T11:14:25.733989Z"}
{"updated": 7, "event": "sync_traffic.done", "level": "info", "timestamp": "2026-09-11T11:29:25.647537Z"}
{"updated": 7, "event": "sync_traffic.done", "level": "info", "timestamp": "2026-09-11T11:44:25.689176Z"}
{"updated": 7, "event": "sync_traffic.done", "level": "info", "timestamp": "2026-09-11T11:59:25.632637Z"}
{"updated": 7, "event": "sync_traffic.done", "level": "info", "timestamp": "2026-09-11T12:14:25.679547Z"}
{"updated": 7, "event": "sync_traffic.done", "level": "info", "timestamp": "2026-09-11T12:29:25.593841Z"}
{"updated": 7, "event": "sync_traffic.done", "level": "info", "timestamp": "2026-09-11T12:44:25.952786Z"}
{"updated": 7, "event": "sync_traffic.done", "level": "info", "timestamp": "2026-09-11T12:59:25.805606Z"}
{"updated": 7, "event": "sync_traffic.done", "level": "info", "timestamp": "2026-09-11T13:14:25.833650Z"}
Failed to fetch updates - TelegramNetworkError: HTTP Client says - ClientOSError: [Errno 104] Connection reset by peer
Sleep for 1.000000 seconds and try again... (tryings = 0, bot id = 8746092424)
Connection established (tryings = 1, bot id = 8746092424)
{"updated": 7, "event": "sync_traffic.done", "level": "info", "timestamp": "2026-09-11T13:29:25.614929Z"}
{"updated": 7, "event": "sync_traffic.done", "level": "info", "timestamp": "2026-09-11T13:44:25.985872Z"}
{"updated": 7, "event": "sync_traffic.done", "level": "info", "timestamp": "2026-09-11T13:59:25.843782Z"}
{"updated": 7, "event": "sync_traffic.done", "level": "info", "timestamp": "2026-09-11T14:14:25.833872Z"}
{"updated": 7, "event": "sync_traffic.done", "level": "info", "timestamp": "2026-09-11T14:29:25.726379Z"}
{"updated": 7, "event": "sync_traffic.done", "level": "info", "timestamp": "2026-09-11T14:44:25.655100Z"}
{"updated": 7, "event": "sync_traffic.done", "level": "info", "timestamp": "2026-09-11T14:59:25.658281Z"}
Update id=711252232 is handled. Duration 209 ms by bot id=8746092424
Update id=711252233 is handled. Duration 762 ms by bot id=8746092424
Update id=711252234 is handled. Duration 167 ms by bot id=8746092424
{"sub_id": 13, "event": "reissue.ok", "level": "info", "timestamp": "2026-09-11T15:04:12.113268Z"}
Update id=711252235 is handled. Duration 682 ms by bot id=8746092424
Update id=711252236 is handled. Duration 156 ms by bot id=8746092424
Update id=711252237 is handled. Duration 446 ms by bot id=8746092424
Update id=711252238 is handled. Duration 122 ms by bot id=8746092424
Update id=711252239 is handled. Duration 140 ms by bot id=8746092424
Update id=711252240 is handled. Duration 143 ms by bot id=8746092424
Update id=711252241 is handled. Duration 137 ms by bot id=8746092424
Update id=711252242 is handled. Duration 231 ms by bot id=8746092424
{"sub_id": 16, "email": "tg8468512348-9f205ea7", "server": "nl", "plan": "1m", "event": "grant.ok", "level": "info", "timestamp": "2026-09-11T15:11:26.536323Z"}
Update id=711252243 is handled. Duration 264 ms by bot id=8746092424
Update id=711252244 is handled. Duration 223 ms by bot id=8746092424
Update id=711252245 is handled. Duration 137 ms by bot id=8746092424
Update id=711252246 is handled. Duration 88 ms by bot id=8746092424
Update id=711252247 is handled. Duration 168 ms by bot id=8746092424
Update id=711252248 is handled. Duration 210 ms by bot id=8746092424
Update id=711252249 is handled. Duration 109 ms by bot id=8746092424
Update id=711252250 is handled. Duration 136 ms by bot id=8746092424
{"sub_id": 14, "until": "2028-08-31T14:52:32.044684+00:00", "event": "renew.ok", "level": "info", "timestamp": "2026-09-11T15:12:48.908383Z"}
Update id=711252251 is handled. Duration 804 ms by bot id=8746092424
Update id=711252252 is handled. Duration 207 ms by bot id=8746092424
Update id=711252253 is handled. Duration 158 ms by bot id=8746092424
Update id=711252254 is handled. Duration 190 ms by bot id=8746092424
Update id=711252255 is handled. Duration 163 ms by bot id=8746092424
Update id=711252256 is handled. Duration 161 ms by bot id=8746092424
Update id=711252257 is handled. Duration 276 ms by bot id=8746092424
{"updated": 8, "event": "sync_traffic.done", "level": "info", "timestamp": "2026-09-11T15:14:24.389553Z"}
{"updated": 8, "event": "sync_traffic.done", "level": "info", "timestamp": "2026-09-11T15:29:25.753212Z"}
{"updated": 8, "event": "sync_traffic.done", "level": "info", "timestamp": "2026-09-11T15:44:24.918051Z"}
{"updated": 8, "event": "sync_traffic.done", "level": "info", "timestamp": "2026-09-11T15:59:25.857481Z"}
Update id=711252258 is handled. Duration 208 ms by bot id=8746092424
Update id=711252259 is handled. Duration 220 ms by bot id=8746092424
Update id=711252260 is handled. Duration 117 ms by bot id=8746092424
Update id=711252261 is handled. Duration 145 ms by bot id=8746092424
Update id=711252262 is handled. Duration 137 ms by bot id=8746092424
Update id=711252263 is handled. Duration 129 ms by bot id=8746092424
Update id=711252264 is handled. Duration 175 ms by bot id=8746092424
Update id=711252265 is handled. Duration 137 ms by bot id=8746092424
Update id=711252266 is handled. Duration 175 ms by bot id=8746092424
{"sub_id": 17, "email": "tg8468512348-075991b6", "server": "nl", "plan": "1m", "event": "grant.ok", "level": "info", "timestamp": "2026-09-11T16:08:13.866550Z"}
Update id=711252267 is handled. Duration 1552 ms by bot id=8746092424
Update id=711252268 is handled. Duration 214 ms by bot id=8746092424
Update id=711252269 is handled. Duration 168 ms by bot id=8746092424
Update id=711252270 is handled. Duration 165 ms by bot id=8746092424
Update id=711252271 is handled. Duration 240 ms by bot id=8746092424
Update id=711252272 is handled. Duration 238 ms by bot id=8746092424
Update id=711252273 is handled. Duration 150 ms by bot id=8746092424
{"updated": 9, "event": "sync_traffic.done", "level": "info", "timestamp": "2026-09-11T16:14:24.724616Z"}
{"updated": 9, "event": "sync_traffic.done", "level": "info", "timestamp": "2026-09-11T16:29:25.777280Z"}
{"updated": 9, "event": "sync_traffic.done", "level": "info", "timestamp": "2026-09-11T16:44:25.753351Z"}
{"updated": 9, "event": "sync_traffic.done", "level": "info", "timestamp": "2026-09-11T16:59:25.718591Z"}
{"updated": 9, "event": "sync_traffic.done", "level": "info", "timestamp": "2026-09-11T17:14:25.886415Z"}
{"updated": 9, "event": "sync_traffic.done", "level": "info", "timestamp": "2026-09-11T17:29:25.996439Z"}
{"updated": 9, "event": "sync_traffic.done", "level": "info", "timestamp": "2026-09-11T17:44:25.843388Z"}
{"updated": 9, "event": "sync_traffic.done", "level": "info", "timestamp": "2026-09-11T17:59:25.767795Z"}
{"updated": 9, "event": "sync_traffic.done", "level": "info", "timestamp": "2026-09-11T18:14:25.990990Z"}
{"updated": 9, "event": "sync_traffic.done", "level": "info", "timestamp": "2026-09-11T18:29:25.859270Z"}
{"updated": 9, "event": "sync_traffic.done", "level": "info", "timestamp": "2026-09-11T18:44:25.799036Z"}
{"updated": 9, "event": "sync_traffic.done", "level": "info", "timestamp": "2026-09-11T18:59:25.762214Z"}
{"updated": 9, "event": "sync_traffic.done", "level": "info", "timestamp": "2026-09-11T19:14:25.871929Z"}
{"updated": 9, "event": "sync_traffic.done", "level": "info", "timestamp": "2026-09-11T19:29:25.826251Z"}
Update id=711252274 is handled. Duration 179 ms by bot id=8746092424
Update id=711252275 is handled. Duration 162 ms by bot id=8746092424
{"updated": 9, "event": "sync_traffic.done", "level": "info", "timestamp": "2026-09-11T19:44:25.792150Z"}
{"updated": 9, "event": "sync_traffic.done", "level": "info", "timestamp": "2026-09-11T19:59:25.719665Z"}
{"updated": 9, "event": "sync_traffic.done", "level": "info", "timestamp": "2026-09-11T20:14:25.781442Z"}
{"updated": 9, "event": "sync_traffic.done", "level": "info", "timestamp": "2026-09-11T20:29:25.811341Z"}
{"updated": 9, "event": "sync_traffic.done", "level": "info", "timestamp": "2026-09-11T20:44:25.733141Z"}
{"updated": 9, "event": "sync_traffic.done", "level": "info", "timestamp": "2026-09-11T20:59:25.708008Z"}
{"updated": 9, "event": "sync_traffic.done", "level": "info", "timestamp": "2026-09-11T21:14:25.756361Z"}
{"updated": 9, "event": "sync_traffic.done", "level": "info", "timestamp": "2026-09-11T21:29:25.814363Z"}
{"updated": 9, "event": "sync_traffic.done", "level": "info", "timestamp": "2026-09-11T21:44:25.719606Z"}
{"updated": 9, "event": "sync_traffic.done", "level": "info", "timestamp": "2026-09-11T21:59:25.705539Z"}
{"updated": 9, "event": "sync_traffic.done", "level": "info", "timestamp": "2026-09-11T22:14:25.936460Z"}
{"updated": 9, "event": "sync_traffic.done", "level": "info", "timestamp": "2026-09-11T22:29:25.767868Z"}
{"updated": 9, "event": "sync_traffic.done", "level": "info", "timestamp": "2026-09-11T22:44:25.797951Z"}
{"updated": 9, "event": "sync_traffic.done", "level": "info", "timestamp": "2026-09-11T22:59:25.789194Z"}
{"updated": 9, "event": "sync_traffic.done", "level": "info", "timestamp": "2026-09-11T23:14:26.025986Z"}
{"updated": 9, "event": "sync_traffic.done", "level": "info", "timestamp": "2026-09-11T23:29:24.670195Z"}
{"updated": 9, "event": "sync_traffic.done", "level": "info", "timestamp": "2026-09-11T23:44:25.658042Z"}
{"updated": 9, "event": "sync_traffic.done", "level": "info", "timestamp": "2026-09-11T23:59:25.685475Z"}
{"updated": 9, "event": "sync_traffic.done", "level": "info", "timestamp": "2026-09-12T00:14:25.807016Z"}
{"updated": 9, "event": "sync_traffic.done", "level": "info", "timestamp": "2026-09-12T00:29:25.671937Z"}
{"updated": 9, "event": "sync_traffic.done", "level": "info", "timestamp": "2026-09-12T00:44:25.704938Z"}
{"updated": 9, "event": "sync_traffic.done", "level": "info", "timestamp": "2026-09-12T00:59:25.778346Z"}
{"updated": 9, "event": "sync_traffic.done", "level": "info", "timestamp": "2026-09-12T01:14:25.713261Z"}
{"updated": 9, "event": "sync_traffic.done", "level": "info", "timestamp": "2026-09-12T01:29:25.686461Z"}
{"updated": 9, "event": "sync_traffic.done", "level": "info", "timestamp": "2026-09-12T01:44:25.846309Z"}
{"updated": 9, "event": "sync_traffic.done", "level": "info", "timestamp": "2026-09-12T01:59:25.687174Z"}
Failed to fetch updates - TelegramNetworkError: HTTP Client says - ClientOSError: [Errno 104] Connection reset by peer
Sleep for 1.000000 seconds and try again... (tryings = 0, bot id = 8746092424)
Connection established (tryings = 1, bot id = 8746092424)
{"updated": 9, "event": "sync_traffic.done", "level": "info", "timestamp": "2026-09-12T02:14:25.919559Z"}
{"updated": 9, "event": "sync_traffic.done", "level": "info", "timestamp": "2026-09-12T02:29:25.671029Z"}
{"updated": 9, "event": "sync_traffic.done", "level": "info", "timestamp": "2026-09-12T02:44:25.787345Z"}
{"updated": 9, "event": "sync_traffic.done", "level": "info", "timestamp": "2026-09-12T02:59:25.805236Z"}
{"updated": 9, "event": "sync_traffic.done", "level": "info", "timestamp": "2026-09-12T03:14:25.795409Z"}
{"updated": 9, "event": "sync_traffic.done", "level": "info", "timestamp": "2026-09-12T03:29:25.659225Z"}
{"updated": 9, "event": "sync_traffic.done", "level": "info", "timestamp": "2026-09-12T03:44:25.676163Z"}
{"updated": 9, "event": "sync_traffic.done", "level": "info", "timestamp": "2026-09-12T03:59:25.704378Z"}
Failed to fetch updates - TelegramNetworkError: HTTP Client says - ClientOSError: [Errno 104] Connection reset by peer
Sleep for 1.000000 seconds and try again... (tryings = 0, bot id = 8746092424)
Connection established (tryings = 1, bot id = 8746092424)
{"updated": 9, "event": "sync_traffic.done", "level": "info", "timestamp": "2026-09-12T04:14:25.711120Z"}
{"updated": 9, "event": "sync_traffic.done", "level": "info", "timestamp": "2026-09-12T04:29:25.874271Z"}
{"updated": 9, "event": "sync_traffic.done", "level": "info", "timestamp": "2026-09-12T04:44:25.707187Z"}
{"updated": 9, "event": "sync_traffic.done", "level": "info", "timestamp": "2026-09-12T04:59:25.707926Z"}
{"updated": 9, "event": "sync_traffic.done", "level": "info", "timestamp": "2026-09-12T05:14:25.744997Z"}
{"updated": 9, "event": "sync_traffic.done", "level": "info", "timestamp": "2026-09-12T05:29:25.701794Z"}
{"updated": 9, "event": "sync_traffic.done", "level": "info", "timestamp": "2026-09-12T05:44:25.856289Z"}
{"updated": 9, "event": "sync_traffic.done", "level": "info", "timestamp": "2026-09-12T05:59:25.662886Z"}
{"updated": 9, "event": "sync_traffic.done", "level": "info", "timestamp": "2026-09-12T06:14:25.740032Z"}
{"updated": 9, "event": "sync_traffic.done", "level": "info", "timestamp": "2026-09-12T06:29:25.696934Z"}
{"updated": 9, "event": "sync_traffic.done", "level": "info", "timestamp": "2026-09-12T06:44:25.729182Z"}
{"updated": 9, "event": "sync_traffic.done", "level": "info", "timestamp": "2026-09-12T06:59:25.742443Z"}
{"updated": 9, "event": "sync_traffic.done", "level": "info", "timestamp": "2026-09-12T07:14:25.665646Z"}
{"updated": 9, "event": "sync_traffic.done", "level": "info", "timestamp": "2026-09-12T07:29:25.678320Z"}
{"updated": 9, "event": "sync_traffic.done", "level": "info", "timestamp": "2026-09-12T07:44:25.626035Z"}
{"updated": 9, "event": "sync_traffic.done", "level": "info", "timestamp": "2026-09-12T07:59:25.632725Z"}
{"updated": 9, "event": "sync_traffic.done", "level": "info", "timestamp": "2026-09-12T08:14:25.659030Z"}
{"updated": 9, "event": "sync_traffic.done", "level": "info", "timestamp": "2026-09-12T08:29:25.739606Z"}
{"updated": 9, "event": "sync_traffic.done", "level": "info", "timestamp": "2026-09-12T08:44:25.739079Z"}
{"updated": 9, "event": "sync_traffic.done", "level": "info", "timestamp": "2026-09-12T08:59:25.751803Z"}
{"updated": 9, "event": "sync_traffic.done", "level": "info", "timestamp": "2026-09-12T09:14:25.757234Z"}
{"updated": 9, "event": "sync_traffic.done", "level": "info", "timestamp": "2026-09-12T09:29:25.742128Z"}
{"updated": 9, "event": "sync_traffic.done", "level": "info", "timestamp": "2026-09-12T09:44:25.721478Z"}
{"updated": 9, "event": "sync_traffic.done", "level": "info", "timestamp": "2026-09-12T09:59:25.899058Z"}
{"updated": 9, "event": "sync_traffic.done", "level": "info", "timestamp": "2026-09-12T10:14:25.747204Z"}
{"updated": 9, "event": "sync_traffic.done", "level": "info", "timestamp": "2026-09-12T10:29:25.818392Z"}
{"updated": 9, "event": "sync_traffic.done", "level": "info", "timestamp": "2026-09-12T10:44:25.709985Z"}
{"updated": 9, "event": "sync_traffic.done", "level": "info", "timestamp": "2026-09-12T10:59:25.687191Z"}
{"updated": 9, "event": "sync_traffic.done", "level": "info", "timestamp": "2026-09-12T11:14:25.749982Z"}
{"updated": 9, "event": "sync_traffic.done", "level": "info", "timestamp": "2026-09-12T11:29:25.642936Z"}
{"job": "reconcile_payments", "err": "", "tb": "-packages/httpx/_client.py\", line 1585, in request\n    return await self.send(request, auth=auth, follow_redirects=follow_redirects)\n           ^^^^^^^^^^^^^^^^^^^^^^^^^^^^^^^^^^^^^^^^^^^^^^^^^^^^^^^^^^^^^^^^^^^^^^\n  File \"/opt/vpn_tg/.venv/lib/python3.12/site-packages/httpx/_client.py\", line 1674, in send\n    response = await self._send_handling_auth(\n               ^^^^^^^^^^^^^^^^^^^^^^^^^^^^^^^\n  File \"/opt/vpn_tg/.venv/lib/python3.12/site-packages/httpx/_client.py\", line 1702, in _send_handling_auth\n    response = await self._send_handling_redirects(\n               ^^^^^^^^^^^^^^^^^^^^^^^^^^^^^^^^^^^^\n  File \"/opt/vpn_tg/.venv/lib/python3.12/site-packages/httpx/_client.py\", line 1739, in _send_handling_redirects\n    response = await self._send_single_request(request)\n               ^^^^^^^^^^^^^^^^^^^^^^^^^^^^^^^^^^^^^^^^\n  File \"/opt/vpn_tg/.venv/lib/python3.12/site-packages/httpx/_client.py\", line 1776, in _send_single_request\n    response = await transport.handle_async_request(request)\n               ^^^^^^^^^^^^^^^^^^^^^^^^^^^^^^^^^^^^^^^^^^^^^\n  File \"/opt/vpn_tg/.venv/lib/python3.12/site-packages/httpx/_transports/default.py\", line 376, in handle_async_request\n    with map_httpcore_exceptions():\n  File \"/usr/lib/python3.12/contextlib.py\", line 158, in __exit__\n    self.gen.throw(value)\n  File \"/opt/vpn_tg/.venv/lib/python3.12/site-packages/httpx/_transports/default.py\", line 89, in map_httpcore_exceptions\n    raise mapped_exc(message) from exc\nhttpx.ConnectTimeout\n", "event": "job.failed", "level": "error", "timestamp": "2026-09-12T11:34:38.827603Z"}
Job "reconcile_payments (trigger: interval[0:05:00], next run at: 2026-09-12 11:39:23 UTC)" raised an exception
Traceback (most recent call last):
  File "/opt/vpn_tg/.venv/lib/python3.12/site-packages/httpx/_transports/default.py", line 72, in map_httpcore_exceptions
    yield
  File "/opt/vpn_tg/.venv/lib/python3.12/site-packages/httpx/_transports/default.py", line 377, in handle_async_request
    resp = await self._pool.handle_async_request(req)
           ^^^^^^^^^^^^^^^^^^^^^^^^^^^^^^^^^^^^^^^^^^
  File "/opt/vpn_tg/.venv/lib/python3.12/site-packages/httpcore/_async/connection_pool.py", line 256, in handle_async_request
    raise exc from None
  File "/opt/vpn_tg/.venv/lib/python3.12/site-packages/httpcore/_async/connection_pool.py", line 236, in handle_async_request
    response = await connection.handle_async_request(
               ^^^^^^^^^^^^^^^^^^^^^^^^^^^^^^^^^^^^^^
  File "/opt/vpn_tg/.venv/lib/python3.12/site-packages/httpcore/_async/connection.py", line 101, in handle_async_request
    raise exc
  File "/opt/vpn_tg/.venv/lib/python3.12/site-packages/httpcore/_async/connection.py", line 78, in handle_async_request
    stream = await self._connect(request)
             ^^^^^^^^^^^^^^^^^^^^^^^^^^^^
  File "/opt/vpn_tg/.venv/lib/python3.12/site-packages/httpcore/_async/connection.py", line 156, in _connect
    stream = await stream.start_tls(**kwargs)
             ^^^^^^^^^^^^^^^^^^^^^^^^^^^^^^^^
  File "/opt/vpn_tg/.venv/lib/python3.12/site-packages/httpcore/_backends/anyio.py", line 67, in start_tls
    with map_exceptions(exc_map):
  File "/usr/lib/python3.12/contextlib.py", line 158, in __exit__
    self.gen.throw(value)
  File "/opt/vpn_tg/.venv/lib/python3.12/site-packages/httpcore/_exceptions.py", line 14, in map_exceptions
    raise to_exc(exc) from exc
httpcore.ConnectTimeout

The above exception was the direct cause of the following exception:

Traceback (most recent call last):
  File "/opt/vpn_tg/.venv/lib/python3.12/site-packages/apscheduler/executors/base_py3.py", line 30, in run_coroutine_job
    retval = await job.func(*job.args, **job.kwargs)
             ^^^^^^^^^^^^^^^^^^^^^^^^^^^^^^^^^^^^^^^
  File "/opt/vpn_tg/app/tasks/scheduler.py", line 34, in wrapper
    return await fn(*args, **kwargs)
           ^^^^^^^^^^^^^^^^^^^^^^^^^
  File "/opt/vpn_tg/app/tasks/jobs/__init__.py", line 183, in reconcile_payments
    return await reconcile_pending(session_factory, bot)
           ^^^^^^^^^^^^^^^^^^^^^^^^^^^^^^^^^^^^^^^^^^^^^
  File "/opt/vpn_tg/app/handlers/payments_yookassa.py", line 109, in reconcile_pending
    succeeded, _data = await yk.is_succeeded(str(api_id))
                       ^^^^^^^^^^^^^^^^^^^^^^^^^^^^^^^^^^
  File "/opt/vpn_tg/app/services/payments/yookassa.py", line 93, in is_succeeded
    data = await self.get_payment(payment_api_id)
           ^^^^^^^^^^^^^^^^^^^^^^^^^^^^^^^^^^^^^^
  File "/opt/vpn_tg/app/services/payments/yookassa.py", line 87, in get_payment
    resp = await self._http.get(f"/payments/{payment_api_id}", headers=self._auth_headers())
           ^^^^^^^^^^^^^^^^^^^^^^^^^^^^^^^^^^^^^^^^^^^^^^^^^^^^^^^^^^^^^^^^^^^^^^^^^^^^^^^^^
  File "/opt/vpn_tg/.venv/lib/python3.12/site-packages/httpx/_client.py", line 1814, in get
    return await self.request(
           ^^^^^^^^^^^^^^^^^^^
  File "/opt/vpn_tg/.venv/lib/python3.12/site-packages/httpx/_client.py", line 1585, in request
    return await self.send(request, auth=auth, follow_redirects=follow_redirects)
           ^^^^^^^^^^^^^^^^^^^^^^^^^^^^^^^^^^^^^^^^^^^^^^^^^^^^^^^^^^^^^^^^^^^^^^
  File "/opt/vpn_tg/.venv/lib/python3.12/site-packages/httpx/_client.py", line 1674, in send
    response = await self._send_handling_auth(
               ^^^^^^^^^^^^^^^^^^^^^^^^^^^^^^^
  File "/opt/vpn_tg/.venv/lib/python3.12/site-packages/httpx/_client.py", line 1702, in _send_handling_auth
    response = await self._send_handling_redirects(
               ^^^^^^^^^^^^^^^^^^^^^^^^^^^^^^^^^^^^
  File "/opt/vpn_tg/.venv/lib/python3.12/site-packages/httpx/_client.py", line 1739, in _send_handling_redirects
    response = await self._send_single_request(request)
               ^^^^^^^^^^^^^^^^^^^^^^^^^^^^^^^^^^^^^^^^
  File "/opt/vpn_tg/.venv/lib/python3.12/site-packages/httpx/_client.py", line 1776, in _send_single_request
    response = await transport.handle_async_request(request)
               ^^^^^^^^^^^^^^^^^^^^^^^^^^^^^^^^^^^^^^^^^^^^^
  File "/opt/vpn_tg/.venv/lib/python3.12/site-packages/httpx/_transports/default.py", line 376, in handle_async_request
    with map_httpcore_exceptions():
  File "/usr/lib/python3.12/contextlib.py", line 158, in __exit__
    self.gen.throw(value)
  File "/opt/vpn_tg/.venv/lib/python3.12/site-packages/httpx/_transports/default.py", line 89, in map_httpcore_exceptions
    raise mapped_exc(message) from exc
httpx.ConnectTimeout
{"updated": 9, "event": "sync_traffic.done", "level": "info", "timestamp": "2026-09-12T11:44:25.881023Z"}
{"updated": 9, "event": "sync_traffic.done", "level": "info", "timestamp": "2026-09-12T11:59:25.693155Z"}
{"updated": 9, "event": "sync_traffic.done", "level": "info", "timestamp": "2026-09-12T12:14:25.719347Z"}
{"updated": 9, "event": "sync_traffic.done", "level": "info", "timestamp": "2026-09-12T12:29:25.628737Z"}
{"updated": 9, "event": "sync_traffic.done", "level": "info", "timestamp": "2026-09-12T12:44:25.713975Z"}
Failed to fetch updates - TelegramNetworkError: HTTP Client says - ClientOSError: [Errno 104] Connection reset by peer
Sleep for 1.000000 seconds and try again... (tryings = 0, bot id = 8746092424)
Connection established (tryings = 1, bot id = 8746092424)
{"updated": 9, "event": "sync_traffic.done", "level": "info", "timestamp": "2026-09-12T12:59:25.946635Z"}
{"updated": 9, "event": "sync_traffic.done", "level": "info", "timestamp": "2026-09-12T13:14:25.676360Z"}
{"updated": 9, "event": "sync_traffic.done", "level": "info", "timestamp": "2026-09-12T13:29:25.703112Z"}
{"updated": 9, "event": "sync_traffic.done", "level": "info", "timestamp": "2026-09-12T13:44:25.731947Z"}
{"updated": 9, "event": "sync_traffic.done", "level": "info", "timestamp": "2026-09-12T13:59:25.837916Z"}
{"updated": 9, "event": "sync_traffic.done", "level": "info", "timestamp": "2026-09-12T14:14:25.726362Z"}
{"updated": 9, "event": "sync_traffic.done", "level": "info", "timestamp": "2026-09-12T14:29:25.688182Z"}
{"updated": 9, "event": "sync_traffic.done", "level": "info", "timestamp": "2026-09-12T14:44:25.719359Z"}
{"updated": 9, "event": "sync_traffic.done", "level": "info", "timestamp": "2026-09-12T14:59:25.710557Z"}
{"updated": 9, "event": "sync_traffic.done", "level": "info", "timestamp": "2026-09-12T15:14:25.667572Z"}
{"updated": 9, "event": "sync_traffic.done", "level": "info", "timestamp": "2026-09-12T15:29:25.897129Z"}
{"updated": 9, "event": "sync_traffic.done", "level": "info", "timestamp": "2026-09-12T15:44:25.716086Z"}
Failed to fetch updates - TelegramNetworkError: HTTP Client says - ClientOSError: [Errno 104] Connection reset by peer
Sleep for 1.000000 seconds and try again... (tryings = 0, bot id = 8746092424)
Connection established (tryings = 1, bot id = 8746092424)
{"updated": 9, "event": "sync_traffic.done", "level": "info", "timestamp": "2026-09-12T15:59:25.919379Z"}
{"updated": 9, "event": "sync_traffic.done", "level": "info", "timestamp": "2026-09-12T16:14:25.639288Z"}
{"updated": 9, "event": "sync_traffic.done", "level": "info", "timestamp": "2026-09-12T16:29:25.700970Z"}
{"updated": 9, "event": "sync_traffic.done", "level": "info", "timestamp": "2026-09-12T16:44:25.810855Z"}
{"updated": 9, "event": "sync_traffic.done", "level": "info", "timestamp": "2026-09-12T16:59:25.665370Z"}
{"updated": 9, "event": "sync_traffic.done", "level": "info", "timestamp": "2026-09-12T17:14:25.839601Z"}
{"updated": 9, "event": "sync_traffic.done", "level": "info", "timestamp": "2026-09-12T17:29:24.610161Z"}
{"updated": 9, "event": "sync_traffic.done", "level": "info", "timestamp": "2026-09-12T17:44:25.692686Z"}
Failed to fetch updates - TelegramNetworkError: HTTP Client says - ClientOSError: [Errno 104] Connection reset by peer
Sleep for 1.000000 seconds and try again... (tryings = 0, bot id = 8746092424)
Connection established (tryings = 1, bot id = 8746092424)
{"updated": 9, "event": "sync_traffic.done", "level": "info", "timestamp": "2026-09-12T17:59:25.754044Z"}
{"updated": 9, "event": "sync_traffic.done", "level": "info", "timestamp": "2026-09-12T18:14:25.708453Z"}
{"updated": 9, "event": "sync_traffic.done", "level": "info", "timestamp": "2026-09-12T18:29:25.776099Z"}
{"updated": 9, "event": "sync_traffic.done", "level": "info", "timestamp": "2026-09-12T18:44:25.799186Z"}
{"updated": 9, "event": "sync_traffic.done", "level": "info", "timestamp": "2026-09-12T18:59:25.652132Z"}
{"updated": 9, "event": "sync_traffic.done", "level": "info", "timestamp": "2026-09-12T19:14:25.743266Z"}
{"updated": 9, "event": "sync_traffic.done", "level": "info", "timestamp": "2026-09-12T19:29:25.680676Z"}
{"updated": 9, "event": "sync_traffic.done", "level": "info", "timestamp": "2026-09-12T19:44:26.111626Z"}
{"updated": 9, "event": "sync_traffic.done", "level": "info", "timestamp": "2026-09-12T19:59:25.751585Z"}
{"updated": 9, "event": "sync_traffic.done", "level": "info", "timestamp": "2026-09-12T20:14:25.912432Z"}
{"updated": 9, "event": "sync_traffic.done", "level": "info", "timestamp": "2026-09-12T20:29:25.740881Z"}
{"updated": 9, "event": "sync_traffic.done", "level": "info", "timestamp": "2026-09-12T20:44:25.732114Z"}
{"updated": 9, "event": "sync_traffic.done", "level": "info", "timestamp": "2026-09-12T20:59:25.925057Z"}
{"updated": 9, "event": "sync_traffic.done", "level": "info", "timestamp": "2026-09-12T21:14:25.760183Z"}
{"updated": 9, "event": "sync_traffic.done", "level": "info", "timestamp": "2026-09-12T21:29:25.876128Z"}
{"updated": 9, "event": "sync_traffic.done", "level": "info", "timestamp": "2026-09-12T21:44:25.796154Z"}
{"updated": 9, "event": "sync_traffic.done", "level": "info", "timestamp": "2026-09-12T21:59:26.024195Z"}
{"updated": 9, "event": "sync_traffic.done", "level": "info", "timestamp": "2026-09-12T22:14:25.689591Z"}
{"updated": 9, "event": "sync_traffic.done", "level": "info", "timestamp": "2026-09-12T22:29:25.692045Z"}
{"updated": 9, "event": "sync_traffic.done", "level": "info", "timestamp": "2026-09-12T22:44:25.901006Z"}
{"updated": 9, "event": "sync_traffic.done", "level": "info", "timestamp": "2026-09-12T22:59:25.623676Z"}
{"updated": 9, "event": "sync_traffic.done", "level": "info", "timestamp": "2026-09-12T23:14:25.906307Z"}
{"updated": 9, "event": "sync_traffic.done", "level": "info", "timestamp": "2026-09-12T23:29:25.752175Z"}
{"updated": 9, "event": "sync_traffic.done", "level": "info", "timestamp": "2026-09-12T23:44:25.724088Z"}
{"updated": 9, "event": "sync_traffic.done", "level": "info", "timestamp": "2026-09-12T23:59:25.716065Z"}
{"updated": 9, "event": "sync_traffic.done", "level": "info", "timestamp": "2026-09-13T00:14:25.714363Z"}
{"updated": 9, "event": "sync_traffic.done", "level": "info", "timestamp": "2026-09-13T00:29:25.680368Z"}
{"updated": 9, "event": "sync_traffic.done", "level": "info", "timestamp": "2026-09-13T00:44:25.622174Z"}
{"updated": 9, "event": "sync_traffic.done", "level": "info", "timestamp": "2026-09-13T00:59:25.629718Z"}
{"updated": 9, "event": "sync_traffic.done", "level": "info", "timestamp": "2026-09-13T01:14:25.848022Z"}
{"updated": 9, "event": "sync_traffic.done", "level": "info", "timestamp": "2026-09-13T01:29:25.684988Z"}
{"updated": 9, "event": "sync_traffic.done", "level": "info", "timestamp": "2026-09-13T01:44:25.674652Z"}
{"updated": 9, "event": "sync_traffic.done", "level": "info", "timestamp": "2026-09-13T01:59:25.673413Z"}
{"updated": 9, "event": "sync_traffic.done", "level": "info", "timestamp": "2026-09-13T02:14:25.838080Z"}
{"updated": 9, "event": "sync_traffic.done", "level": "info", "timestamp": "2026-09-13T02:29:25.785059Z"}
{"updated": 9, "event": "sync_traffic.done", "level": "info", "timestamp": "2026-09-13T02:44:25.855165Z"}
{"updated": 9, "event": "sync_traffic.done", "level": "info", "timestamp": "2026-09-13T02:59:25.652190Z"}
{"updated": 9, "event": "sync_traffic.done", "level": "info", "timestamp": "2026-09-13T03:14:25.835276Z"}
{"updated": 9, "event": "sync_traffic.done", "level": "info", "timestamp": "2026-09-13T03:29:25.854412Z"}
{"updated": 9, "event": "sync_traffic.done", "level": "info", "timestamp": "2026-09-13T03:44:25.774067Z"}
{"updated": 9, "event": "sync_traffic.done", "level": "info", "timestamp": "2026-09-13T03:59:25.707336Z"}
Failed to fetch updates - TelegramNetworkError: HTTP Client says - ClientOSError: [Errno 104] Connection reset by peer
Sleep for 1.000000 seconds and try again... (tryings = 0, bot id = 8746092424)
Connection established (tryings = 1, bot id = 8746092424)
{"updated": 9, "event": "sync_traffic.done", "level": "info", "timestamp": "2026-09-13T04:14:25.840913Z"}
{"updated": 9, "event": "sync_traffic.done", "level": "info", "timestamp": "2026-09-13T04:29:25.886345Z"}
{"email": "tg5435975876-2ebdc9e5", "err": "Something went wrong (client \"tg5435975876-2ebdc9e5\" not found in any inbound or client record\n)", "event": "delete.absent", "level": "info", "timestamp": "2026-09-13T04:30:00.345192Z"}
{"deleted": 1, "event": "cleanup_deleted.done", "level": "info", "timestamp": "2026-09-13T04:30:00.354101Z"}
{"updated": 9, "event": "sync_traffic.done", "level": "info", "timestamp": "2026-09-13T04:44:25.440057Z"}
{"updated": 9, "event": "sync_traffic.done", "level": "info", "timestamp": "2026-09-13T04:59:25.758361Z"}
{"updated": 9, "event": "sync_traffic.done", "level": "info", "timestamp": "2026-09-13T05:14:25.713922Z"}
{"updated": 9, "event": "sync_traffic.done", "level": "info", "timestamp": "2026-09-13T05:29:25.667324Z"}
{"updated": 9, "event": "sync_traffic.done", "level": "info", "timestamp": "2026-09-13T05:44:25.701950Z"}
{"updated": 9, "event": "sync_traffic.done", "level": "info", "timestamp": "2026-09-13T05:59:25.631893Z"}
{"updated": 9, "event": "sync_traffic.done", "level": "info", "timestamp": "2026-09-13T06:14:24.731637Z"}
{"updated": 9, "event": "sync_traffic.done", "level": "info", "timestamp": "2026-09-13T06:29:25.684267Z"}
{"updated": 9, "event": "sync_traffic.done", "level": "info", "timestamp": "2026-09-13T06:44:25.628079Z"}
{"updated": 9, "event": "sync_traffic.done", "level": "info", "timestamp": "2026-09-13T06:59:25.882354Z"}
{"updated": 9, "event": "sync_traffic.done", "level": "info", "timestamp": "2026-09-13T07:14:25.741858Z"}
{"updated": 9, "event": "sync_traffic.done", "level": "info", "timestamp": "2026-09-13T07:29:25.859455Z"}
{"updated": 9, "event": "sync_traffic.done", "level": "info", "timestamp": "2026-09-13T07:44:25.702283Z"}
{"updated": 9, "event": "sync_traffic.done", "level": "info", "timestamp": "2026-09-13T07:59:25.767249Z"}
{"updated": 9, "event": "sync_traffic.done", "level": "info", "timestamp": "2026-09-13T08:14:25.688220Z"}
{"updated": 9, "event": "sync_traffic.done", "level": "info", "timestamp": "2026-09-13T08:29:25.646877Z"}
{"updated": 9, "event": "sync_traffic.done", "level": "info", "timestamp": "2026-09-13T08:44:25.753961Z"}
{"updated": 9, "event": "sync_traffic.done", "level": "info", "timestamp": "2026-09-13T08:59:25.631462Z"}
{"updated": 9, "event": "sync_traffic.done", "level": "info", "timestamp": "2026-09-13T09:14:25.753106Z"}
{"updated": 9, "event": "sync_traffic.done", "level": "info", "timestamp": "2026-09-13T09:29:25.788119Z"}
{"updated": 9, "event": "sync_traffic.done", "level": "info", "timestamp": "2026-09-13T09:44:25.745445Z"}
{"updated": 9, "event": "sync_traffic.done", "level": "info", "timestamp": "2026-09-13T09:59:25.656032Z"}
{"updated": 9, "event": "sync_traffic.done", "level": "info", "timestamp": "2026-09-13T10:14:25.717484Z"}
{"updated": 9, "event": "sync_traffic.done", "level": "info", "timestamp": "2026-09-13T10:29:25.769112Z"}
{"updated": 9, "event": "sync_traffic.done", "level": "info", "timestamp": "2026-09-13T10:44:25.734248Z"}
{"updated": 9, "event": "sync_traffic.done", "level": "info", "timestamp": "2026-09-13T10:59:25.802115Z"}
{"updated": 9, "event": "sync_traffic.done", "level": "info", "timestamp": "2026-09-13T11:14:25.836951Z"}
{"updated": 9, "event": "sync_traffic.done", "level": "info", "timestamp": "2026-09-13T11:29:25.911280Z"}
{"updated": 9, "event": "sync_traffic.done", "level": "info", "timestamp": "2026-09-13T11:44:25.749379Z"}
{"updated": 9, "event": "sync_traffic.done", "level": "info", "timestamp": "2026-09-13T11:59:25.705621Z"}
{"updated": 9, "event": "sync_traffic.done", "level": "info", "timestamp": "2026-09-13T12:14:25.930550Z"}
{"updated": 9, "event": "sync_traffic.done", "level": "info", "timestamp": "2026-09-13T12:29:25.708987Z"}
{"updated": 9, "event": "sync_traffic.done", "level": "info", "timestamp": "2026-09-13T12:44:25.696284Z"}
{"updated": 9, "event": "sync_traffic.done", "level": "info", "timestamp": "2026-09-13T12:59:25.744450Z"}
{"updated": 9, "event": "sync_traffic.done", "level": "info", "timestamp": "2026-09-13T13:14:25.706750Z"}
Failed to fetch updates - TelegramNetworkError: HTTP Client says - ClientOSError: [Errno 104] Connection reset by peer
Sleep for 1.000000 seconds and try again... (tryings = 0, bot id = 8746092424)
Connection established (tryings = 1, bot id = 8746092424)
{"updated": 9, "event": "sync_traffic.done", "level": "info", "timestamp": "2026-09-13T13:29:25.703833Z"}
{"updated": 9, "event": "sync_traffic.done", "level": "info", "timestamp": "2026-09-13T13:44:25.691552Z"}
{"updated": 9, "event": "sync_traffic.done", "level": "info", "timestamp": "2026-09-13T13:59:25.785323Z"}
{"updated": 9, "event": "sync_traffic.done", "level": "info", "timestamp": "2026-09-13T14:14:25.745673Z"}
{"updated": 9, "event": "sync_traffic.done", "level": "info", "timestamp": "2026-09-13T14:29:25.654257Z"}
{"updated": 9, "event": "sync_traffic.done", "level": "info", "timestamp": "2026-09-13T14:44:25.706227Z"}
{"updated": 9, "event": "sync_traffic.done", "level": "info", "timestamp": "2026-09-13T14:59:25.743105Z"}
{"updated": 9, "event": "sync_traffic.done", "level": "info", "timestamp": "2026-09-13T15:14:25.739592Z"}
{"updated": 9, "event": "sync_traffic.done", "level": "info", "timestamp": "2026-09-13T15:29:25.748080Z"}
{"updated": 9, "event": "sync_traffic.done", "level": "info", "timestamp": "2026-09-13T15:44:25.884393Z"}
{"updated": 9, "event": "sync_traffic.done", "level": "info", "timestamp": "2026-09-13T15:59:25.719968Z"}
{"updated": 9, "event": "sync_traffic.done", "level": "info", "timestamp": "2026-09-13T16:14:25.739953Z"}
{"updated": 9, "event": "sync_traffic.done", "level": "info", "timestamp": "2026-09-13T16:29:25.739914Z"}
{"updated": 9, "event": "sync_traffic.done", "level": "info", "timestamp": "2026-09-13T16:44:26.063017Z"}
{"updated": 9, "event": "sync_traffic.done", "level": "info", "timestamp": "2026-09-13T16:59:25.836411Z"}
{"updated": 9, "event": "sync_traffic.done", "level": "info", "timestamp": "2026-09-13T17:14:25.849482Z"}
{"updated": 9, "event": "sync_traffic.done", "level": "info", "timestamp": "2026-09-13T17:29:25.844346Z"}
{"updated": 9, "event": "sync_traffic.done", "level": "info", "timestamp": "2026-09-13T17:44:25.753114Z"}
{"updated": 9, "event": "sync_traffic.done", "level": "info", "timestamp": "2026-09-13T17:59:25.782170Z"}
{"updated": 9, "event": "sync_traffic.done", "level": "info", "timestamp": "2026-09-13T18:14:25.859455Z"}
{"updated": 9, "event": "sync_traffic.done", "level": "info", "timestamp": "2026-09-13T18:29:25.877068Z"}
{"updated": 9, "event": "sync_traffic.done", "level": "info", "timestamp": "2026-09-13T18:44:25.825562Z"}
{"updated": 9, "event": "sync_traffic.done", "level": "info", "timestamp": "2026-09-13T18:59:25.771594Z"}
{"updated": 9, "event": "sync_traffic.done", "level": "info", "timestamp": "2026-09-13T19:14:25.752563Z"}
{"updated": 9, "event": "sync_traffic.done", "level": "info", "timestamp": "2026-09-13T19:29:25.916904Z"}
{"updated": 9, "event": "sync_traffic.done", "level": "info", "timestamp": "2026-09-13T19:44:25.733098Z"}
{"updated": 9, "event": "sync_traffic.done", "level": "info", "timestamp": "2026-09-13T19:59:25.797584Z"}
{"updated": 9, "event": "sync_traffic.done", "level": "info", "timestamp": "2026-09-13T20:14:25.885319Z"}
{"updated": 9, "event": "sync_traffic.done", "level": "info", "timestamp": "2026-09-13T20:29:25.916804Z"}
{"updated": 9, "event": "sync_traffic.done", "level": "info", "timestamp": "2026-09-13T20:44:25.704271Z"}
{"updated": 9, "event": "sync_traffic.done", "level": "info", "timestamp": "2026-09-13T20:59:25.711331Z"}
{"updated": 9, "event": "sync_traffic.done", "level": "info", "timestamp": "2026-09-13T21:14:25.739189Z"}
{"updated": 9, "event": "sync_traffic.done", "level": "info", "timestamp": "2026-09-13T21:29:25.665176Z"}
{"updated": 9, "event": "sync_traffic.done", "level": "info", "timestamp": "2026-09-13T21:44:25.864149Z"}
{"updated": 9, "event": "sync_traffic.done", "level": "info", "timestamp": "2026-09-13T21:59:25.797985Z"}
{"updated": 9, "event": "sync_traffic.done", "level": "info", "timestamp": "2026-09-13T22:14:25.738889Z"}
Failed to fetch updates - TelegramNetworkError: HTTP Client says - ClientOSError: [Errno 104] Connection reset by peer
Sleep for 1.000000 seconds and try again... (tryings = 0, bot id = 8746092424)
Connection established (tryings = 1, bot id = 8746092424)
{"updated": 9, "event": "sync_traffic.done", "level": "info", "timestamp": "2026-09-13T22:29:25.704080Z"}
{"updated": 9, "event": "sync_traffic.done", "level": "info", "timestamp": "2026-09-13T22:44:25.862054Z"}
{"updated": 9, "event": "sync_traffic.done", "level": "info", "timestamp": "2026-09-13T22:59:25.728073Z"}
{"updated": 9, "event": "sync_traffic.done", "level": "info", "timestamp": "2026-09-13T23:14:25.736008Z"}
{"updated": 9, "event": "sync_traffic.done", "level": "info", "timestamp": "2026-09-13T23:29:24.762390Z"}
{"updated": 9, "event": "sync_traffic.done", "level": "info", "timestamp": "2026-09-13T23:44:25.680220Z"}
{"updated": 9, "event": "sync_traffic.done", "level": "info", "timestamp": "2026-09-13T23:59:25.638797Z"}
{"updated": 9, "event": "sync_traffic.done", "level": "info", "timestamp": "2026-09-14T00:14:25.672860Z"}
{"updated": 9, "event": "sync_traffic.done", "level": "info", "timestamp": "2026-09-14T00:29:25.641977Z"}
{"updated": 9, "event": "sync_traffic.done", "level": "info", "timestamp": "2026-09-14T00:44:25.682219Z"}
{"updated": 9, "event": "sync_traffic.done", "level": "info", "timestamp": "2026-09-14T00:59:25.772245Z"}
Failed to fetch updates - TelegramServerError: Telegram server says - Bad Gateway
Sleep for 1.000000 seconds and try again... (tryings = 0, bot id = 8746092424)
Failed to fetch updates - TelegramServerError: Telegram server says - Bad Gateway
Sleep for 1.319777 seconds and try again... (tryings = 1, bot id = 8746092424)
Failed to fetch updates - TelegramServerError: Telegram server says - Bad Gateway
Sleep for 1.691047 seconds and try again... (tryings = 2, bot id = 8746092424)
Failed to fetch updates - TelegramServerError: Telegram server says - Bad Gateway
Sleep for 2.220821 seconds and try again... (tryings = 3, bot id = 8746092424)
Connection established (tryings = 4, bot id = 8746092424)
{"updated": 9, "event": "sync_traffic.done", "level": "info", "timestamp": "2026-09-14T01:14:25.584053Z"}
{"updated": 9, "event": "sync_traffic.done", "level": "info", "timestamp": "2026-09-14T01:29:25.692860Z"}
{"updated": 9, "event": "sync_traffic.done", "level": "info", "timestamp": "2026-09-14T01:44:25.799179Z"}
Failed to fetch updates - TelegramNetworkError: HTTP Client says - ClientOSError: [Errno 104] Connection reset by peer
Sleep for 1.000000 seconds and try again... (tryings = 0, bot id = 8746092424)
Connection established (tryings = 1, bot id = 8746092424)
{"updated": 9, "event": "sync_traffic.done", "level": "info", "timestamp": "2026-09-14T01:59:25.690996Z"}
{"updated": 9, "event": "sync_traffic.done", "level": "info", "timestamp": "2026-09-14T02:14:25.870336Z"}
{"updated": 9, "event": "sync_traffic.done", "level": "info", "timestamp": "2026-09-14T02:29:25.903430Z"}
{"updated": 9, "event": "sync_traffic.done", "level": "info", "timestamp": "2026-09-14T02:44:25.691250Z"}
{"updated": 9, "event": "sync_traffic.done", "level": "info", "timestamp": "2026-09-14T02:59:25.595619Z"}
{"updated": 9, "event": "sync_traffic.done", "level": "info", "timestamp": "2026-09-14T03:14:25.687253Z"}
{"updated": 9, "event": "sync_traffic.done", "level": "info", "timestamp": "2026-09-14T03:29:25.638925Z"}
{"updated": 9, "event": "sync_traffic.done", "level": "info", "timestamp": "2026-09-14T03:44:25.861701Z"}
{"updated": 9, "event": "sync_traffic.done", "level": "info", "timestamp": "2026-09-14T03:59:25.651651Z"}
{"updated": 9, "event": "sync_traffic.done", "level": "info", "timestamp": "2026-09-14T04:14:25.680403Z"}
{"updated": 9, "event": "sync_traffic.done", "level": "info", "timestamp": "2026-09-14T04:29:25.665847Z"}
{"updated": 9, "event": "sync_traffic.done", "level": "info", "timestamp": "2026-09-14T04:44:25.767334Z"}
{"updated": 9, "event": "sync_traffic.done", "level": "info", "timestamp": "2026-09-14T04:59:25.599309Z"}
{"updated": 9, "event": "sync_traffic.done", "level": "info", "timestamp": "2026-09-14T05:14:26.097429Z"}
{"updated": 9, "event": "sync_traffic.done", "level": "info", "timestamp": "2026-09-14T05:29:25.638087Z"}
Update id=711252276 is handled. Duration 145 ms by bot id=8746092424
Update id=711252277 is handled. Duration 81 ms by bot id=8746092424
Update id=711252278 is handled. Duration 569 ms by bot id=8746092424
Update id=711252279 is handled. Duration 109 ms by bot id=8746092424
{"updated": 9, "event": "sync_traffic.done", "level": "info", "timestamp": "2026-09-14T05:44:25.859920Z"}
{"updated": 9, "event": "sync_traffic.done", "level": "info", "timestamp": "2026-09-14T05:59:25.721016Z"}
{"updated": 9, "event": "sync_traffic.done", "level": "info", "timestamp": "2026-09-14T06:14:25.665406Z"}
{"updated": 9, "event": "sync_traffic.done", "level": "info", "timestamp": "2026-09-14T06:29:25.707630Z"}
{"updated": 9, "event": "sync_traffic.done", "level": "info", "timestamp": "2026-09-14T06:44:25.677337Z"}
{"updated": 9, "event": "sync_traffic.done", "level": "info", "timestamp": "2026-09-14T06:59:25.657256Z"}
{"updated": 9, "event": "sync_traffic.done", "level": "info", "timestamp": "2026-09-14T07:14:25.929837Z"}
{"updated": 9, "event": "sync_traffic.done", "level": "info", "timestamp": "2026-09-14T07:29:25.728824Z"}
{"updated": 9, "event": "sync_traffic.done", "level": "info", "timestamp": "2026-09-14T07:44:25.870263Z"}
{"updated": 9, "event": "sync_traffic.done", "level": "info", "timestamp": "2026-09-14T07:59:25.777433Z"}
{"updated": 9, "event": "sync_traffic.done", "level": "info", "timestamp": "2026-09-14T08:14:25.962181Z"}
{"updated": 9, "event": "sync_traffic.done", "level": "info", "timestamp": "2026-09-14T08:29:25.892845Z"}
{"updated": 9, "event": "sync_traffic.done", "level": "info", "timestamp": "2026-09-14T08:44:25.873014Z"}
Failed to fetch updates - TelegramNetworkError: HTTP Client says - ClientOSError: [Errno 104] Connection reset by peer
Sleep for 1.000000 seconds and try again... (tryings = 0, bot id = 8746092424)
Connection established (tryings = 1, bot id = 8746092424)
{"updated": 9, "event": "sync_traffic.done", "level": "info", "timestamp": "2026-09-14T08:59:25.764923Z"}
{"updated": 9, "event": "sync_traffic.done", "level": "info", "timestamp": "2026-09-14T09:14:25.772191Z"}
{"updated": 9, "event": "sync_traffic.done", "level": "info", "timestamp": "2026-09-14T09:29:25.821794Z"}
{"updated": 9, "event": "sync_traffic.done", "level": "info", "timestamp": "2026-09-14T09:44:25.658012Z"}
{"updated": 9, "event": "sync_traffic.done", "level": "info", "timestamp": "2026-09-14T09:59:25.854094Z"}
{"updated": 9, "event": "sync_traffic.done", "level": "info", "timestamp": "2026-09-14T10:14:25.744070Z"}
{"updated": 9, "event": "sync_traffic.done", "level": "info", "timestamp": "2026-09-14T10:29:25.664052Z"}
Update id=711252280 is handled. Duration 281 ms by bot id=8746092424
Update id=711252281 is handled. Duration 135 ms by bot id=8746092424
Update id=711252282 is handled. Duration 147 ms by bot id=8746092424
Update id=711252283 is handled. Duration 318 ms by bot id=8746092424
Update id=711252284 is handled. Duration 130 ms by bot id=8746092424
Update id=711252285 is handled. Duration 116 ms by bot id=8746092424
Update id=711252286 is handled. Duration 118 ms by bot id=8746092424
Update id=711252287 is handled. Duration 123 ms by bot id=8746092424
Update id=711252288 is handled. Duration 141 ms by bot id=8746092424
Update id=711252289 is handled. Duration 115 ms by bot id=8746092424
Update id=711252290 is handled. Duration 121 ms by bot id=8746092424
{"user_id": 3, "telegram_id": 5435975876, "event": "site.code_reissued", "level": "info", "timestamp": "2026-09-14T10:37:48.992810Z"}
Update id=711252291 is handled. Duration 140 ms by bot id=8746092424
{"user_id": 3, "telegram_id": 5435975876, "event": "site.code_reissued", "level": "info", "timestamp": "2026-09-14T10:38:04.866342Z"}
Update id=711252292 is handled. Duration 246 ms by bot id=8746092424
Update id=711252293 is handled. Duration 131 ms by bot id=8746092424
{"updated": 9, "event": "sync_traffic.done", "level": "info", "timestamp": "2026-09-14T10:44:25.691188Z"}
{"updated": 9, "event": "sync_traffic.done", "level": "info", "timestamp": "2026-09-14T10:59:25.841442Z"}
{"updated": 9, "event": "sync_traffic.done", "level": "info", "timestamp": "2026-09-14T11:14:25.898864Z"}
{"updated": 9, "event": "sync_traffic.done", "level": "info", "timestamp": "2026-09-14T11:29:25.735559Z"}
{"updated": 9, "event": "sync_traffic.done", "level": "info", "timestamp": "2026-09-14T11:44:25.674655Z"}
Failed to fetch updates - TelegramNetworkError: HTTP Client says - ClientOSError: [Errno 104] Connection reset by peer
Sleep for 1.000000 seconds and try again... (tryings = 0, bot id = 8746092424)
Connection established (tryings = 1, bot id = 8746092424)
{"updated": 9, "event": "sync_traffic.done", "level": "info", "timestamp": "2026-09-14T11:59:25.812590Z"}
{"updated": 9, "event": "sync_traffic.done", "level": "info", "timestamp": "2026-09-14T12:14:25.731628Z"}
{"updated": 9, "event": "sync_traffic.done", "level": "info", "timestamp": "2026-09-14T12:29:25.990202Z"}
{"updated": 9, "event": "sync_traffic.done", "level": "info", "timestamp": "2026-09-14T12:44:25.764246Z"}
{"updated": 9, "event": "sync_traffic.done", "level": "info", "timestamp": "2026-09-14T12:59:25.692844Z"}
{"updated": 9, "event": "sync_traffic.done", "level": "info", "timestamp": "2026-09-14T13:14:25.831592Z"}
{"updated": 9, "event": "sync_traffic.done", "level": "info", "timestamp": "2026-09-14T13:29:26.074559Z"}
{"updated": 9, "event": "sync_traffic.done", "level": "info", "timestamp": "2026-09-14T13:44:25.865200Z"}
{"updated": 9, "event": "sync_traffic.done", "level": "info", "timestamp": "2026-09-14T13:59:25.665192Z"}
{"job": "reconcile_payments", "err": "", "tb": "-packages/httpx/_client.py\", line 1585, in request\n    return await self.send(request, auth=auth, follow_redirects=follow_redirects)\n           ^^^^^^^^^^^^^^^^^^^^^^^^^^^^^^^^^^^^^^^^^^^^^^^^^^^^^^^^^^^^^^^^^^^^^^\n  File \"/opt/vpn_tg/.venv/lib/python3.12/site-packages/httpx/_client.py\", line 1674, in send\n    response = await self._send_handling_auth(\n               ^^^^^^^^^^^^^^^^^^^^^^^^^^^^^^^\n  File \"/opt/vpn_tg/.venv/lib/python3.12/site-packages/httpx/_client.py\", line 1702, in _send_handling_auth\n    response = await self._send_handling_redirects(\n               ^^^^^^^^^^^^^^^^^^^^^^^^^^^^^^^^^^^^\n  File \"/opt/vpn_tg/.venv/lib/python3.12/site-packages/httpx/_client.py\", line 1739, in _send_handling_redirects\n    response = await self._send_single_request(request)\n               ^^^^^^^^^^^^^^^^^^^^^^^^^^^^^^^^^^^^^^^^\n  File \"/opt/vpn_tg/.venv/lib/python3.12/site-packages/httpx/_client.py\", line 1776, in _send_single_request\n    response = await transport.handle_async_request(request)\n               ^^^^^^^^^^^^^^^^^^^^^^^^^^^^^^^^^^^^^^^^^^^^^\n  File \"/opt/vpn_tg/.venv/lib/python3.12/site-packages/httpx/_transports/default.py\", line 376, in handle_async_request\n    with map_httpcore_exceptions():\n  File \"/usr/lib/python3.12/contextlib.py\", line 158, in __exit__\n    self.gen.throw(value)\n  File \"/opt/vpn_tg/.venv/lib/python3.12/site-packages/httpx/_transports/default.py\", line 89, in map_httpcore_exceptions\n    raise mapped_exc(message) from exc\nhttpx.ConnectTimeout\n", "event": "job.failed", "level": "error", "timestamp": "2026-09-14T14:09:38.717716Z"}
Job "reconcile_payments (trigger: interval[0:05:00], next run at: 2026-09-14 14:14:23 UTC)" raised an exception
Traceback (most recent call last):
  File "/opt/vpn_tg/.venv/lib/python3.12/site-packages/httpx/_transports/default.py", line 72, in map_httpcore_exceptions
    yield
  File "/opt/vpn_tg/.venv/lib/python3.12/site-packages/httpx/_transports/default.py", line 377, in handle_async_request
    resp = await self._pool.handle_async_request(req)
           ^^^^^^^^^^^^^^^^^^^^^^^^^^^^^^^^^^^^^^^^^^
  File "/opt/vpn_tg/.venv/lib/python3.12/site-packages/httpcore/_async/connection_pool.py", line 256, in handle_async_request
    raise exc from None
  File "/opt/vpn_tg/.venv/lib/python3.12/site-packages/httpcore/_async/connection_pool.py", line 236, in handle_async_request
    response = await connection.handle_async_request(
               ^^^^^^^^^^^^^^^^^^^^^^^^^^^^^^^^^^^^^^
  File "/opt/vpn_tg/.venv/lib/python3.12/site-packages/httpcore/_async/connection.py", line 101, in handle_async_request
    raise exc
  File "/opt/vpn_tg/.venv/lib/python3.12/site-packages/httpcore/_async/connection.py", line 78, in handle_async_request
    stream = await self._connect(request)
             ^^^^^^^^^^^^^^^^^^^^^^^^^^^^
  File "/opt/vpn_tg/.venv/lib/python3.12/site-packages/httpcore/_async/connection.py", line 156, in _connect
    stream = await stream.start_tls(**kwargs)
             ^^^^^^^^^^^^^^^^^^^^^^^^^^^^^^^^
  File "/opt/vpn_tg/.venv/lib/python3.12/site-packages/httpcore/_backends/anyio.py", line 67, in start_tls
    with map_exceptions(exc_map):
  File "/usr/lib/python3.12/contextlib.py", line 158, in __exit__
    self.gen.throw(value)
  File "/opt/vpn_tg/.venv/lib/python3.12/site-packages/httpcore/_exceptions.py", line 14, in map_exceptions
    raise to_exc(exc) from exc
httpcore.ConnectTimeout

The above exception was the direct cause of the following exception:

Traceback (most recent call last):
  File "/opt/vpn_tg/.venv/lib/python3.12/site-packages/apscheduler/executors/base_py3.py", line 30, in run_coroutine_job
    retval = await job.func(*job.args, **job.kwargs)
             ^^^^^^^^^^^^^^^^^^^^^^^^^^^^^^^^^^^^^^^
  File "/opt/vpn_tg/app/tasks/scheduler.py", line 34, in wrapper
    return await fn(*args, **kwargs)
           ^^^^^^^^^^^^^^^^^^^^^^^^^
  File "/opt/vpn_tg/app/tasks/jobs/__init__.py", line 183, in reconcile_payments
    return await reconcile_pending(session_factory, bot)
           ^^^^^^^^^^^^^^^^^^^^^^^^^^^^^^^^^^^^^^^^^^^^^
  File "/opt/vpn_tg/app/handlers/payments_yookassa.py", line 109, in reconcile_pending
    succeeded, _data = await yk.is_succeeded(str(api_id))
                       ^^^^^^^^^^^^^^^^^^^^^^^^^^^^^^^^^^
  File "/opt/vpn_tg/app/services/payments/yookassa.py", line 93, in is_succeeded
    data = await self.get_payment(payment_api_id)
           ^^^^^^^^^^^^^^^^^^^^^^^^^^^^^^^^^^^^^^
  File "/opt/vpn_tg/app/services/payments/yookassa.py", line 87, in get_payment
    resp = await self._http.get(f"/payments/{payment_api_id}", headers=self._auth_headers())
           ^^^^^^^^^^^^^^^^^^^^^^^^^^^^^^^^^^^^^^^^^^^^^^^^^^^^^^^^^^^^^^^^^^^^^^^^^^^^^^^^^
  File "/opt/vpn_tg/.venv/lib/python3.12/site-packages/httpx/_client.py", line 1814, in get
    return await self.request(
           ^^^^^^^^^^^^^^^^^^^
  File "/opt/vpn_tg/.venv/lib/python3.12/site-packages/httpx/_client.py", line 1585, in request
    return await self.send(request, auth=auth, follow_redirects=follow_redirects)
           ^^^^^^^^^^^^^^^^^^^^^^^^^^^^^^^^^^^^^^^^^^^^^^^^^^^^^^^^^^^^^^^^^^^^^^
  File "/opt/vpn_tg/.venv/lib/python3.12/site-packages/httpx/_client.py", line 1674, in send
    response = await self._send_handling_auth(
               ^^^^^^^^^^^^^^^^^^^^^^^^^^^^^^^
  File "/opt/vpn_tg/.venv/lib/python3.12/site-packages/httpx/_client.py", line 1702, in _send_handling_auth
    response = await self._send_handling_redirects(
               ^^^^^^^^^^^^^^^^^^^^^^^^^^^^^^^^^^^^
  File "/opt/vpn_tg/.venv/lib/python3.12/site-packages/httpx/_client.py", line 1739, in _send_handling_redirects
    response = await self._send_single_request(request)
               ^^^^^^^^^^^^^^^^^^^^^^^^^^^^^^^^^^^^^^^^
  File "/opt/vpn_tg/.venv/lib/python3.12/site-packages/httpx/_client.py", line 1776, in _send_single_request
    response = await transport.handle_async_request(request)
               ^^^^^^^^^^^^^^^^^^^^^^^^^^^^^^^^^^^^^^^^^^^^^
  File "/opt/vpn_tg/.venv/lib/python3.12/site-packages/httpx/_transports/default.py", line 376, in handle_async_request
    with map_httpcore_exceptions():
  File "/usr/lib/python3.12/contextlib.py", line 158, in __exit__
    self.gen.throw(value)
  File "/opt/vpn_tg/.venv/lib/python3.12/site-packages/httpx/_transports/default.py", line 89, in map_httpcore_exceptions
    raise mapped_exc(message) from exc
httpx.ConnectTimeout
{"updated": 9, "event": "sync_traffic.done", "level": "info", "timestamp": "2026-09-14T14:14:25.767280Z"}
{"updated": 9, "event": "sync_traffic.done", "level": "info", "timestamp": "2026-09-14T14:29:25.902313Z"}
{"updated": 9, "event": "sync_traffic.done", "level": "info", "timestamp": "2026-09-14T14:44:25.965185Z"}
{"updated": 9, "event": "sync_traffic.done", "level": "info", "timestamp": "2026-09-14T14:59:25.750486Z"}
{"updated": 9, "event": "sync_traffic.done", "level": "info", "timestamp": "2026-09-14T15:14:25.806339Z"}
{"updated": 9, "event": "sync_traffic.done", "level": "info", "timestamp": "2026-09-14T15:29:25.836429Z"}
{"updated": 9, "event": "sync_traffic.done", "level": "info", "timestamp": "2026-09-14T15:44:25.823412Z"}
{"updated": 9, "event": "sync_traffic.done", "level": "info", "timestamp": "2026-09-14T15:59:25.907974Z"}
{"updated": 9, "event": "sync_traffic.done", "level": "info", "timestamp": "2026-09-14T16:14:25.743078Z"}
{"updated": 9, "event": "sync_traffic.done", "level": "info", "timestamp": "2026-09-14T16:29:25.911609Z"}
{"updated": 9, "event": "sync_traffic.done", "level": "info", "timestamp": "2026-09-14T16:44:25.743676Z"}
Failed to fetch updates - TelegramNetworkError: HTTP Client says - ClientOSError: [Errno 104] Connection reset by peer
Sleep for 1.000000 seconds and try again... (tryings = 0, bot id = 8746092424)
Connection established (tryings = 1, bot id = 8746092424)
{"updated": 9, "event": "sync_traffic.done", "level": "info", "timestamp": "2026-09-14T16:59:26.047405Z"}
{"updated": 9, "event": "sync_traffic.done", "level": "info", "timestamp": "2026-09-14T17:14:25.858826Z"}
{"updated": 9, "event": "sync_traffic.done", "level": "info", "timestamp": "2026-09-14T17:29:25.844151Z"}
{"updated": 9, "event": "sync_traffic.done", "level": "info", "timestamp": "2026-09-14T17:44:25.895361Z"}
{"updated": 9, "event": "sync_traffic.done", "level": "info", "timestamp": "2026-09-14T17:59:24.744130Z"}
{"updated": 9, "event": "sync_traffic.done", "level": "info", "timestamp": "2026-09-14T18:14:25.801244Z"}
{"updated": 9, "event": "sync_traffic.done", "level": "info", "timestamp": "2026-09-14T18:29:26.026475Z"}
{"updated": 9, "event": "sync_traffic.done", "level": "info", "timestamp": "2026-09-14T18:44:25.777070Z"}
{"updated": 9, "event": "sync_traffic.done", "level": "info", "timestamp": "2026-09-14T18:59:25.883024Z"}
Failed to fetch updates - TelegramNetworkError: HTTP Client says - ClientOSError: [Errno 104] Connection reset by peer
Sleep for 1.000000 seconds and try again... (tryings = 0, bot id = 8746092424)
Connection established (tryings = 1, bot id = 8746092424)
{"updated": 9, "event": "sync_traffic.done", "level": "info", "timestamp": "2026-09-14T19:14:25.863350Z"}
{"updated": 9, "event": "sync_traffic.done", "level": "info", "timestamp": "2026-09-14T19:29:25.788948Z"}
{"updated": 9, "event": "sync_traffic.done", "level": "info", "timestamp": "2026-09-14T19:44:25.831122Z"}
{"updated": 9, "event": "sync_traffic.done", "level": "info", "timestamp": "2026-09-14T19:59:25.789229Z"}
{"updated": 9, "event": "sync_traffic.done", "level": "info", "timestamp": "2026-09-14T20:14:25.649247Z"}
{"updated": 9, "event": "sync_traffic.done", "level": "info", "timestamp": "2026-09-14T20:29:25.862409Z"}
{"updated": 9, "event": "sync_traffic.done", "level": "info", "timestamp": "2026-09-14T20:44:25.927125Z"}
{"updated": 9, "event": "sync_traffic.done", "level": "info", "timestamp": "2026-09-14T20:59:25.746159Z"}
{"updated": 9, "event": "sync_traffic.done", "level": "info", "timestamp": "2026-09-14T21:14:25.805382Z"}
{"updated": 9, "event": "sync_traffic.done", "level": "info", "timestamp": "2026-09-14T21:29:25.776483Z"}
{"updated": 9, "event": "sync_traffic.done", "level": "info", "timestamp": "2026-09-14T21:44:25.684419Z"}
{"updated": 9, "event": "sync_traffic.done", "level": "info", "timestamp": "2026-09-14T21:59:25.729881Z"}
{"updated": 9, "event": "sync_traffic.done", "level": "info", "timestamp": "2026-09-14T22:14:25.879549Z"}
{"updated": 9, "event": "sync_traffic.done", "level": "info", "timestamp": "2026-09-14T22:29:25.623884Z"}
{"updated": 9, "event": "sync_traffic.done", "level": "info", "timestamp": "2026-09-14T22:44:25.669968Z"}
{"updated": 9, "event": "sync_traffic.done", "level": "info", "timestamp": "2026-09-14T22:59:25.631969Z"}
{"updated": 9, "event": "sync_traffic.done", "level": "info", "timestamp": "2026-09-14T23:14:25.832550Z"}
{"updated": 9, "event": "sync_traffic.done", "level": "info", "timestamp": "2026-09-14T23:29:25.706492Z"}
{"updated": 9, "event": "sync_traffic.done", "level": "info", "timestamp": "2026-09-14T23:44:25.748549Z"}
{"updated": 9, "event": "sync_traffic.done", "level": "info", "timestamp": "2026-09-14T23:59:25.643434Z"}
{"updated": 9, "event": "sync_traffic.done", "level": "info", "timestamp": "2026-09-15T00:14:24.805251Z"}
{"updated": 9, "event": "sync_traffic.done", "level": "info", "timestamp": "2026-09-15T00:29:25.623585Z"}
{"updated": 9, "event": "sync_traffic.done", "level": "info", "timestamp": "2026-09-15T00:44:25.722230Z"}
{"updated": 9, "event": "sync_traffic.done", "level": "info", "timestamp": "2026-09-15T00:59:25.629596Z"}
Failed to fetch updates - TelegramNetworkError: HTTP Client says - ClientOSError: [Errno 104] Connection reset by peer
Sleep for 1.000000 seconds and try again... (tryings = 0, bot id = 8746092424)
Connection established (tryings = 1, bot id = 8746092424)
{"updated": 9, "event": "sync_traffic.done", "level": "info", "timestamp": "2026-09-15T01:14:25.672211Z"}
{"updated": 9, "event": "sync_traffic.done", "level": "info", "timestamp": "2026-09-15T01:29:25.651223Z"}
{"updated": 9, "event": "sync_traffic.done", "level": "info", "timestamp": "2026-09-15T01:44:25.667353Z"}
{"updated": 9, "event": "sync_traffic.done", "level": "info", "timestamp": "2026-09-15T01:59:25.772286Z"}
{"updated": 9, "event": "sync_traffic.done", "level": "info", "timestamp": "2026-09-15T02:14:25.780097Z"}
{"updated": 9, "event": "sync_traffic.done", "level": "info", "timestamp": "2026-09-15T02:29:25.655964Z"}
{"updated": 9, "event": "sync_traffic.done", "level": "info", "timestamp": "2026-09-15T02:44:25.632083Z"}
{"updated": 9, "event": "sync_traffic.done", "level": "info", "timestamp": "2026-09-15T02:59:25.708895Z"}
{"updated": 9, "event": "sync_traffic.done", "level": "info", "timestamp": "2026-09-15T03:14:25.672021Z"}
Failed to fetch updates - TelegramNetworkError: HTTP Client says - ClientOSError: [Errno 104] Connection reset by peer
Sleep for 1.000000 seconds and try again... (tryings = 0, bot id = 8746092424)
Connection established (tryings = 1, bot id = 8746092424)
{"updated": 9, "event": "sync_traffic.done", "level": "info", "timestamp": "2026-09-15T03:29:25.632191Z"}
{"updated": 9, "event": "sync_traffic.done", "level": "info", "timestamp": "2026-09-15T03:44:25.674942Z"}
{"updated": 9, "event": "sync_traffic.done", "level": "info", "timestamp": "2026-09-15T03:59:25.826307Z"}
{"updated": 9, "event": "sync_traffic.done", "level": "info", "timestamp": "2026-09-15T04:14:25.769761Z"}
{"updated": 9, "event": "sync_traffic.done", "level": "info", "timestamp": "2026-09-15T04:29:25.725442Z"}
{"updated": 9, "event": "sync_traffic.done", "level": "info", "timestamp": "2026-09-15T04:44:25.667817Z"}
{"updated": 9, "event": "sync_traffic.done", "level": "info", "timestamp": "2026-09-15T04:59:25.617158Z"}
{"updated": 9, "event": "sync_traffic.done", "level": "info", "timestamp": "2026-09-15T05:14:25.833187Z"}
{"updated": 9, "event": "sync_traffic.done", "level": "info", "timestamp": "2026-09-15T05:29:25.602366Z"}
{"updated": 9, "event": "sync_traffic.done", "level": "info", "timestamp": "2026-09-15T05:44:25.676238Z"}
{"updated": 9, "event": "sync_traffic.done", "level": "info", "timestamp": "2026-09-15T05:59:25.701658Z"}
{"updated": 9, "event": "sync_traffic.done", "level": "info", "timestamp": "2026-09-15T06:14:24.726973Z"}
{"updated": 9, "event": "sync_traffic.done", "level": "info", "timestamp": "2026-09-15T06:29:25.789294Z"}
{"updated": 9, "event": "sync_traffic.done", "level": "info", "timestamp": "2026-09-15T06:44:25.829929Z"}
{"updated": 9, "event": "sync_traffic.done", "level": "info", "timestamp": "2026-09-15T06:59:25.704338Z"}
{"updated": 9, "event": "sync_traffic.done", "level": "info", "timestamp": "2026-09-15T07:14:24.681441Z"}
{"updated": 9, "event": "sync_traffic.done", "level": "info", "timestamp": "2026-09-15T07:29:25.703201Z"}
{"updated": 9, "event": "sync_traffic.done", "level": "info", "timestamp": "2026-09-15T07:44:25.825294Z"}
{"updated": 9, "event": "sync_traffic.done", "level": "info", "timestamp": "2026-09-15T07:59:25.717470Z"}
{"updated": 9, "event": "sync_traffic.done", "level": "info", "timestamp": "2026-09-15T08:14:25.695467Z"}
{"updated": 9, "event": "sync_traffic.done", "level": "info", "timestamp": "2026-09-15T08:29:25.708353Z"}
{"updated": 9, "event": "sync_traffic.done", "level": "info", "timestamp": "2026-09-15T08:44:25.779919Z"}
{"updated": 9, "event": "sync_traffic.done", "level": "info", "timestamp": "2026-09-15T08:59:25.721488Z"}
{"updated": 9, "event": "sync_traffic.done", "level": "info", "timestamp": "2026-09-15T09:14:25.950824Z"}
{"updated": 9, "event": "sync_traffic.done", "level": "info", "timestamp": "2026-09-15T09:29:25.850926Z"}
Failed to fetch updates - TelegramNetworkError: HTTP Client says - ClientOSError: [Errno 104] Connection reset by peer
Sleep for 1.000000 seconds and try again... (tryings = 0, bot id = 8746092424)
Connection established (tryings = 1, bot id = 8746092424)
{"updated": 9, "event": "sync_traffic.done", "level": "info", "timestamp": "2026-09-15T09:44:25.812089Z"}
{"updated": 9, "event": "sync_traffic.done", "level": "info", "timestamp": "2026-09-15T09:59:25.665960Z"}
{"updated": 9, "event": "sync_traffic.done", "level": "info", "timestamp": "2026-09-15T10:14:25.856139Z"}
{"updated": 9, "event": "sync_traffic.done", "level": "info", "timestamp": "2026-09-15T10:29:25.820147Z"}
{"updated": 9, "event": "sync_traffic.done", "level": "info", "timestamp": "2026-09-15T10:44:25.781085Z"}
{"updated": 9, "event": "sync_traffic.done", "level": "info", "timestamp": "2026-09-15T10:59:25.733140Z"}
{"updated": 9, "event": "sync_traffic.done", "level": "info", "timestamp": "2026-09-15T11:14:26.186604Z"}
{"updated": 9, "event": "sync_traffic.done", "level": "info", "timestamp": "2026-09-15T11:29:25.675191Z"}
{"updated": 9, "event": "sync_traffic.done", "level": "info", "timestamp": "2026-09-15T11:44:25.777020Z"}
{"updated": 9, "event": "sync_traffic.done", "level": "info", "timestamp": "2026-09-15T11:59:25.865344Z"}
{"updated": 9, "event": "sync_traffic.done", "level": "info", "timestamp": "2026-09-15T12:14:25.821422Z"}
{"updated": 9, "event": "sync_traffic.done", "level": "info", "timestamp": "2026-09-15T12:29:25.939566Z"}
{"updated": 9, "event": "sync_traffic.done", "level": "info", "timestamp": "2026-09-15T12:44:25.765754Z"}
{"updated": 9, "event": "sync_traffic.done", "level": "info", "timestamp": "2026-09-15T12:59:25.695130Z"}
{"updated": 9, "event": "sync_traffic.done", "level": "info", "timestamp": "2026-09-15T13:14:25.939207Z"}
{"updated": 9, "event": "sync_traffic.done", "level": "info", "timestamp": "2026-09-15T13:29:25.734214Z"}
{"updated": 9, "event": "sync_traffic.done", "level": "info", "timestamp": "2026-09-15T13:44:25.933100Z"}
{"updated": 9, "event": "sync_traffic.done", "level": "info", "timestamp": "2026-09-15T13:59:25.730100Z"}
{"updated": 9, "event": "sync_traffic.done", "level": "info", "timestamp": "2026-09-15T14:14:25.871347Z"}
{"updated": 9, "event": "sync_traffic.done", "level": "info", "timestamp": "2026-09-15T14:29:25.898400Z"}
{"updated": 9, "event": "sync_traffic.done", "level": "info", "timestamp": "2026-09-15T14:44:25.773998Z"}
{"updated": 9, "event": "sync_traffic.done", "level": "info", "timestamp": "2026-09-15T14:59:25.896094Z"}
{"updated": 9, "event": "sync_traffic.done", "level": "info", "timestamp": "2026-09-15T15:14:25.848211Z"}
{"updated": 9, "event": "sync_traffic.done", "level": "info", "timestamp": "2026-09-15T15:29:25.798625Z"}
{"updated": 9, "event": "sync_traffic.done", "level": "info", "timestamp": "2026-09-15T15:44:25.965236Z"}
{"updated": 9, "event": "sync_traffic.done", "level": "info", "timestamp": "2026-09-15T15:59:25.730126Z"}
{"updated": 9, "event": "sync_traffic.done", "level": "info", "timestamp": "2026-09-15T16:14:25.768638Z"}
{"updated": 9, "event": "sync_traffic.done", "level": "info", "timestamp": "2026-09-15T16:29:25.800019Z"}
{"updated": 9, "event": "sync_traffic.done", "level": "info", "timestamp": "2026-09-15T16:44:25.842888Z"}
{"updated": 9, "event": "sync_traffic.done", "level": "info", "timestamp": "2026-09-15T16:59:25.889114Z"}
{"updated": 9, "event": "sync_traffic.done", "level": "info", "timestamp": "2026-09-15T17:14:25.854278Z"}
{"updated": 9, "event": "sync_traffic.done", "level": "info", "timestamp": "2026-09-15T17:29:25.713002Z"}
{"updated": 9, "event": "sync_traffic.done", "level": "info", "timestamp": "2026-09-15T17:44:25.817641Z"}
{"updated": 9, "event": "sync_traffic.done", "level": "info", "timestamp": "2026-09-15T17:59:26.085241Z"}
{"updated": 9, "event": "sync_traffic.done", "level": "info", "timestamp": "2026-09-15T18:14:24.832278Z"}
{"updated": 9, "event": "sync_traffic.done", "level": "info", "timestamp": "2026-09-15T18:29:25.718020Z"}
{"updated": 9, "event": "sync_traffic.done", "level": "info", "timestamp": "2026-09-15T18:44:25.701139Z"}
{"updated": 9, "event": "sync_traffic.done", "level": "info", "timestamp": "2026-09-15T18:59:25.702793Z"}
{"updated": 9, "event": "sync_traffic.done", "level": "info", "timestamp": "2026-09-15T19:14:25.918229Z"}
{"updated": 9, "event": "sync_traffic.done", "level": "info", "timestamp": "2026-09-15T19:29:25.823959Z"}
{"updated": 9, "event": "sync_traffic.done", "level": "info", "timestamp": "2026-09-15T19:44:25.801937Z"}
{"updated": 9, "event": "sync_traffic.done", "level": "info", "timestamp": "2026-09-15T19:59:25.773340Z"}
{"updated": 9, "event": "sync_traffic.done", "level": "info", "timestamp": "2026-09-15T20:14:25.942371Z"}
{"updated": 9, "event": "sync_traffic.done", "level": "info", "timestamp": "2026-09-15T20:29:25.903029Z"}
{"updated": 9, "event": "sync_traffic.done", "level": "info", "timestamp": "2026-09-15T20:44:25.801460Z"}
{"updated": 9, "event": "sync_traffic.done", "level": "info", "timestamp": "2026-09-15T20:59:25.709215Z"}
{"updated": 9, "event": "sync_traffic.done", "level": "info", "timestamp": "2026-09-15T21:14:25.757165Z"}
{"updated": 9, "event": "sync_traffic.done", "level": "info", "timestamp": "2026-09-15T21:29:25.711376Z"}
{"updated": 9, "event": "sync_traffic.done", "level": "info", "timestamp": "2026-09-15T21:44:25.828213Z"}
{"updated": 9, "event": "sync_traffic.done", "level": "info", "timestamp": "2026-09-15T21:59:25.709997Z"}
{"updated": 9, "event": "sync_traffic.done", "level": "info", "timestamp": "2026-09-15T22:14:25.872564Z"}
{"updated": 9, "event": "sync_traffic.done", "level": "info", "timestamp": "2026-09-15T22:29:25.642422Z"}
Update id=711252294 is handled. Duration 182 ms by bot id=8746092424
Update id=711252295 is handled. Duration 250 ms by bot id=8746092424
Update id=711252296 is handled. Duration 417 ms by bot id=8746092424
Update id=711252297 is handled. Duration 216 ms by bot id=8746092424
Update id=711252298 is handled. Duration 153 ms by bot id=8746092424
Update id=711252299 is handled. Duration 349 ms by bot id=8746092424
Update id=711252300 is handled. Duration 162 ms by bot id=8746092424
Update id=711252301 is handled. Duration 121 ms by bot id=8746092424
{"updated": 9, "event": "sync_traffic.done", "level": "info", "timestamp": "2026-09-15T22:44:25.690092Z"}
Update id=711252302 is handled. Duration 206 ms by bot id=8746092424
Update id=711252303 is handled. Duration 139 ms by bot id=8746092424
Update id=711252304 is handled. Duration 118 ms by bot id=8746092424
Update id=711252305 is handled. Duration 145 ms by bot id=8746092424
Update id=711252306 is handled. Duration 109 ms by bot id=8746092424
Update id=711252307 is handled. Duration 144 ms by bot id=8746092424
Update id=711252308 is handled. Duration 194 ms by bot id=8746092424
Update id=711252309 is handled. Duration 129 ms by bot id=8746092424
Update id=711252310 is handled. Duration 190 ms by bot id=8746092424
{"payment_id": 56, "provider": "yookassa", "amount": 14900, "event": "payment.created", "level": "info", "timestamp": "2026-09-15T22:58:18.138672Z"}
Update id=711252311 is handled. Duration 593 ms by bot id=8746092424
Update id=711252312 is handled. Duration 106 ms by bot id=8746092424
Update id=711252313 is handled. Duration 105 ms by bot id=8746092424
Update id=711252314 is handled. Duration 109 ms by bot id=8746092424
Update id=711252315 is handled. Duration 119 ms by bot id=8746092424
Update id=711252316 is handled. Duration 215 ms by bot id=8746092424
{"sub_id": 18, "email": "tg8468512348-64f025a5", "server": "fr-1", "plan": "1m", "event": "grant.ok", "level": "info", "timestamp": "2026-09-15T22:58:27.154260Z"}
Update id=711252317 is handled. Duration 529 ms by bot id=8746092424
{"updated": 10, "event": "sync_traffic.done", "level": "info", "timestamp": "2026-09-15T22:59:25.507875Z"}
{"updated": 10, "event": "sync_traffic.done", "level": "info", "timestamp": "2026-09-15T23:14:25.826360Z"}
{"updated": 9, "event": "sync_traffic.done", "level": "info", "timestamp": "2026-09-15T23:29:25.656928Z"}
Update id=711252318 is handled. Duration 197 ms by bot id=8746092424
{"user_id": 1, "telegram_id": 8468512348, "event": "site.code_issued", "level": "info", "timestamp": "2026-09-15T23:38:59.628455Z"}
Update id=711252319 is handled. Duration 127 ms by bot id=8746092424
{"updated": 9, "event": "sync_traffic.done", "level": "info", "timestamp": "2026-09-15T23:44:24.862225Z"}
{"updated": 9, "event": "sync_traffic.done", "level": "info", "timestamp": "2026-09-15T23:59:25.906880Z"}
{"updated": 9, "event": "sync_traffic.done", "level": "info", "timestamp": "2026-09-16T00:14:25.702097Z"}
{"updated": 9, "event": "sync_traffic.done", "level": "info", "timestamp": "2026-09-16T00:29:25.692653Z"}
{"updated": 9, "event": "sync_traffic.done", "level": "info", "timestamp": "2026-09-16T00:44:25.691876Z"}
{"updated": 9, "event": "sync_traffic.done", "level": "info", "timestamp": "2026-09-16T00:59:25.756405Z"}
{"updated": 9, "event": "sync_traffic.done", "level": "info", "timestamp": "2026-09-16T01:14:25.650097Z"}
{"updated": 9, "event": "sync_traffic.done", "level": "info", "timestamp": "2026-09-16T01:29:25.658614Z"}
{"updated": 9, "event": "sync_traffic.done", "level": "info", "timestamp": "2026-09-16T01:44:25.678220Z"}
{"updated": 9, "event": "sync_traffic.done", "level": "info", "timestamp": "2026-09-16T01:59:25.700195Z"}
{"updated": 9, "event": "sync_traffic.done", "level": "info", "timestamp": "2026-09-16T02:14:25.664156Z"}
{"updated": 9, "event": "sync_traffic.done", "level": "info", "timestamp": "2026-09-16T02:29:25.854308Z"}
{"updated": 9, "event": "sync_traffic.done", "level": "info", "timestamp": "2026-09-16T02:44:25.695219Z"}
Failed to fetch updates - TelegramNetworkError: HTTP Client says - ClientOSError: [Errno 104] Connection reset by peer
Sleep for 1.000000 seconds and try again... (tryings = 0, bot id = 8746092424)
Connection established (tryings = 1, bot id = 8746092424)
{"updated": 9, "event": "sync_traffic.done", "level": "info", "timestamp": "2026-09-16T02:59:25.671050Z"}
{"updated": 9, "event": "sync_traffic.done", "level": "info", "timestamp": "2026-09-16T03:14:25.685026Z"}
{"updated": 9, "event": "sync_traffic.done", "level": "info", "timestamp": "2026-09-16T03:29:25.839208Z"}
{"updated": 9, "event": "sync_traffic.done", "level": "info", "timestamp": "2026-09-16T03:44:25.739602Z"}
{"updated": 9, "event": "sync_traffic.done", "level": "info", "timestamp": "2026-09-16T03:59:25.784544Z"}
{"updated": 9, "event": "sync_traffic.done", "level": "info", "timestamp": "2026-09-16T04:14:25.688424Z"}
{"updated": 9, "event": "sync_traffic.done", "level": "info", "timestamp": "2026-09-16T04:29:25.895329Z"}
{"updated": 9, "event": "sync_traffic.done", "level": "info", "timestamp": "2026-09-16T04:44:25.858158Z"}
{"updated": 9, "event": "sync_traffic.done", "level": "info", "timestamp": "2026-09-16T04:59:25.712140Z"}
{"updated": 9, "event": "sync_traffic.done", "level": "info", "timestamp": "2026-09-16T05:14:25.825587Z"}
{"updated": 9, "event": "sync_traffic.done", "level": "info", "timestamp": "2026-09-16T05:29:25.659418Z"}
{"updated": 9, "event": "sync_traffic.done", "level": "info", "timestamp": "2026-09-16T05:44:24.722202Z"}
{"updated": 9, "event": "sync_traffic.done", "level": "info", "timestamp": "2026-09-16T05:59:25.871251Z"}
{"updated": 9, "event": "sync_traffic.done", "level": "info", "timestamp": "2026-09-16T06:14:25.766207Z"}
{"updated": 9, "event": "sync_traffic.done", "level": "info", "timestamp": "2026-09-16T06:29:25.702492Z"}
{"updated": 9, "event": "sync_traffic.done", "level": "info", "timestamp": "2026-09-16T06:44:25.772993Z"}
{"updated": 9, "event": "sync_traffic.done", "level": "info", "timestamp": "2026-09-16T06:59:25.921176Z"}
{"updated": 9, "event": "sync_traffic.done", "level": "info", "timestamp": "2026-09-16T07:14:25.843952Z"}
{"updated": 9, "event": "sync_traffic.done", "level": "info", "timestamp": "2026-09-16T07:29:25.706936Z"}
{"updated": 9, "event": "sync_traffic.done", "level": "info", "timestamp": "2026-09-16T07:44:25.739186Z"}
{"updated": 9, "event": "sync_traffic.done", "level": "info", "timestamp": "2026-09-16T07:59:25.838079Z"}
{"updated": 9, "event": "sync_traffic.done", "level": "info", "timestamp": "2026-09-16T08:14:25.810599Z"}
{"updated": 9, "event": "sync_traffic.done", "level": "info", "timestamp": "2026-09-16T08:29:25.961846Z"}
{"updated": 9, "event": "sync_traffic.done", "level": "info", "timestamp": "2026-09-16T08:44:25.747570Z"}
{"updated": 9, "event": "sync_traffic.done", "level": "info", "timestamp": "2026-09-16T08:59:25.967415Z"}
{"updated": 9, "event": "sync_traffic.done", "level": "info", "timestamp": "2026-09-16T09:14:25.818306Z"}
{"updated": 9, "event": "sync_traffic.done", "level": "info", "timestamp": "2026-09-16T09:29:25.708815Z"}
{"updated": 9, "event": "sync_traffic.done", "level": "info", "timestamp": "2026-09-16T09:44:25.746444Z"}
{"updated": 9, "event": "sync_traffic.done", "level": "info", "timestamp": "2026-09-16T09:59:25.920419Z"}
{"updated": 9, "event": "sync_traffic.done", "level": "info", "timestamp": "2026-09-16T10:14:25.859262Z"}
{"updated": 9, "event": "sync_traffic.done", "level": "info", "timestamp": "2026-09-16T10:29:25.785223Z"}
{"updated": 9, "event": "sync_traffic.done", "level": "info", "timestamp": "2026-09-16T10:44:25.718087Z"}
{"updated": 9, "event": "sync_traffic.done", "level": "info", "timestamp": "2026-09-16T10:59:25.781677Z"}
{"updated": 9, "event": "sync_traffic.done", "level": "info", "timestamp": "2026-09-16T11:14:26.060107Z"}
{"updated": 9, "event": "sync_traffic.done", "level": "info", "timestamp": "2026-09-16T11:29:25.709094Z"}
{"updated": 9, "event": "sync_traffic.done", "level": "info", "timestamp": "2026-09-16T11:44:25.728589Z"}
{"updated": 9, "event": "sync_traffic.done", "level": "info", "timestamp": "2026-09-16T11:59:25.914321Z"}
{"updated": 9, "event": "sync_traffic.done", "level": "info", "timestamp": "2026-09-16T12:14:25.750841Z"}
{"updated": 9, "event": "sync_traffic.done", "level": "info", "timestamp": "2026-09-16T12:29:25.797131Z"}
{"updated": 9, "event": "sync_traffic.done", "level": "info", "timestamp": "2026-09-16T12:44:25.797417Z"}
{"updated": 9, "event": "sync_traffic.done", "level": "info", "timestamp": "2026-09-16T12:59:25.965197Z"}
{"updated": 9, "event": "sync_traffic.done", "level": "info", "timestamp": "2026-09-16T13:14:26.025068Z"}
{"updated": 9, "event": "sync_traffic.done", "level": "info", "timestamp": "2026-09-16T13:29:25.943306Z"}
{"updated": 9, "event": "sync_traffic.done", "level": "info", "timestamp": "2026-09-16T13:44:25.770710Z"}
{"updated": 9, "event": "sync_traffic.done", "level": "info", "timestamp": "2026-09-16T13:59:25.966961Z"}
{"updated": 9, "event": "sync_traffic.done", "level": "info", "timestamp": "2026-09-16T14:14:25.997276Z"}
{"updated": 9, "event": "sync_traffic.done", "level": "info", "timestamp": "2026-09-16T14:29:25.916076Z"}
{"updated": 9, "event": "sync_traffic.done", "level": "info", "timestamp": "2026-09-16T14:44:25.744054Z"}
{"updated": 9, "event": "sync_traffic.done", "level": "info", "timestamp": "2026-09-16T14:59:25.704661Z"}
{"updated": 9, "event": "sync_traffic.done", "level": "info", "timestamp": "2026-09-16T15:14:25.801371Z"}
{"updated": 9, "event": "sync_traffic.done", "level": "info", "timestamp": "2026-09-16T15:29:25.730264Z"}
{"updated": 9, "event": "sync_traffic.done", "level": "info", "timestamp": "2026-09-16T15:44:25.782869Z"}
{"updated": 9, "event": "sync_traffic.done", "level": "info", "timestamp": "2026-09-16T15:59:25.926988Z"}
{"updated": 9, "event": "sync_traffic.done", "level": "info", "timestamp": "2026-09-16T16:14:25.865199Z"}
{"updated": 9, "event": "sync_traffic.done", "level": "info", "timestamp": "2026-09-16T16:29:26.249385Z"}
{"updated": 9, "event": "sync_traffic.done", "level": "info", "timestamp": "2026-09-16T16:44:25.811861Z"}
{"updated": 9, "event": "sync_traffic.done", "level": "info", "timestamp": "2026-09-16T16:59:26.068465Z"}
{"updated": 9, "event": "sync_traffic.done", "level": "info", "timestamp": "2026-09-16T17:14:25.853344Z"}
{"updated": 9, "event": "sync_traffic.done", "level": "info", "timestamp": "2026-09-16T17:29:25.994576Z"}
{"updated": 9, "event": "sync_traffic.done", "level": "info", "timestamp": "2026-09-16T17:44:25.933539Z"}
{"updated": 9, "event": "sync_traffic.done", "level": "info", "timestamp": "2026-09-16T17:59:25.968982Z"}
{"updated": 9, "event": "sync_traffic.done", "level": "info", "timestamp": "2026-09-16T18:14:24.764853Z"}
{"updated": 9, "event": "sync_traffic.done", "level": "info", "timestamp": "2026-09-16T18:29:26.064846Z"}
{"updated": 9, "event": "sync_traffic.done", "level": "info", "timestamp": "2026-09-16T18:44:25.730272Z"}
{"updated": 9, "event": "sync_traffic.done", "level": "info", "timestamp": "2026-09-16T18:59:25.748693Z"}
{"updated": 9, "event": "sync_traffic.done", "level": "info", "timestamp": "2026-09-16T19:14:25.826169Z"}
{"updated": 9, "event": "sync_traffic.done", "level": "info", "timestamp": "2026-09-16T19:29:25.899879Z"}
{"updated": 9, "event": "sync_traffic.done", "level": "info", "timestamp": "2026-09-16T19:44:25.783414Z"}
{"updated": 9, "event": "sync_traffic.done", "level": "info", "timestamp": "2026-09-16T19:59:25.704470Z"}
{"updated": 9, "event": "sync_traffic.done", "level": "info", "timestamp": "2026-09-16T20:14:25.863932Z"}
Failed to fetch updates - TelegramNetworkError: HTTP Client says - ClientOSError: [Errno 104] Connection reset by peer
Sleep for 1.000000 seconds and try again... (tryings = 0, bot id = 8746092424)
Connection established (tryings = 1, bot id = 8746092424)
{"updated": 9, "event": "sync_traffic.done", "level": "info", "timestamp": "2026-09-16T20:29:25.845411Z"}
{"updated": 9, "event": "sync_traffic.done", "level": "info", "timestamp": "2026-09-16T20:44:25.823446Z"}
{"updated": 9, "event": "sync_traffic.done", "level": "info", "timestamp": "2026-09-16T20:59:25.911295Z"}
{"updated": 9, "event": "sync_traffic.done", "level": "info", "timestamp": "2026-09-16T21:14:25.938911Z"}
Failed to fetch updates - TelegramNetworkError: HTTP Client says - ClientOSError: [Errno 104] Connection reset by peer
Sleep for 1.000000 seconds and try again... (tryings = 0, bot id = 8746092424)
Connection established (tryings = 1, bot id = 8746092424)
{"updated": 9, "event": "sync_traffic.done", "level": "info", "timestamp": "2026-09-16T21:29:25.956487Z"}
{"updated": 9, "event": "sync_traffic.done", "level": "info", "timestamp": "2026-09-16T21:44:25.757594Z"}
{"updated": 9, "event": "sync_traffic.done", "level": "info", "timestamp": "2026-09-16T21:59:25.713426Z"}
{"updated": 9, "event": "sync_traffic.done", "level": "info", "timestamp": "2026-09-16T22:14:25.653560Z"}
{"updated": 9, "event": "sync_traffic.done", "level": "info", "timestamp": "2026-09-16T22:29:25.759232Z"}
{"updated": 9, "event": "sync_traffic.done", "level": "info", "timestamp": "2026-09-16T22:44:25.733370Z"}
{"updated": 9, "event": "sync_traffic.done", "level": "info", "timestamp": "2026-09-16T22:59:25.715000Z"}
{"updated": 9, "event": "sync_traffic.done", "level": "info", "timestamp": "2026-09-16T23:14:26.075435Z"}
{"updated": 9, "event": "sync_traffic.done", "level": "info", "timestamp": "2026-09-16T23:29:25.658138Z"}
{"updated": 9, "event": "sync_traffic.done", "level": "info", "timestamp": "2026-09-16T23:44:25.621041Z"}
{"updated": 9, "event": "sync_traffic.done", "level": "info", "timestamp": "2026-09-16T23:59:25.589989Z"}
{"updated": 9, "event": "sync_traffic.done", "level": "info", "timestamp": "2026-09-17T00:14:25.702293Z"}
{"updated": 9, "event": "sync_traffic.done", "level": "info", "timestamp": "2026-09-17T00:29:25.622409Z"}
{"updated": 9, "event": "sync_traffic.done", "level": "info", "timestamp": "2026-09-17T00:44:25.652166Z"}
{"updated": 9, "event": "sync_traffic.done", "level": "info", "timestamp": "2026-09-17T00:59:25.711116Z"}
{"updated": 9, "event": "sync_traffic.done", "level": "info", "timestamp": "2026-09-17T01:14:25.730667Z"}
{"updated": 9, "event": "sync_traffic.done", "level": "info", "timestamp": "2026-09-17T01:29:25.701019Z"}
{"updated": 9, "event": "sync_traffic.done", "level": "info", "timestamp": "2026-09-17T01:44:25.743249Z"}
Failed to fetch updates - TelegramNetworkError: HTTP Client says - Request timeout error
Sleep for 1.000000 seconds and try again... (tryings = 0, bot id = 8746092424)
Connection established (tryings = 1, bot id = 8746092424)
{"updated": 9, "event": "sync_traffic.done", "level": "info", "timestamp": "2026-09-17T01:59:25.697772Z"}
{"updated": 9, "event": "sync_traffic.done", "level": "info", "timestamp": "2026-09-17T02:14:25.699455Z"}
{"updated": 9, "event": "sync_traffic.done", "level": "info", "timestamp": "2026-09-17T02:29:25.842426Z"}
{"updated": 9, "event": "sync_traffic.done", "level": "info", "timestamp": "2026-09-17T02:44:25.666055Z"}
{"updated": 9, "event": "sync_traffic.done", "level": "info", "timestamp": "2026-09-17T02:59:25.654223Z"}
{"updated": 9, "event": "sync_traffic.done", "level": "info", "timestamp": "2026-09-17T03:14:25.708377Z"}
{"updated": 9, "event": "sync_traffic.done", "level": "info", "timestamp": "2026-09-17T03:29:25.629435Z"}
{"updated": 9, "event": "sync_traffic.done", "level": "info", "timestamp": "2026-09-17T03:44:25.931488Z"}
{"updated": 9, "event": "sync_traffic.done", "level": "info", "timestamp": "2026-09-17T03:59:25.965076Z"}
{"updated": 9, "event": "sync_traffic.done", "level": "info", "timestamp": "2026-09-17T04:14:26.028559Z"}
{"updated": 9, "event": "sync_traffic.done", "level": "info", "timestamp": "2026-09-17T04:29:25.654993Z"}
{"updated": 9, "event": "sync_traffic.done", "level": "info", "timestamp": "2026-09-17T04:44:25.754062Z"}
{"updated": 9, "event": "sync_traffic.done", "level": "info", "timestamp": "2026-09-17T04:59:25.846196Z"}
{"updated": 9, "event": "sync_traffic.done", "level": "info", "timestamp": "2026-09-17T05:14:25.707839Z"}
{"updated": 9, "event": "sync_traffic.done", "level": "info", "timestamp": "2026-09-17T05:29:25.733550Z"}
{"updated": 9, "event": "sync_traffic.done", "level": "info", "timestamp": "2026-09-17T05:44:24.716558Z"}
{"updated": 9, "event": "sync_traffic.done", "level": "info", "timestamp": "2026-09-17T05:59:25.712140Z"}
{"updated": 9, "event": "sync_traffic.done", "level": "info", "timestamp": "2026-09-17T06:14:25.883180Z"}
{"updated": 9, "event": "sync_traffic.done", "level": "info", "timestamp": "2026-09-17T06:29:25.661254Z"}
{"updated": 9, "event": "sync_traffic.done", "level": "info", "timestamp": "2026-09-17T06:44:25.846142Z"}
{"updated": 9, "event": "sync_traffic.done", "level": "info", "timestamp": "2026-09-17T06:59:25.926667Z"}
{"updated": 9, "event": "sync_traffic.done", "level": "info", "timestamp": "2026-09-17T07:14:26.023360Z"}
{"updated": 9, "event": "sync_traffic.done", "level": "info", "timestamp": "2026-09-17T07:29:25.855603Z"}
{"updated": 9, "event": "sync_traffic.done", "level": "info", "timestamp": "2026-09-17T07:44:25.796376Z"}
{"updated": 9, "event": "sync_traffic.done", "level": "info", "timestamp": "2026-09-17T07:59:25.725040Z"}
{"updated": 9, "event": "sync_traffic.done", "level": "info", "timestamp": "2026-09-17T08:14:25.796466Z"}
{"updated": 9, "event": "sync_traffic.done", "level": "info", "timestamp": "2026-09-17T08:29:25.702128Z"}
{"updated": 9, "event": "sync_traffic.done", "level": "info", "timestamp": "2026-09-17T08:44:25.949174Z"}
{"updated": 9, "event": "sync_traffic.done", "level": "info", "timestamp": "2026-09-17T08:59:25.925412Z"}
{"updated": 9, "event": "sync_traffic.done", "level": "info", "timestamp": "2026-09-17T09:14:25.815594Z"}
{"updated": 9, "event": "sync_traffic.done", "level": "info", "timestamp": "2026-09-17T09:29:25.863222Z"}
Failed to fetch updates - TelegramNetworkError: HTTP Client says - ClientOSError: [Errno 104] Connection reset by peer
Sleep for 1.000000 seconds and try again... (tryings = 0, bot id = 8746092424)
Connection established (tryings = 1, bot id = 8746092424)
{"updated": 9, "event": "sync_traffic.done", "level": "info", "timestamp": "2026-09-17T09:44:25.985485Z"}
{"updated": 9, "event": "sync_traffic.done", "level": "info", "timestamp": "2026-09-17T09:59:25.797182Z"}
{"updated": 9, "event": "sync_traffic.done", "level": "info", "timestamp": "2026-09-17T10:14:25.862450Z"}
{"updated": 9, "event": "sync_traffic.done", "level": "info", "timestamp": "2026-09-17T10:29:25.809030Z"}
{"job": "reconcile_payments", "err": "", "tb": "-packages/httpx/_client.py\", line 1585, in request\n    return await self.send(request, auth=auth, follow_redirects=follow_redirects)\n           ^^^^^^^^^^^^^^^^^^^^^^^^^^^^^^^^^^^^^^^^^^^^^^^^^^^^^^^^^^^^^^^^^^^^^^\n  File \"/opt/vpn_tg/.venv/lib/python3.12/site-packages/httpx/_client.py\", line 1674, in send\n    response = await self._send_handling_auth(\n               ^^^^^^^^^^^^^^^^^^^^^^^^^^^^^^^\n  File \"/opt/vpn_tg/.venv/lib/python3.12/site-packages/httpx/_client.py\", line 1702, in _send_handling_auth\n    response = await self._send_handling_redirects(\n               ^^^^^^^^^^^^^^^^^^^^^^^^^^^^^^^^^^^^\n  File \"/opt/vpn_tg/.venv/lib/python3.12/site-packages/httpx/_client.py\", line 1739, in _send_handling_redirects\n    response = await self._send_single_request(request)\n               ^^^^^^^^^^^^^^^^^^^^^^^^^^^^^^^^^^^^^^^^\n  File \"/opt/vpn_tg/.venv/lib/python3.12/site-packages/httpx/_client.py\", line 1776, in _send_single_request\n    response = await transport.handle_async_request(request)\n               ^^^^^^^^^^^^^^^^^^^^^^^^^^^^^^^^^^^^^^^^^^^^^\n  File \"/opt/vpn_tg/.venv/lib/python3.12/site-packages/httpx/_transports/default.py\", line 376, in handle_async_request\n    with map_httpcore_exceptions():\n  File \"/usr/lib/python3.12/contextlib.py\", line 158, in __exit__\n    self.gen.throw(value)\n  File \"/opt/vpn_tg/.venv/lib/python3.12/site-packages/httpx/_transports/default.py\", line 89, in map_httpcore_exceptions\n    raise mapped_exc(message) from exc\nhttpx.ConnectTimeout\n", "event": "job.failed", "level": "error", "timestamp": "2026-09-17T10:29:39.038765Z"}
Job "reconcile_payments (trigger: interval[0:05:00], next run at: 2026-09-17 10:34:23 UTC)" raised an exception
Traceback (most recent call last):
  File "/opt/vpn_tg/.venv/lib/python3.12/site-packages/httpx/_transports/default.py", line 72, in map_httpcore_exceptions
    yield
  File "/opt/vpn_tg/.venv/lib/python3.12/site-packages/httpx/_transports/default.py", line 377, in handle_async_request
    resp = await self._pool.handle_async_request(req)
           ^^^^^^^^^^^^^^^^^^^^^^^^^^^^^^^^^^^^^^^^^^
  File "/opt/vpn_tg/.venv/lib/python3.12/site-packages/httpcore/_async/connection_pool.py", line 256, in handle_async_request
    raise exc from None
  File "/opt/vpn_tg/.venv/lib/python3.12/site-packages/httpcore/_async/connection_pool.py", line 236, in handle_async_request
    response = await connection.handle_async_request(
               ^^^^^^^^^^^^^^^^^^^^^^^^^^^^^^^^^^^^^^
  File "/opt/vpn_tg/.venv/lib/python3.12/site-packages/httpcore/_async/connection.py", line 101, in handle_async_request
    raise exc
  File "/opt/vpn_tg/.venv/lib/python3.12/site-packages/httpcore/_async/connection.py", line 78, in handle_async_request
    stream = await self._connect(request)
             ^^^^^^^^^^^^^^^^^^^^^^^^^^^^
  File "/opt/vpn_tg/.venv/lib/python3.12/site-packages/httpcore/_async/connection.py", line 156, in _connect
    stream = await stream.start_tls(**kwargs)
             ^^^^^^^^^^^^^^^^^^^^^^^^^^^^^^^^
  File "/opt/vpn_tg/.venv/lib/python3.12/site-packages/httpcore/_backends/anyio.py", line 67, in start_tls
    with map_exceptions(exc_map):
  File "/usr/lib/python3.12/contextlib.py", line 158, in __exit__
    self.gen.throw(value)
  File "/opt/vpn_tg/.venv/lib/python3.12/site-packages/httpcore/_exceptions.py", line 14, in map_exceptions
    raise to_exc(exc) from exc
httpcore.ConnectTimeout

The above exception was the direct cause of the following exception:

Traceback (most recent call last):
  File "/opt/vpn_tg/.venv/lib/python3.12/site-packages/apscheduler/executors/base_py3.py", line 30, in run_coroutine_job
    retval = await job.func(*job.args, **job.kwargs)
             ^^^^^^^^^^^^^^^^^^^^^^^^^^^^^^^^^^^^^^^
  File "/opt/vpn_tg/app/tasks/scheduler.py", line 34, in wrapper
    return await fn(*args, **kwargs)
           ^^^^^^^^^^^^^^^^^^^^^^^^^
  File "/opt/vpn_tg/app/tasks/jobs/__init__.py", line 183, in reconcile_payments
    return await reconcile_pending(session_factory, bot)
           ^^^^^^^^^^^^^^^^^^^^^^^^^^^^^^^^^^^^^^^^^^^^^
  File "/opt/vpn_tg/app/handlers/payments_yookassa.py", line 109, in reconcile_pending
    succeeded, _data = await yk.is_succeeded(str(api_id))
                       ^^^^^^^^^^^^^^^^^^^^^^^^^^^^^^^^^^
  File "/opt/vpn_tg/app/services/payments/yookassa.py", line 93, in is_succeeded
    data = await self.get_payment(payment_api_id)
           ^^^^^^^^^^^^^^^^^^^^^^^^^^^^^^^^^^^^^^
  File "/opt/vpn_tg/app/services/payments/yookassa.py", line 87, in get_payment
    resp = await self._http.get(f"/payments/{payment_api_id}", headers=self._auth_headers())
           ^^^^^^^^^^^^^^^^^^^^^^^^^^^^^^^^^^^^^^^^^^^^^^^^^^^^^^^^^^^^^^^^^^^^^^^^^^^^^^^^^
  File "/opt/vpn_tg/.venv/lib/python3.12/site-packages/httpx/_client.py", line 1814, in get
    return await self.request(
           ^^^^^^^^^^^^^^^^^^^
  File "/opt/vpn_tg/.venv/lib/python3.12/site-packages/httpx/_client.py", line 1585, in request
    return await self.send(request, auth=auth, follow_redirects=follow_redirects)
           ^^^^^^^^^^^^^^^^^^^^^^^^^^^^^^^^^^^^^^^^^^^^^^^^^^^^^^^^^^^^^^^^^^^^^^
  File "/opt/vpn_tg/.venv/lib/python3.12/site-packages/httpx/_client.py", line 1674, in send
    response = await self._send_handling_auth(
               ^^^^^^^^^^^^^^^^^^^^^^^^^^^^^^^
  File "/opt/vpn_tg/.venv/lib/python3.12/site-packages/httpx/_client.py", line 1702, in _send_handling_auth
    response = await self._send_handling_redirects(
               ^^^^^^^^^^^^^^^^^^^^^^^^^^^^^^^^^^^^
  File "/opt/vpn_tg/.venv/lib/python3.12/site-packages/httpx/_client.py", line 1739, in _send_handling_redirects
    response = await self._send_single_request(request)
               ^^^^^^^^^^^^^^^^^^^^^^^^^^^^^^^^^^^^^^^^
  File "/opt/vpn_tg/.venv/lib/python3.12/site-packages/httpx/_client.py", line 1776, in _send_single_request
    response = await transport.handle_async_request(request)
               ^^^^^^^^^^^^^^^^^^^^^^^^^^^^^^^^^^^^^^^^^^^^^
  File "/opt/vpn_tg/.venv/lib/python3.12/site-packages/httpx/_transports/default.py", line 376, in handle_async_request
    with map_httpcore_exceptions():
  File "/usr/lib/python3.12/contextlib.py", line 158, in __exit__
    self.gen.throw(value)
  File "/opt/vpn_tg/.venv/lib/python3.12/site-packages/httpx/_transports/default.py", line 89, in map_httpcore_exceptions
    raise mapped_exc(message) from exc
httpx.ConnectTimeout
{"updated": 9, "event": "sync_traffic.done", "level": "info", "timestamp": "2026-09-17T10:44:25.789492Z"}
{"updated": 9, "event": "sync_traffic.done", "level": "info", "timestamp": "2026-09-17T10:59:25.828349Z"}
{"updated": 9, "event": "sync_traffic.done", "level": "info", "timestamp": "2026-09-17T11:14:26.065040Z"}
{"updated": 9, "event": "sync_traffic.done", "level": "info", "timestamp": "2026-09-17T11:29:25.737314Z"}
{"updated": 9, "event": "sync_traffic.done", "level": "info", "timestamp": "2026-09-17T11:44:25.942604Z"}
{"updated": 9, "event": "sync_traffic.done", "level": "info", "timestamp": "2026-09-17T11:59:25.699915Z"}
{"updated": 9, "event": "sync_traffic.done", "level": "info", "timestamp": "2026-09-17T12:14:25.765306Z"}
{"updated": 9, "event": "sync_traffic.done", "level": "info", "timestamp": "2026-09-17T12:29:25.706349Z"}
{"updated": 9, "event": "sync_traffic.done", "level": "info", "timestamp": "2026-09-17T12:44:25.831231Z"}
{"updated": 9, "event": "sync_traffic.done", "level": "info", "timestamp": "2026-09-17T12:59:25.800329Z"}
{"updated": 9, "event": "sync_traffic.done", "level": "info", "timestamp": "2026-09-17T13:14:25.907323Z"}
{"updated": 9, "event": "sync_traffic.done", "level": "info", "timestamp": "2026-09-17T13:29:26.001485Z"}
{"updated": 9, "event": "sync_traffic.done", "level": "info", "timestamp": "2026-09-17T13:44:25.843296Z"}
{"updated": 9, "event": "sync_traffic.done", "level": "info", "timestamp": "2026-09-17T13:59:25.750454Z"}
{"updated": 9, "event": "sync_traffic.done", "level": "info", "timestamp": "2026-09-17T14:14:25.961340Z"}
{"updated": 9, "event": "sync_traffic.done", "level": "info", "timestamp": "2026-09-17T14:29:25.879403Z"}
{"updated": 9, "event": "sync_traffic.done", "level": "info", "timestamp": "2026-09-17T14:44:25.821062Z"}
{"updated": 9, "event": "sync_traffic.done", "level": "info", "timestamp": "2026-09-17T14:59:25.927404Z"}
{"updated": 9, "event": "sync_traffic.done", "level": "info", "timestamp": "2026-09-17T15:14:25.852196Z"}
{"updated": 9, "event": "sync_traffic.done", "level": "info", "timestamp": "2026-09-17T15:29:25.798821Z"}
{"updated": 9, "event": "sync_traffic.done", "level": "info", "timestamp": "2026-09-17T15:44:25.722382Z"}
{"updated": 9, "event": "sync_traffic.done", "level": "info", "timestamp": "2026-09-17T15:59:26.024004Z"}
{"updated": 9, "event": "sync_traffic.done", "level": "info", "timestamp": "2026-09-17T16:14:25.982578Z"}
{"updated": 9, "event": "sync_traffic.done", "level": "info", "timestamp": "2026-09-17T16:29:25.736301Z"}
{"updated": 9, "event": "sync_traffic.done", "level": "info", "timestamp": "2026-09-17T16:44:25.895890Z"}
{"updated": 9, "event": "sync_traffic.done", "level": "info", "timestamp": "2026-09-17T16:59:25.868550Z"}
{"updated": 9, "event": "sync_traffic.done", "level": "info", "timestamp": "2026-09-17T17:14:25.901131Z"}
{"updated": 9, "event": "sync_traffic.done", "level": "info", "timestamp": "2026-09-17T17:29:25.923925Z"}
{"updated": 9, "event": "sync_traffic.done", "level": "info", "timestamp": "2026-09-17T17:44:25.781111Z"}
{"updated": 9, "event": "sync_traffic.done", "level": "info", "timestamp": "2026-09-17T17:59:25.859127Z"}
{"updated": 9, "event": "sync_traffic.done", "level": "info", "timestamp": "2026-09-17T18:14:26.046430Z"}
{"job": "reconcile_payments", "err": "", "tb": "-packages/httpx/_client.py\", line 1585, in request\n    return await self.send(request, auth=auth, follow_redirects=follow_redirects)\n           ^^^^^^^^^^^^^^^^^^^^^^^^^^^^^^^^^^^^^^^^^^^^^^^^^^^^^^^^^^^^^^^^^^^^^^\n  File \"/opt/vpn_tg/.venv/lib/python3.12/site-packages/httpx/_client.py\", line 1674, in send\n    response = await self._send_handling_auth(\n               ^^^^^^^^^^^^^^^^^^^^^^^^^^^^^^^\n  File \"/opt/vpn_tg/.venv/lib/python3.12/site-packages/httpx/_client.py\", line 1702, in _send_handling_auth\n    response = await self._send_handling_redirects(\n               ^^^^^^^^^^^^^^^^^^^^^^^^^^^^^^^^^^^^\n  File \"/opt/vpn_tg/.venv/lib/python3.12/site-packages/httpx/_client.py\", line 1739, in _send_handling_redirects\n    response = await self._send_single_request(request)\n               ^^^^^^^^^^^^^^^^^^^^^^^^^^^^^^^^^^^^^^^^\n  File \"/opt/vpn_tg/.venv/lib/python3.12/site-packages/httpx/_client.py\", line 1776, in _send_single_request\n    response = await transport.handle_async_request(request)\n               ^^^^^^^^^^^^^^^^^^^^^^^^^^^^^^^^^^^^^^^^^^^^^\n  File \"/opt/vpn_tg/.venv/lib/python3.12/site-packages/httpx/_transports/default.py\", line 376, in handle_async_request\n    with map_httpcore_exceptions():\n  File \"/usr/lib/python3.12/contextlib.py\", line 158, in __exit__\n    self.gen.throw(value)\n  File \"/opt/vpn_tg/.venv/lib/python3.12/site-packages/httpx/_transports/default.py\", line 89, in map_httpcore_exceptions\n    raise mapped_exc(message) from exc\nhttpx.ConnectTimeout\n", "event": "job.failed", "level": "error", "timestamp": "2026-09-17T18:19:38.781876Z"}
Job "reconcile_payments (trigger: interval[0:05:00], next run at: 2026-09-17 18:24:23 UTC)" raised an exception
Traceback (most recent call last):
  File "/opt/vpn_tg/.venv/lib/python3.12/site-packages/httpx/_transports/default.py", line 72, in map_httpcore_exceptions
    yield
  File "/opt/vpn_tg/.venv/lib/python3.12/site-packages/httpx/_transports/default.py", line 377, in handle_async_request
    resp = await self._pool.handle_async_request(req)
           ^^^^^^^^^^^^^^^^^^^^^^^^^^^^^^^^^^^^^^^^^^
  File "/opt/vpn_tg/.venv/lib/python3.12/site-packages/httpcore/_async/connection_pool.py", line 256, in handle_async_request
    raise exc from None
  File "/opt/vpn_tg/.venv/lib/python3.12/site-packages/httpcore/_async/connection_pool.py", line 236, in handle_async_request
    response = await connection.handle_async_request(
               ^^^^^^^^^^^^^^^^^^^^^^^^^^^^^^^^^^^^^^
  File "/opt/vpn_tg/.venv/lib/python3.12/site-packages/httpcore/_async/connection.py", line 101, in handle_async_request
    raise exc
  File "/opt/vpn_tg/.venv/lib/python3.12/site-packages/httpcore/_async/connection.py", line 78, in handle_async_request
    stream = await self._connect(request)
             ^^^^^^^^^^^^^^^^^^^^^^^^^^^^
  File "/opt/vpn_tg/.venv/lib/python3.12/site-packages/httpcore/_async/connection.py", line 156, in _connect
    stream = await stream.start_tls(**kwargs)
             ^^^^^^^^^^^^^^^^^^^^^^^^^^^^^^^^
  File "/opt/vpn_tg/.venv/lib/python3.12/site-packages/httpcore/_backends/anyio.py", line 67, in start_tls
    with map_exceptions(exc_map):
  File "/usr/lib/python3.12/contextlib.py", line 158, in __exit__
    self.gen.throw(value)
  File "/opt/vpn_tg/.venv/lib/python3.12/site-packages/httpcore/_exceptions.py", line 14, in map_exceptions
    raise to_exc(exc) from exc
httpcore.ConnectTimeout

The above exception was the direct cause of the following exception:

Traceback (most recent call last):
  File "/opt/vpn_tg/.venv/lib/python3.12/site-packages/apscheduler/executors/base_py3.py", line 30, in run_coroutine_job
    retval = await job.func(*job.args, **job.kwargs)
             ^^^^^^^^^^^^^^^^^^^^^^^^^^^^^^^^^^^^^^^
  File "/opt/vpn_tg/app/tasks/scheduler.py", line 34, in wrapper
    return await fn(*args, **kwargs)
           ^^^^^^^^^^^^^^^^^^^^^^^^^
  File "/opt/vpn_tg/app/tasks/jobs/__init__.py", line 183, in reconcile_payments
    return await reconcile_pending(session_factory, bot)
           ^^^^^^^^^^^^^^^^^^^^^^^^^^^^^^^^^^^^^^^^^^^^^
  File "/opt/vpn_tg/app/handlers/payments_yookassa.py", line 109, in reconcile_pending
    succeeded, _data = await yk.is_succeeded(str(api_id))
                       ^^^^^^^^^^^^^^^^^^^^^^^^^^^^^^^^^^
  File "/opt/vpn_tg/app/services/payments/yookassa.py", line 93, in is_succeeded
    data = await self.get_payment(payment_api_id)
           ^^^^^^^^^^^^^^^^^^^^^^^^^^^^^^^^^^^^^^
  File "/opt/vpn_tg/app/services/payments/yookassa.py", line 87, in get_payment
    resp = await self._http.get(f"/payments/{payment_api_id}", headers=self._auth_headers())
           ^^^^^^^^^^^^^^^^^^^^^^^^^^^^^^^^^^^^^^^^^^^^^^^^^^^^^^^^^^^^^^^^^^^^^^^^^^^^^^^^^
  File "/opt/vpn_tg/.venv/lib/python3.12/site-packages/httpx/_client.py", line 1814, in get
    return await self.request(
           ^^^^^^^^^^^^^^^^^^^
  File "/opt/vpn_tg/.venv/lib/python3.12/site-packages/httpx/_client.py", line 1585, in request
    return await self.send(request, auth=auth, follow_redirects=follow_redirects)
           ^^^^^^^^^^^^^^^^^^^^^^^^^^^^^^^^^^^^^^^^^^^^^^^^^^^^^^^^^^^^^^^^^^^^^^
  File "/opt/vpn_tg/.venv/lib/python3.12/site-packages/httpx/_client.py", line 1674, in send
    response = await self._send_handling_auth(
               ^^^^^^^^^^^^^^^^^^^^^^^^^^^^^^^
  File "/opt/vpn_tg/.venv/lib/python3.12/site-packages/httpx/_client.py", line 1702, in _send_handling_auth
    response = await self._send_handling_redirects(
               ^^^^^^^^^^^^^^^^^^^^^^^^^^^^^^^^^^^^
  File "/opt/vpn_tg/.venv/lib/python3.12/site-packages/httpx/_client.py", line 1739, in _send_handling_redirects
    response = await self._send_single_request(request)
               ^^^^^^^^^^^^^^^^^^^^^^^^^^^^^^^^^^^^^^^^
  File "/opt/vpn_tg/.venv/lib/python3.12/site-packages/httpx/_client.py", line 1776, in _send_single_request
    response = await transport.handle_async_request(request)
               ^^^^^^^^^^^^^^^^^^^^^^^^^^^^^^^^^^^^^^^^^^^^^
  File "/opt/vpn_tg/.venv/lib/python3.12/site-packages/httpx/_transports/default.py", line 376, in handle_async_request
    with map_httpcore_exceptions():
  File "/usr/lib/python3.12/contextlib.py", line 158, in __exit__
    self.gen.throw(value)
  File "/opt/vpn_tg/.venv/lib/python3.12/site-packages/httpx/_transports/default.py", line 89, in map_httpcore_exceptions
    raise mapped_exc(message) from exc
httpx.ConnectTimeout
{"updated": 9, "event": "sync_traffic.done", "level": "info", "timestamp": "2026-09-17T18:29:25.861207Z"}
{"updated": 9, "event": "sync_traffic.done", "level": "info", "timestamp": "2026-09-17T18:44:25.829957Z"}
{"updated": 9, "event": "sync_traffic.done", "level": "info", "timestamp": "2026-09-17T18:59:25.907229Z"}
{"updated": 9, "event": "sync_traffic.done", "level": "info", "timestamp": "2026-09-17T19:14:25.758312Z"}
{"updated": 9, "event": "sync_traffic.done", "level": "info", "timestamp": "2026-09-17T19:29:25.798946Z"}
{"updated": 9, "event": "sync_traffic.done", "level": "info", "timestamp": "2026-09-17T19:44:25.813977Z"}
{"updated": 9, "event": "sync_traffic.done", "level": "info", "timestamp": "2026-09-17T19:59:26.040906Z"}
{"updated": 9, "event": "sync_traffic.done", "level": "info", "timestamp": "2026-09-17T20:14:25.761368Z"}
{"updated": 9, "event": "sync_traffic.done", "level": "info", "timestamp": "2026-09-17T20:29:25.973885Z"}
{"updated": 9, "event": "sync_traffic.done", "level": "info", "timestamp": "2026-09-17T20:44:25.770410Z"}
{"updated": 9, "event": "sync_traffic.done", "level": "info", "timestamp": "2026-09-17T20:59:25.742171Z"}
{"updated": 9, "event": "sync_traffic.done", "level": "info", "timestamp": "2026-09-17T21:14:25.786724Z"}
{"updated": 9, "event": "sync_traffic.done", "level": "info", "timestamp": "2026-09-17T21:29:25.725074Z"}
{"updated": 9, "event": "sync_traffic.done", "level": "info", "timestamp": "2026-09-17T21:44:25.927924Z"}
{"updated": 9, "event": "sync_traffic.done", "level": "info", "timestamp": "2026-09-17T21:59:25.705853Z"}
{"updated": 9, "event": "sync_traffic.done", "level": "info", "timestamp": "2026-09-17T22:14:25.953234Z"}
{"updated": 9, "event": "sync_traffic.done", "level": "info", "timestamp": "2026-09-17T22:29:25.785126Z"}
{"updated": 9, "event": "sync_traffic.done", "level": "info", "timestamp": "2026-09-17T22:44:25.702295Z"}
{"updated": 9, "event": "sync_traffic.done", "level": "info", "timestamp": "2026-09-17T22:59:25.834101Z"}
{"updated": 9, "event": "sync_traffic.done", "level": "info", "timestamp": "2026-09-17T23:14:26.509688Z"}
{"updated": 9, "event": "sync_traffic.done", "level": "info", "timestamp": "2026-09-17T23:29:26.041208Z"}
{"updated": 9, "event": "sync_traffic.done", "level": "info", "timestamp": "2026-09-17T23:44:25.837529Z"}
{"updated": 9, "event": "sync_traffic.done", "level": "info", "timestamp": "2026-09-17T23:59:25.750957Z"}
{"updated": 9, "event": "sync_traffic.done", "level": "info", "timestamp": "2026-09-18T00:14:26.109479Z"}
{"updated": 9, "event": "sync_traffic.done", "level": "info", "timestamp": "2026-09-18T00:29:25.742823Z"}
{"updated": 9, "event": "sync_traffic.done", "level": "info", "timestamp": "2026-09-18T00:44:25.766627Z"}
{"updated": 9, "event": "sync_traffic.done", "level": "info", "timestamp": "2026-09-18T00:59:25.784489Z"}
{"updated": 9, "event": "sync_traffic.done", "level": "info", "timestamp": "2026-09-18T01:14:25.751352Z"}
{"updated": 9, "event": "sync_traffic.done", "level": "info", "timestamp": "2026-09-18T01:29:25.626073Z"}
{"updated": 9, "event": "sync_traffic.done", "level": "info", "timestamp": "2026-09-18T01:44:25.863543Z"}
{"updated": 9, "event": "sync_traffic.done", "level": "info", "timestamp": "2026-09-18T01:59:25.767450Z"}
{"updated": 9, "event": "sync_traffic.done", "level": "info", "timestamp": "2026-09-18T02:14:25.719635Z"}
{"updated": 9, "event": "sync_traffic.done", "level": "info", "timestamp": "2026-09-18T02:29:25.846777Z"}
{"updated": 9, "event": "sync_traffic.done", "level": "info", "timestamp": "2026-09-18T02:44:25.833444Z"}
{"updated": 9, "event": "sync_traffic.done", "level": "info", "timestamp": "2026-09-18T02:59:25.652778Z"}
{"updated": 9, "event": "sync_traffic.done", "level": "info", "timestamp": "2026-09-18T03:14:25.733182Z"}
{"updated": 9, "event": "sync_traffic.done", "level": "info", "timestamp": "2026-09-18T03:29:25.650770Z"}
{"updated": 9, "event": "sync_traffic.done", "level": "info", "timestamp": "2026-09-18T03:44:25.893367Z"}
{"updated": 9, "event": "sync_traffic.done", "level": "info", "timestamp": "2026-09-18T03:59:25.691468Z"}
{"updated": 9, "event": "sync_traffic.done", "level": "info", "timestamp": "2026-09-18T04:14:25.669210Z"}
{"updated": 9, "event": "sync_traffic.done", "level": "info", "timestamp": "2026-09-18T04:29:25.626105Z"}
{"email": "tg8957730167-9f921e96", "err": "Something went wrong (client \"tg8957730167-9f921e96\" not found in any inbound or client record\n)", "event": "delete.absent", "level": "info", "timestamp": "2026-09-18T04:30:00.629119Z"}
{"deleted": 1, "event": "cleanup_deleted.done", "level": "info", "timestamp": "2026-09-18T04:30:00.638118Z"}
{"updated": 9, "event": "sync_traffic.done", "level": "info", "timestamp": "2026-09-18T04:44:25.448370Z"}
{"updated": 9, "event": "sync_traffic.done", "level": "info", "timestamp": "2026-09-18T04:59:25.725102Z"}
{"updated": 9, "event": "sync_traffic.done", "level": "info", "timestamp": "2026-09-18T05:14:26.158709Z"}
{"updated": 9, "event": "sync_traffic.done", "level": "info", "timestamp": "2026-09-18T05:29:25.845473Z"}
{"updated": 9, "event": "sync_traffic.done", "level": "info", "timestamp": "2026-09-18T05:44:25.679477Z"}
{"updated": 9, "event": "sync_traffic.done", "level": "info", "timestamp": "2026-09-18T05:59:24.603012Z"}
{"updated": 9, "event": "sync_traffic.done", "level": "info", "timestamp": "2026-09-18T06:14:25.700065Z"}
{"updated": 9, "event": "sync_traffic.done", "level": "info", "timestamp": "2026-09-18T06:29:25.667023Z"}
{"updated": 9, "event": "sync_traffic.done", "level": "info", "timestamp": "2026-09-18T06:44:25.834348Z"}
{"updated": 9, "event": "sync_traffic.done", "level": "info", "timestamp": "2026-09-18T06:59:25.750054Z"}
{"updated": 9, "event": "sync_traffic.done", "level": "info", "timestamp": "2026-09-18T07:14:25.704113Z"}
{"updated": 9, "event": "sync_traffic.done", "level": "info", "timestamp": "2026-09-18T07:29:25.712212Z"}
{"updated": 9, "event": "sync_traffic.done", "level": "info", "timestamp": "2026-09-18T07:44:25.691226Z"}
{"updated": 9, "event": "sync_traffic.done", "level": "info", "timestamp": "2026-09-18T07:59:25.750159Z"}
{"updated": 9, "event": "sync_traffic.done", "level": "info", "timestamp": "2026-09-18T08:14:25.832087Z"}
{"updated": 9, "event": "sync_traffic.done", "level": "info", "timestamp": "2026-09-18T08:29:25.708130Z"}
{"updated": 9, "event": "sync_traffic.done", "level": "info", "timestamp": "2026-09-18T08:44:25.755032Z"}
{"updated": 9, "event": "sync_traffic.done", "level": "info", "timestamp": "2026-09-18T08:59:25.932373Z"}
{"updated": 9, "event": "sync_traffic.done", "level": "info", "timestamp": "2026-09-18T09:14:25.808619Z"}
{"updated": 9, "event": "sync_traffic.done", "level": "info", "timestamp": "2026-09-18T09:29:25.809255Z"}
{"updated": 9, "event": "sync_traffic.done", "level": "info", "timestamp": "2026-09-18T09:44:25.714984Z"}
{"updated": 9, "event": "sync_traffic.done", "level": "info", "timestamp": "2026-09-18T09:59:25.745569Z"}
{"updated": 9, "event": "sync_traffic.done", "level": "info", "timestamp": "2026-09-18T10:14:25.767205Z"}
{"updated": 9, "event": "sync_traffic.done", "level": "info", "timestamp": "2026-09-18T10:29:24.672380Z"}
{"updated": 9, "event": "sync_traffic.done", "level": "info", "timestamp": "2026-09-18T10:44:24.729257Z"}
{"updated": 9, "event": "sync_traffic.done", "level": "info", "timestamp": "2026-09-18T10:59:24.802104Z"}
{"updated": 9, "event": "sync_traffic.done", "level": "info", "timestamp": "2026-09-18T11:14:24.796680Z"}
{"updated": 9, "event": "sync_traffic.done", "level": "info", "timestamp": "2026-09-18T11:29:24.808543Z"}
{"updated": 9, "event": "sync_traffic.done", "level": "info", "timestamp": "2026-09-18T11:44:24.773266Z"}
{"updated": 9, "event": "sync_traffic.done", "level": "info", "timestamp": "2026-09-18T11:59:24.869653Z"}
{"updated": 9, "event": "sync_traffic.done", "level": "info", "timestamp": "2026-09-18T12:14:24.896331Z"}
{"updated": 9, "event": "sync_traffic.done", "level": "info", "timestamp": "2026-09-18T12:29:24.685154Z"}
{"updated": 9, "event": "sync_traffic.done", "level": "info", "timestamp": "2026-09-18T12:44:24.705056Z"}
{"updated": 9, "event": "sync_traffic.done", "level": "info", "timestamp": "2026-09-18T12:59:24.702486Z"}
{"updated": 9, "event": "sync_traffic.done", "level": "info", "timestamp": "2026-09-18T13:14:24.850476Z"}
Update id=711252320 is handled. Duration 175 ms by bot id=8746092424
Update id=711252321 is handled. Duration 214 ms by bot id=8746092424
Update id=711252322 is handled. Duration 125 ms by bot id=8746092424
Update id=711252323 is handled. Duration 132 ms by bot id=8746092424
Update id=711252324 is handled. Duration 212 ms by bot id=8746092424
Update id=711252325 is handled. Duration 95 ms by bot id=8746092424
Update id=711252326 is handled. Duration 176 ms by bot id=8746092424
{"update_id": 711252327, "err": "1 validation error for AdminCB\ntarget_id\n  Input should be a valid integer [type=int_type, input_value=None, input_type=NoneType]\n    For further information visit https://errors.pydantic.dev/2.9/v/int_type", "event": "handler.error", "level": "error", "timestamp": "2026-09-18T13:18:17.616304Z"}
Update id=711252327 is handled. Duration 147 ms by bot id=8746092424
{"job": "reconcile_payments", "err": "", "tb": "-packages/httpx/_client.py\", line 1585, in request\n    return await self.send(request, auth=auth, follow_redirects=follow_redirects)\n           ^^^^^^^^^^^^^^^^^^^^^^^^^^^^^^^^^^^^^^^^^^^^^^^^^^^^^^^^^^^^^^^^^^^^^^\n  File \"/opt/vpn_tg/.venv/lib/python3.12/site-packages/httpx/_client.py\", line 1674, in send\n    response = await self._send_handling_auth(\n               ^^^^^^^^^^^^^^^^^^^^^^^^^^^^^^^\n  File \"/opt/vpn_tg/.venv/lib/python3.12/site-packages/httpx/_client.py\", line 1702, in _send_handling_auth\n    response = await self._send_handling_redirects(\n               ^^^^^^^^^^^^^^^^^^^^^^^^^^^^^^^^^^^^\n  File \"/opt/vpn_tg/.venv/lib/python3.12/site-packages/httpx/_client.py\", line 1739, in _send_handling_redirects\n    response = await self._send_single_request(request)\n               ^^^^^^^^^^^^^^^^^^^^^^^^^^^^^^^^^^^^^^^^\n  File \"/opt/vpn_tg/.venv/lib/python3.12/site-packages/httpx/_client.py\", line 1776, in _send_single_request\n    response = await transport.handle_async_request(request)\n               ^^^^^^^^^^^^^^^^^^^^^^^^^^^^^^^^^^^^^^^^^^^^^\n  File \"/opt/vpn_tg/.venv/lib/python3.12/site-packages/httpx/_transports/default.py\", line 376, in handle_async_request\n    with map_httpcore_exceptions():\n  File \"/usr/lib/python3.12/contextlib.py\", line 158, in __exit__\n    self.gen.throw(value)\n  File \"/opt/vpn_tg/.venv/lib/python3.12/site-packages/httpx/_transports/default.py\", line 89, in map_httpcore_exceptions\n    raise mapped_exc(message) from exc\nhttpx.ConnectTimeout\n", "event": "job.failed", "level": "error", "timestamp": "2026-09-18T13:19:38.733695Z"}
Job "reconcile_payments (trigger: interval[0:05:00], next run at: 2026-09-18 13:24:23 UTC)" raised an exception
Traceback (most recent call last):
  File "/opt/vpn_tg/.venv/lib/python3.12/site-packages/httpx/_transports/default.py", line 72, in map_httpcore_exceptions
    yield
  File "/opt/vpn_tg/.venv/lib/python3.12/site-packages/httpx/_transports/default.py", line 377, in handle_async_request
    resp = await self._pool.handle_async_request(req)
           ^^^^^^^^^^^^^^^^^^^^^^^^^^^^^^^^^^^^^^^^^^
  File "/opt/vpn_tg/.venv/lib/python3.12/site-packages/httpcore/_async/connection_pool.py", line 256, in handle_async_request
    raise exc from None
  File "/opt/vpn_tg/.venv/lib/python3.12/site-packages/httpcore/_async/connection_pool.py", line 236, in handle_async_request
    response = await connection.handle_async_request(
               ^^^^^^^^^^^^^^^^^^^^^^^^^^^^^^^^^^^^^^
  File "/opt/vpn_tg/.venv/lib/python3.12/site-packages/httpcore/_async/connection.py", line 101, in handle_async_request
    raise exc
  File "/opt/vpn_tg/.venv/lib/python3.12/site-packages/httpcore/_async/connection.py", line 78, in handle_async_request
    stream = await self._connect(request)
             ^^^^^^^^^^^^^^^^^^^^^^^^^^^^
  File "/opt/vpn_tg/.venv/lib/python3.12/site-packages/httpcore/_async/connection.py", line 156, in _connect
    stream = await stream.start_tls(**kwargs)
             ^^^^^^^^^^^^^^^^^^^^^^^^^^^^^^^^
  File "/opt/vpn_tg/.venv/lib/python3.12/site-packages/httpcore/_backends/anyio.py", line 67, in start_tls
    with map_exceptions(exc_map):
  File "/usr/lib/python3.12/contextlib.py", line 158, in __exit__
    self.gen.throw(value)
  File "/opt/vpn_tg/.venv/lib/python3.12/site-packages/httpcore/_exceptions.py", line 14, in map_exceptions
    raise to_exc(exc) from exc
httpcore.ConnectTimeout

The above exception was the direct cause of the following exception:

Traceback (most recent call last):
  File "/opt/vpn_tg/.venv/lib/python3.12/site-packages/apscheduler/executors/base_py3.py", line 30, in run_coroutine_job
    retval = await job.func(*job.args, **job.kwargs)
             ^^^^^^^^^^^^^^^^^^^^^^^^^^^^^^^^^^^^^^^
  File "/opt/vpn_tg/app/tasks/scheduler.py", line 34, in wrapper
    return await fn(*args, **kwargs)
           ^^^^^^^^^^^^^^^^^^^^^^^^^
  File "/opt/vpn_tg/app/tasks/jobs/__init__.py", line 183, in reconcile_payments
    return await reconcile_pending(session_factory, bot)
           ^^^^^^^^^^^^^^^^^^^^^^^^^^^^^^^^^^^^^^^^^^^^^
  File "/opt/vpn_tg/app/handlers/payments_yookassa.py", line 109, in reconcile_pending
    succeeded, _data = await yk.is_succeeded(str(api_id))
                       ^^^^^^^^^^^^^^^^^^^^^^^^^^^^^^^^^^
  File "/opt/vpn_tg/app/services/payments/yookassa.py", line 93, in is_succeeded
    data = await self.get_payment(payment_api_id)
           ^^^^^^^^^^^^^^^^^^^^^^^^^^^^^^^^^^^^^^
  File "/opt/vpn_tg/app/services/payments/yookassa.py", line 87, in get_payment
    resp = await self._http.get(f"/payments/{payment_api_id}", headers=self._auth_headers())
           ^^^^^^^^^^^^^^^^^^^^^^^^^^^^^^^^^^^^^^^^^^^^^^^^^^^^^^^^^^^^^^^^^^^^^^^^^^^^^^^^^
  File "/opt/vpn_tg/.venv/lib/python3.12/site-packages/httpx/_client.py", line 1814, in get
    return await self.request(
           ^^^^^^^^^^^^^^^^^^^
  File "/opt/vpn_tg/.venv/lib/python3.12/site-packages/httpx/_client.py", line 1585, in request
    return await self.send(request, auth=auth, follow_redirects=follow_redirects)
           ^^^^^^^^^^^^^^^^^^^^^^^^^^^^^^^^^^^^^^^^^^^^^^^^^^^^^^^^^^^^^^^^^^^^^^
  File "/opt/vpn_tg/.venv/lib/python3.12/site-packages/httpx/_client.py", line 1674, in send
    response = await self._send_handling_auth(
               ^^^^^^^^^^^^^^^^^^^^^^^^^^^^^^^
  File "/opt/vpn_tg/.venv/lib/python3.12/site-packages/httpx/_client.py", line 1702, in _send_handling_auth
    response = await self._send_handling_redirects(
               ^^^^^^^^^^^^^^^^^^^^^^^^^^^^^^^^^^^^
  File "/opt/vpn_tg/.venv/lib/python3.12/site-packages/httpx/_client.py", line 1739, in _send_handling_redirects
    response = await self._send_single_request(request)
               ^^^^^^^^^^^^^^^^^^^^^^^^^^^^^^^^^^^^^^^^
  File "/opt/vpn_tg/.venv/lib/python3.12/site-packages/httpx/_client.py", line 1776, in _send_single_request
    response = await transport.handle_async_request(request)
               ^^^^^^^^^^^^^^^^^^^^^^^^^^^^^^^^^^^^^^^^^^^^^
  File "/opt/vpn_tg/.venv/lib/python3.12/site-packages/httpx/_transports/default.py", line 376, in handle_async_request
    with map_httpcore_exceptions():
  File "/usr/lib/python3.12/contextlib.py", line 158, in __exit__
    self.gen.throw(value)
  File "/opt/vpn_tg/.venv/lib/python3.12/site-packages/httpx/_transports/default.py", line 89, in map_httpcore_exceptions
    raise mapped_exc(message) from exc
httpx.ConnectTimeout
{"updated": 9, "event": "sync_traffic.done", "level": "info", "timestamp": "2026-09-18T13:29:24.622883Z"}
{"updated": 9, "event": "sync_traffic.done", "level": "info", "timestamp": "2026-09-18T13:44:24.757075Z"}
{"updated": 9, "event": "sync_traffic.done", "level": "info", "timestamp": "2026-09-18T13:59:24.803876Z"}
{"updated": 9, "event": "sync_traffic.done", "level": "info", "timestamp": "2026-09-18T14:14:24.738270Z"}
{"updated": 9, "event": "sync_traffic.done", "level": "info", "timestamp": "2026-09-18T14:29:24.664826Z"}
{"updated": 9, "event": "sync_traffic.done", "level": "info", "timestamp": "2026-09-18T14:44:24.848684Z"}
{"updated": 9, "event": "sync_traffic.done", "level": "info", "timestamp": "2026-09-18T14:59:24.672329Z"}
{"updated": 9, "event": "sync_traffic.done", "level": "info", "timestamp": "2026-09-18T15:14:24.710159Z"}
{"updated": 9, "event": "sync_traffic.done", "level": "info", "timestamp": "2026-09-18T15:29:24.716865Z"}
{"updated": 9, "event": "sync_traffic.done", "level": "info", "timestamp": "2026-09-18T15:44:24.721193Z"}
{"updated": 9, "event": "sync_traffic.done", "level": "info", "timestamp": "2026-09-18T15:59:24.726354Z"}
{"updated": 9, "event": "sync_traffic.done", "level": "info", "timestamp": "2026-09-18T16:14:24.757809Z"}
{"updated": 9, "event": "sync_traffic.done", "level": "info", "timestamp": "2026-09-18T16:29:24.679638Z"}
{"updated": 9, "event": "sync_traffic.done", "level": "info", "timestamp": "2026-09-18T16:44:24.733358Z"}
{"updated": 9, "event": "sync_traffic.done", "level": "info", "timestamp": "2026-09-18T16:59:24.756686Z"}
{"base": "http://31.57.250.7:2053", "event": "xui.session_expired", "level": "info", "timestamp": "2026-09-18T17:14:24.541793Z"}
{"base": "http://31.57.250.7:2053", "event": "xui.session_expired", "level": "info", "timestamp": "2026-09-18T17:14:24.668743Z"}
{"updated": 9, "event": "sync_traffic.done", "level": "info", "timestamp": "2026-09-18T17:14:25.086933Z"}
{"updated": 9, "event": "sync_traffic.done", "level": "info", "timestamp": "2026-09-18T17:29:24.680714Z"}
{"updated": 9, "event": "sync_traffic.done", "level": "info", "timestamp": "2026-09-18T17:44:24.710208Z"}
{"updated": 9, "event": "sync_traffic.done", "level": "info", "timestamp": "2026-09-18T17:59:24.654109Z"}
{"updated": 9, "event": "sync_traffic.done", "level": "info", "timestamp": "2026-09-18T18:14:24.748213Z"}
{"updated": 9, "event": "sync_traffic.done", "level": "info", "timestamp": "2026-09-18T18:29:24.652299Z"}
{"updated": 9, "event": "sync_traffic.done", "level": "info", "timestamp": "2026-09-18T18:44:24.757114Z"}
{"updated": 9, "event": "sync_traffic.done", "level": "info", "timestamp": "2026-09-18T18:59:24.845075Z"}
{"updated": 9, "event": "sync_traffic.done", "level": "info", "timestamp": "2026-09-18T19:14:24.729663Z"}
{"updated": 9, "event": "sync_traffic.done", "level": "info", "timestamp": "2026-09-18T19:29:24.792777Z"}
{"updated": 9, "event": "sync_traffic.done", "level": "info", "timestamp": "2026-09-18T19:44:24.758471Z"}
{"updated": 9, "event": "sync_traffic.done", "level": "info", "timestamp": "2026-09-18T19:59:24.676006Z"}
{"updated": 9, "event": "sync_traffic.done", "level": "info", "timestamp": "2026-09-18T20:14:24.890737Z"}
{"updated": 9, "event": "sync_traffic.done", "level": "info", "timestamp": "2026-09-18T20:29:24.709683Z"}
{"updated": 9, "event": "sync_traffic.done", "level": "info", "timestamp": "2026-09-18T20:44:24.747220Z"}
{"updated": 9, "event": "sync_traffic.done", "level": "info", "timestamp": "2026-09-18T20:59:24.721950Z"}
{"updated": 9, "event": "sync_traffic.done", "level": "info", "timestamp": "2026-09-18T21:14:24.652472Z"}
{"updated": 9, "event": "sync_traffic.done", "level": "info", "timestamp": "2026-09-18T21:29:24.817609Z"}
{"updated": 9, "event": "sync_traffic.done", "level": "info", "timestamp": "2026-09-18T21:44:24.854477Z"}
{"updated": 9, "event": "sync_traffic.done", "level": "info", "timestamp": "2026-09-18T21:59:24.717094Z"}
{"updated": 9, "event": "sync_traffic.done", "level": "info", "timestamp": "2026-09-18T22:14:24.741570Z"}
{"updated": 9, "event": "sync_traffic.done", "level": "info", "timestamp": "2026-09-18T22:29:24.629207Z"}
{"updated": 9, "event": "sync_traffic.done", "level": "info", "timestamp": "2026-09-18T22:44:24.682491Z"}
{"updated": 9, "event": "sync_traffic.done", "level": "info", "timestamp": "2026-09-18T22:59:24.668171Z"}
{"updated": 9, "event": "sync_traffic.done", "level": "info", "timestamp": "2026-09-18T23:14:24.736940Z"}
{"updated": 9, "event": "sync_traffic.done", "level": "info", "timestamp": "2026-09-18T23:29:24.857635Z"}
{"updated": 9, "event": "sync_traffic.done", "level": "info", "timestamp": "2026-09-18T23:44:24.817101Z"}
{"updated": 9, "event": "sync_traffic.done", "level": "info", "timestamp": "2026-09-18T23:59:24.867259Z"}
{"updated": 9, "event": "sync_traffic.done", "level": "info", "timestamp": "2026-09-19T00:14:24.776116Z"}
{"updated": 9, "event": "sync_traffic.done", "level": "info", "timestamp": "2026-09-19T00:29:24.648845Z"}
{"updated": 9, "event": "sync_traffic.done", "level": "info", "timestamp": "2026-09-19T00:44:24.825311Z"}
{"updated": 9, "event": "sync_traffic.done", "level": "info", "timestamp": "2026-09-19T00:59:24.702207Z"}
{"updated": 9, "event": "sync_traffic.done", "level": "info", "timestamp": "2026-09-19T01:14:24.644170Z"}
{"updated": 9, "event": "sync_traffic.done", "level": "info", "timestamp": "2026-09-19T01:29:24.799606Z"}
{"updated": 9, "event": "sync_traffic.done", "level": "info", "timestamp": "2026-09-19T01:44:24.606569Z"}
{"updated": 9, "event": "sync_traffic.done", "level": "info", "timestamp": "2026-09-19T01:59:24.763584Z"}
{"updated": 9, "event": "sync_traffic.done", "level": "info", "timestamp": "2026-09-19T02:14:24.762285Z"}
{"updated": 9, "event": "sync_traffic.done", "level": "info", "timestamp": "2026-09-19T02:29:24.838026Z"}
{"updated": 9, "event": "sync_traffic.done", "level": "info", "timestamp": "2026-09-19T02:44:24.649820Z"}
{"updated": 9, "event": "sync_traffic.done", "level": "info", "timestamp": "2026-09-19T02:59:24.598016Z"}
{"updated": 9, "event": "sync_traffic.done", "level": "info", "timestamp": "2026-09-19T03:14:24.776627Z"}
{"updated": 9, "event": "sync_traffic.done", "level": "info", "timestamp": "2026-09-19T03:29:24.616321Z"}
{"updated": 9, "event": "sync_traffic.done", "level": "info", "timestamp": "2026-09-19T03:44:24.768959Z"}
{"updated": 9, "event": "sync_traffic.done", "level": "info", "timestamp": "2026-09-19T03:59:24.751350Z"}
{"updated": 9, "event": "sync_traffic.done", "level": "info", "timestamp": "2026-09-19T04:14:24.649321Z"}
{"updated": 9, "event": "sync_traffic.done", "level": "info", "timestamp": "2026-09-19T04:29:24.771303Z"}
{"updated": 9, "event": "sync_traffic.done", "level": "info", "timestamp": "2026-09-19T04:44:24.817545Z"}
{"updated": 9, "event": "sync_traffic.done", "level": "info", "timestamp": "2026-09-19T04:59:24.670244Z"}
{"updated": 9, "event": "sync_traffic.done", "level": "info", "timestamp": "2026-09-19T05:14:24.734270Z"}
{"updated": 9, "event": "sync_traffic.done", "level": "info", "timestamp": "2026-09-19T05:29:24.883438Z"}
{"updated": 9, "event": "sync_traffic.done", "level": "info", "timestamp": "2026-09-19T05:44:24.645246Z"}
{"updated": 9, "event": "sync_traffic.done", "level": "info", "timestamp": "2026-09-19T05:59:24.680270Z"}
{"updated": 9, "event": "sync_traffic.done", "level": "info", "timestamp": "2026-09-19T06:14:24.916177Z"}
{"updated": 9, "event": "sync_traffic.done", "level": "info", "timestamp": "2026-09-19T06:29:24.709740Z"}
{"updated": 9, "event": "sync_traffic.done", "level": "info", "timestamp": "2026-09-19T06:44:24.722104Z"}
{"updated": 9, "event": "sync_traffic.done", "level": "info", "timestamp": "2026-09-19T06:59:24.690604Z"}
{"updated": 9, "event": "sync_traffic.done", "level": "info", "timestamp": "2026-09-19T07:14:24.724160Z"}
{"updated": 9, "event": "sync_traffic.done", "level": "info", "timestamp": "2026-09-19T07:29:24.816733Z"}
{"updated": 9, "event": "sync_traffic.done", "level": "info", "timestamp": "2026-09-19T07:44:24.661031Z"}
{"updated": 9, "event": "sync_traffic.done", "level": "info", "timestamp": "2026-09-19T07:59:24.685084Z"}
{"updated": 9, "event": "sync_traffic.done", "level": "info", "timestamp": "2026-09-19T08:14:24.653982Z"}
{"updated": 9, "event": "sync_traffic.done", "level": "info", "timestamp": "2026-09-19T08:29:24.775247Z"}
{"updated": 9, "event": "sync_traffic.done", "level": "info", "timestamp": "2026-09-19T08:44:24.963712Z"}
{"updated": 9, "event": "sync_traffic.done", "level": "info", "timestamp": "2026-09-19T08:59:24.657923Z"}
{"updated": 9, "event": "sync_traffic.done", "level": "info", "timestamp": "2026-09-19T09:14:24.797007Z"}
{"updated": 9, "event": "sync_traffic.done", "level": "info", "timestamp": "2026-09-19T09:29:24.637285Z"}
{"updated": 9, "event": "sync_traffic.done", "level": "info", "timestamp": "2026-09-19T09:44:24.650058Z"}
{"updated": 9, "event": "sync_traffic.done", "level": "info", "timestamp": "2026-09-19T09:59:24.743061Z"}
{"updated": 9, "event": "sync_traffic.done", "level": "info", "timestamp": "2026-09-19T10:14:24.729312Z"}
{"updated": 9, "event": "sync_traffic.done", "level": "info", "timestamp": "2026-09-19T10:29:24.993289Z"}
{"updated": 9, "event": "sync_traffic.done", "level": "info", "timestamp": "2026-09-19T10:44:24.612608Z"}
{"updated": 9, "event": "sync_traffic.done", "level": "info", "timestamp": "2026-09-19T10:59:24.882539Z"}
{"updated": 9, "event": "sync_traffic.done", "level": "info", "timestamp": "2026-09-19T11:14:24.837835Z"}
{"updated": 9, "event": "sync_traffic.done", "level": "info", "timestamp": "2026-09-19T11:29:24.703326Z"}
{"updated": 9, "event": "sync_traffic.done", "level": "info", "timestamp": "2026-09-19T11:44:24.668234Z"}
{"updated": 9, "event": "sync_traffic.done", "level": "info", "timestamp": "2026-09-19T11:59:24.621207Z"}
{"updated": 9, "event": "sync_traffic.done", "level": "info", "timestamp": "2026-09-19T12:14:24.710395Z"}
{"updated": 9, "event": "sync_traffic.done", "level": "info", "timestamp": "2026-09-19T12:29:24.623375Z"}
{"updated": 9, "event": "sync_traffic.done", "level": "info", "timestamp": "2026-09-19T12:44:24.652171Z"}
{"updated": 9, "event": "sync_traffic.done", "level": "info", "timestamp": "2026-09-19T12:59:24.749164Z"}
{"job": "reconcile_payments", "err": "", "tb": "-packages/httpx/_client.py\", line 1585, in request\n    return await self.send(request, auth=auth, follow_redirects=follow_redirects)\n           ^^^^^^^^^^^^^^^^^^^^^^^^^^^^^^^^^^^^^^^^^^^^^^^^^^^^^^^^^^^^^^^^^^^^^^\n  File \"/opt/vpn_tg/.venv/lib/python3.12/site-packages/httpx/_client.py\", line 1674, in send\n    response = await self._send_handling_auth(\n               ^^^^^^^^^^^^^^^^^^^^^^^^^^^^^^^\n  File \"/opt/vpn_tg/.venv/lib/python3.12/site-packages/httpx/_client.py\", line 1702, in _send_handling_auth\n    response = await self._send_handling_redirects(\n               ^^^^^^^^^^^^^^^^^^^^^^^^^^^^^^^^^^^^\n  File \"/opt/vpn_tg/.venv/lib/python3.12/site-packages/httpx/_client.py\", line 1739, in _send_handling_redirects\n    response = await self._send_single_request(request)\n               ^^^^^^^^^^^^^^^^^^^^^^^^^^^^^^^^^^^^^^^^\n  File \"/opt/vpn_tg/.venv/lib/python3.12/site-packages/httpx/_client.py\", line 1776, in _send_single_request\n    response = await transport.handle_async_request(request)\n               ^^^^^^^^^^^^^^^^^^^^^^^^^^^^^^^^^^^^^^^^^^^^^\n  File \"/opt/vpn_tg/.venv/lib/python3.12/site-packages/httpx/_transports/default.py\", line 376, in handle_async_request\n    with map_httpcore_exceptions():\n  File \"/usr/lib/python3.12/contextlib.py\", line 158, in __exit__\n    self.gen.throw(value)\n  File \"/opt/vpn_tg/.venv/lib/python3.12/site-packages/httpx/_transports/default.py\", line 89, in map_httpcore_exceptions\n    raise mapped_exc(message) from exc\nhttpx.ConnectTimeout\n", "event": "job.failed", "level": "error", "timestamp": "2026-09-19T12:59:38.771260Z"}
Job "reconcile_payments (trigger: interval[0:05:00], next run at: 2026-09-19 13:04:23 UTC)" raised an exception
Traceback (most recent call last):
  File "/opt/vpn_tg/.venv/lib/python3.12/site-packages/httpx/_transports/default.py", line 72, in map_httpcore_exceptions
    yield
  File "/opt/vpn_tg/.venv/lib/python3.12/site-packages/httpx/_transports/default.py", line 377, in handle_async_request
    resp = await self._pool.handle_async_request(req)
           ^^^^^^^^^^^^^^^^^^^^^^^^^^^^^^^^^^^^^^^^^^
  File "/opt/vpn_tg/.venv/lib/python3.12/site-packages/httpcore/_async/connection_pool.py", line 256, in handle_async_request
    raise exc from None
  File "/opt/vpn_tg/.venv/lib/python3.12/site-packages/httpcore/_async/connection_pool.py", line 236, in handle_async_request
    response = await connection.handle_async_request(
               ^^^^^^^^^^^^^^^^^^^^^^^^^^^^^^^^^^^^^^
  File "/opt/vpn_tg/.venv/lib/python3.12/site-packages/httpcore/_async/connection.py", line 101, in handle_async_request
    raise exc
  File "/opt/vpn_tg/.venv/lib/python3.12/site-packages/httpcore/_async/connection.py", line 78, in handle_async_request
    stream = await self._connect(request)
             ^^^^^^^^^^^^^^^^^^^^^^^^^^^^
  File "/opt/vpn_tg/.venv/lib/python3.12/site-packages/httpcore/_async/connection.py", line 156, in _connect
    stream = await stream.start_tls(**kwargs)
             ^^^^^^^^^^^^^^^^^^^^^^^^^^^^^^^^
  File "/opt/vpn_tg/.venv/lib/python3.12/site-packages/httpcore/_backends/anyio.py", line 67, in start_tls
    with map_exceptions(exc_map):
  File "/usr/lib/python3.12/contextlib.py", line 158, in __exit__
    self.gen.throw(value)
  File "/opt/vpn_tg/.venv/lib/python3.12/site-packages/httpcore/_exceptions.py", line 14, in map_exceptions
    raise to_exc(exc) from exc
httpcore.ConnectTimeout

The above exception was the direct cause of the following exception:

Traceback (most recent call last):
  File "/opt/vpn_tg/.venv/lib/python3.12/site-packages/apscheduler/executors/base_py3.py", line 30, in run_coroutine_job
    retval = await job.func(*job.args, **job.kwargs)
             ^^^^^^^^^^^^^^^^^^^^^^^^^^^^^^^^^^^^^^^
  File "/opt/vpn_tg/app/tasks/scheduler.py", line 34, in wrapper
    return await fn(*args, **kwargs)
           ^^^^^^^^^^^^^^^^^^^^^^^^^
  File "/opt/vpn_tg/app/tasks/jobs/__init__.py", line 183, in reconcile_payments
    return await reconcile_pending(session_factory, bot)
           ^^^^^^^^^^^^^^^^^^^^^^^^^^^^^^^^^^^^^^^^^^^^^
  File "/opt/vpn_tg/app/handlers/payments_yookassa.py", line 109, in reconcile_pending
    succeeded, _data = await yk.is_succeeded(str(api_id))
                       ^^^^^^^^^^^^^^^^^^^^^^^^^^^^^^^^^^
  File "/opt/vpn_tg/app/services/payments/yookassa.py", line 93, in is_succeeded
    data = await self.get_payment(payment_api_id)
           ^^^^^^^^^^^^^^^^^^^^^^^^^^^^^^^^^^^^^^
  File "/opt/vpn_tg/app/services/payments/yookassa.py", line 87, in get_payment
    resp = await self._http.get(f"/payments/{payment_api_id}", headers=self._auth_headers())
           ^^^^^^^^^^^^^^^^^^^^^^^^^^^^^^^^^^^^^^^^^^^^^^^^^^^^^^^^^^^^^^^^^^^^^^^^^^^^^^^^^
  File "/opt/vpn_tg/.venv/lib/python3.12/site-packages/httpx/_client.py", line 1814, in get
    return await self.request(
           ^^^^^^^^^^^^^^^^^^^
  File "/opt/vpn_tg/.venv/lib/python3.12/site-packages/httpx/_client.py", line 1585, in request
    return await self.send(request, auth=auth, follow_redirects=follow_redirects)
           ^^^^^^^^^^^^^^^^^^^^^^^^^^^^^^^^^^^^^^^^^^^^^^^^^^^^^^^^^^^^^^^^^^^^^^
  File "/opt/vpn_tg/.venv/lib/python3.12/site-packages/httpx/_client.py", line 1674, in send
    response = await self._send_handling_auth(
               ^^^^^^^^^^^^^^^^^^^^^^^^^^^^^^^
  File "/opt/vpn_tg/.venv/lib/python3.12/site-packages/httpx/_client.py", line 1702, in _send_handling_auth
    response = await self._send_handling_redirects(
               ^^^^^^^^^^^^^^^^^^^^^^^^^^^^^^^^^^^^
  File "/opt/vpn_tg/.venv/lib/python3.12/site-packages/httpx/_client.py", line 1739, in _send_handling_redirects
    response = await self._send_single_request(request)
               ^^^^^^^^^^^^^^^^^^^^^^^^^^^^^^^^^^^^^^^^
  File "/opt/vpn_tg/.venv/lib/python3.12/site-packages/httpx/_client.py", line 1776, in _send_single_request
    response = await transport.handle_async_request(request)
               ^^^^^^^^^^^^^^^^^^^^^^^^^^^^^^^^^^^^^^^^^^^^^
  File "/opt/vpn_tg/.venv/lib/python3.12/site-packages/httpx/_transports/default.py", line 376, in handle_async_request
    with map_httpcore_exceptions():
  File "/usr/lib/python3.12/contextlib.py", line 158, in __exit__
    self.gen.throw(value)
  File "/opt/vpn_tg/.venv/lib/python3.12/site-packages/httpx/_transports/default.py", line 89, in map_httpcore_exceptions
    raise mapped_exc(message) from exc
httpx.ConnectTimeout
{"updated": 9, "event": "sync_traffic.done", "level": "info", "timestamp": "2026-09-19T13:14:24.781594Z"}
{"updated": 9, "event": "sync_traffic.done", "level": "info", "timestamp": "2026-09-19T13:29:24.662094Z"}
{"updated": 9, "event": "sync_traffic.done", "level": "info", "timestamp": "2026-09-19T13:44:24.859067Z"}
{"updated": 9, "event": "sync_traffic.done", "level": "info", "timestamp": "2026-09-19T13:59:24.806013Z"}
{"email": "tg5435975876-5b782c49", "err": "", "event": "sync.traffic_failed", "level": "warning", "timestamp": "2026-09-19T14:14:33.733175Z"}
{"email": "web-ad78af6c", "err": "", "event": "sync.traffic_failed", "level": "warning", "timestamp": "2026-09-19T14:14:43.737067Z"}
{"email": "tg8468512348-fdeabd2c", "err": "", "event": "sync.traffic_failed", "level": "warning", "timestamp": "2026-09-19T14:14:53.741109Z"}
{"email": "tg8468512348-aa6853d6", "err": "", "event": "sync.traffic_failed", "level": "warning", "timestamp": "2026-09-19T14:15:03.747175Z"}
{"email": "tg8468512348-64f025a5", "err": "", "event": "sync.traffic_failed", "level": "warning", "timestamp": "2026-09-19T14:15:13.751739Z"}
{"updated": 4, "event": "sync_traffic.done", "level": "info", "timestamp": "2026-09-19T14:15:14.253644Z"}
{"email": "tg5435975876-5b782c49", "err": "", "event": "sync.traffic_failed", "level": "warning", "timestamp": "2026-09-19T14:29:33.731828Z"}
{"email": "web-ad78af6c", "err": "", "event": "sync.traffic_failed", "level": "warning", "timestamp": "2026-09-19T14:29:43.743401Z"}
{"email": "tg8468512348-fdeabd2c", "err": "", "event": "sync.traffic_failed", "level": "warning", "timestamp": "2026-09-19T14:29:53.749444Z"}
{"email": "tg8468512348-aa6853d6", "err": "", "event": "sync.traffic_failed", "level": "warning", "timestamp": "2026-09-19T14:30:03.754383Z"}
{"email": "tg8468512348-64f025a5", "err": "", "event": "sync.traffic_failed", "level": "warning", "timestamp": "2026-09-19T14:30:13.760641Z"}
{"updated": 4, "event": "sync_traffic.done", "level": "info", "timestamp": "2026-09-19T14:30:14.358385Z"}
Failed to fetch updates - TelegramNetworkError: HTTP Client says - Request timeout error
Sleep for 1.000000 seconds and try again... (tryings = 0, bot id = 8746092424)
{"email": "tg5435975876-5b782c49", "err": "", "event": "sync.traffic_failed", "level": "warning", "timestamp": "2026-09-19T14:44:33.892442Z"}
Connection established (tryings = 1, bot id = 8746092424)
{"email": "web-ad78af6c", "err": "", "event": "sync.traffic_failed", "level": "warning", "timestamp": "2026-09-19T14:44:43.897142Z"}
{"email": "tg8468512348-fdeabd2c", "err": "", "event": "sync.traffic_failed", "level": "warning", "timestamp": "2026-09-19T14:44:53.906135Z"}
{"email": "tg8468512348-aa6853d6", "err": "", "event": "sync.traffic_failed", "level": "warning", "timestamp": "2026-09-19T14:45:03.913306Z"}
{"email": "tg8468512348-64f025a5", "err": "", "event": "sync.traffic_failed", "level": "warning", "timestamp": "2026-09-19T14:45:13.919072Z"}
{"updated": 4, "event": "sync_traffic.done", "level": "info", "timestamp": "2026-09-19T14:45:14.387149Z"}
Update id=711252328 is handled. Duration 185 ms by bot id=8746092424
Received SIGTERM signal
Polling stopped for bot @niro_vpn_bot id=8746092424 - 'NIRO VPN'
Polling stopped
Scheduler has been shut down
Adding job tentatively -- it will be properly scheduled when the scheduler starts
{"job": "sync_traffic", "event": "job.registered", "level": "info", "timestamp": "2026-09-19T14:58:36.423901Z"}
Adding job tentatively -- it will be properly scheduled when the scheduler starts
{"job": "expire_check", "event": "job.registered", "level": "info", "timestamp": "2026-09-19T14:58:36.424739Z"}
Adding job tentatively -- it will be properly scheduled when the scheduler starts
{"job": "notify_expiring", "event": "job.registered", "level": "info", "timestamp": "2026-09-19T14:58:36.425016Z"}
Adding job tentatively -- it will be properly scheduled when the scheduler starts
{"job": "cleanup_deleted", "event": "job.registered", "level": "info", "timestamp": "2026-09-19T14:58:36.425277Z"}
Adding job tentatively -- it will be properly scheduled when the scheduler starts
{"job": "reconcile_payments", "event": "job.registered", "level": "info", "timestamp": "2026-09-19T14:58:36.425486Z"}
Adding job tentatively -- it will be properly scheduled when the scheduler starts
{"job": "reconcile_panel", "event": "job.registered", "level": "info", "timestamp": "2026-09-19T14:58:36.425700Z"}
Adding job tentatively -- it will be properly scheduled when the scheduler starts
{"job": "retry_provisioning", "event": "job.registered", "level": "info", "timestamp": "2026-09-19T14:58:36.425941Z"}
Adding job tentatively -- it will be properly scheduled when the scheduler starts
{"job": "notify_web_manual", "event": "job.registered", "level": "info", "timestamp": "2026-09-19T14:58:36.426135Z"}
Added job "sync_traffic" to job store "default"
Added job "expire_check" to job store "default"
Added job "notify_expiring" to job store "default"
Added job "cleanup_deleted" to job store "default"
Added job "reconcile_payments" to job store "default"
Added job "reconcile_panel" to job store "default"
Added job "retry_provisioning" to job store "default"
Added job "notify_web_manual_payments" to job store "default"
Scheduler started
{"event": "scheduler.started", "level": "info", "timestamp": "2026-09-19T14:58:36.430057Z"}
{"event": "polling.started", "level": "info", "timestamp": "2026-09-19T14:58:36.596751Z"}
{"port": 8081, "event": "internal_api.started", "level": "info", "timestamp": "2026-09-19T14:58:36.882518Z"}
Start polling
Run polling for bot @niro_vpn_bot id=8746092424 - 'NIRO VPN'
Update id=711252329 is handled. Duration 260 ms by bot id=8746092424
Update id=711252330 is handled. Duration 201 ms by bot id=8746092424
Update id=711252331 is handled. Duration 122 ms by bot id=8746092424
Update id=711252332 is handled. Duration 197 ms by bot id=8746092424
Update id=711252333 is handled. Duration 199 ms by bot id=8746092424
{"sub_id": 19, "email": "tg8468512348-ccebd3fa", "server": "fr-1", "plan": "1m", "event": "grant.ok", "level": "info", "timestamp": "2026-09-19T14:58:45.237348Z"}
Update id=711252334 is handled. Duration 569 ms by bot id=8746092424
Update id=711252335 is handled. Duration 218 ms by bot id=8746092424
Update id=711252336 is handled. Duration 142 ms by bot id=8746092424
Update id=711252337 is handled. Duration 207 ms by bot id=8746092424
Update id=711252338 is handled. Duration 353 ms by bot id=8746092424
Update id=711252339 is handled. Duration 131 ms by bot id=8746092424
Update id=711252340 is handled. Duration 235 ms by bot id=8746092424
Update id=711252341 is handled. Duration 247 ms by bot id=8746092424
{"sub_id": 20, "email": "tg8468512348-b7febaa3", "server": "fr-1", "plan": "12m", "event": "grant.ok", "level": "info", "timestamp": "2026-09-19T15:01:49.045395Z"}
Update id=711252342 is handled. Duration 232 ms by bot id=8746092424
Update id=711252343 is handled. Duration 275 ms by bot id=8746092424
Update id=711252344 is handled. Duration 156 ms by bot id=8746092424
Update id=711252345 is handled. Duration 648 ms by bot id=8746092424
Update id=711252346 is handled. Duration 216 ms by bot id=8746092424
Update id=711252347 is handled. Duration 274 ms by bot id=8746092424
Update id=711252348 is handled. Duration 264 ms by bot id=8746092424
Update id=711252349 is handled. Duration 149 ms by bot id=8746092424
Update id=711252350 is handled. Duration 144 ms by bot id=8746092424
Update id=711252351 is handled. Duration 285 ms by bot id=8746092424
Update id=711252352 is handled. Duration 165 ms by bot id=8746092424
Update id=711252353 is handled. Duration 171 ms by bot id=8746092424
Update id=711252354 is handled. Duration 129 ms by bot id=8746092424
Update id=711252355 is handled. Duration 153 ms by bot id=8746092424
Update id=711252356 is handled. Duration 154 ms by bot id=8746092424
Update id=711252357 is handled. Duration 334 ms by bot id=8746092424
{"updated": 5, "event": "sync_traffic.done", "level": "info", "timestamp": "2026-09-19T15:13:37.083599Z"}
{"updated": 5, "event": "sync_traffic.done", "level": "info", "timestamp": "2026-09-19T15:28:37.159075Z"}
{"updated": 5, "event": "sync_traffic.done", "level": "info", "timestamp": "2026-09-19T15:43:37.172482Z"}
{"updated": 5, "event": "sync_traffic.done", "level": "info", "timestamp": "2026-09-19T15:58:37.180660Z"}
{"updated": 5, "event": "sync_traffic.done", "level": "info", "timestamp": "2026-09-19T16:13:37.232215Z"}
{"updated": 5, "event": "sync_traffic.done", "level": "info", "timestamp": "2026-09-19T16:28:37.468665Z"}
{"updated": 5, "event": "sync_traffic.done", "level": "info", "timestamp": "2026-09-19T16:43:37.228370Z"}
{"updated": 5, "event": "sync_traffic.done", "level": "info", "timestamp": "2026-09-19T16:58:37.293742Z"}
{"updated": 5, "event": "sync_traffic.done", "level": "info", "timestamp": "2026-09-19T17:13:37.260397Z"}
{"updated": 5, "event": "sync_traffic.done", "level": "info", "timestamp": "2026-09-19T17:28:37.244625Z"}
{"updated": 5, "event": "sync_traffic.done", "level": "info", "timestamp": "2026-09-19T17:43:37.255403Z"}
{"updated": 5, "event": "sync_traffic.done", "level": "info", "timestamp": "2026-09-19T17:58:37.263269Z"}
{"updated": 5, "event": "sync_traffic.done", "level": "info", "timestamp": "2026-09-19T18:13:37.212568Z"}
{"updated": 5, "event": "sync_traffic.done", "level": "info", "timestamp": "2026-09-19T18:28:37.277893Z"}
{"updated": 5, "event": "sync_traffic.done", "level": "info", "timestamp": "2026-09-19T18:43:37.234732Z"}
{"updated": 5, "event": "sync_traffic.done", "level": "info", "timestamp": "2026-09-19T18:58:37.216741Z"}
{"updated": 5, "event": "sync_traffic.done", "level": "info", "timestamp": "2026-09-19T19:13:37.187554Z"}
{"updated": 5, "event": "sync_traffic.done", "level": "info", "timestamp": "2026-09-19T19:28:37.147547Z"}
{"updated": 5, "event": "sync_traffic.done", "level": "info", "timestamp": "2026-09-19T19:43:37.205350Z"}
{"updated": 5, "event": "sync_traffic.done", "level": "info", "timestamp": "2026-09-19T19:58:37.134376Z"}
{"updated": 5, "event": "sync_traffic.done", "level": "info", "timestamp": "2026-09-19T20:13:37.244835Z"}
{"updated": 5, "event": "sync_traffic.done", "level": "info", "timestamp": "2026-09-19T20:28:37.170348Z"}
{"updated": 5, "event": "sync_traffic.done", "level": "info", "timestamp": "2026-09-19T20:43:37.250478Z"}
{"base": "http://31.57.26.84:56004/fN0g3TKuhsLFJnqOfl", "event": "xui.session_expired", "level": "info", "timestamp": "2026-09-19T20:58:36.638355Z"}
{"base": "http://31.57.26.84:56004/fN0g3TKuhsLFJnqOfl", "event": "xui.session_expired", "level": "info", "timestamp": "2026-09-19T20:58:36.753898Z"}
{"updated": 5, "event": "sync_traffic.done", "level": "info", "timestamp": "2026-09-19T20:58:37.623752Z"}
{"updated": 5, "event": "sync_traffic.done", "level": "info", "timestamp": "2026-09-19T21:13:37.133170Z"}
{"updated": 5, "event": "sync_traffic.done", "level": "info", "timestamp": "2026-09-19T21:28:37.151331Z"}
{"updated": 5, "event": "sync_traffic.done", "level": "info", "timestamp": "2026-09-19T21:43:37.214732Z"}
{"updated": 5, "event": "sync_traffic.done", "level": "info", "timestamp": "2026-09-19T21:58:37.210231Z"}
{"updated": 5, "event": "sync_traffic.done", "level": "info", "timestamp": "2026-09-19T22:13:37.164821Z"}
{"updated": 5, "event": "sync_traffic.done", "level": "info", "timestamp": "2026-09-19T22:28:37.161292Z"}
{"updated": 5, "event": "sync_traffic.done", "level": "info", "timestamp": "2026-09-19T22:43:37.175051Z"}
{"updated": 5, "event": "sync_traffic.done", "level": "info", "timestamp": "2026-09-19T22:58:37.225195Z"}
{"updated": 5, "event": "sync_traffic.done", "level": "info", "timestamp": "2026-09-19T23:13:37.139332Z"}
{"updated": 5, "event": "sync_traffic.done", "level": "info", "timestamp": "2026-09-19T23:28:37.142638Z"}
{"updated": 5, "event": "sync_traffic.done", "level": "info", "timestamp": "2026-09-19T23:43:37.156560Z"}
{"updated": 5, "event": "sync_traffic.done", "level": "info", "timestamp": "2026-09-19T23:58:37.190082Z"}
{"updated": 5, "event": "sync_traffic.done", "level": "info", "timestamp": "2026-09-20T00:13:37.157918Z"}
{"updated": 5, "event": "sync_traffic.done", "level": "info", "timestamp": "2026-09-20T00:28:37.136810Z"}
{"updated": 5, "event": "sync_traffic.done", "level": "info", "timestamp": "2026-09-20T00:43:37.124142Z"}
{"updated": 5, "event": "sync_traffic.done", "level": "info", "timestamp": "2026-09-20T00:58:37.181310Z"}
Failed to fetch updates - TelegramRetryAfter: Telegram server says - Flood control exceeded on method 'GetUpdates'. Retry in 5 seconds.
Original description: Too Many Requests: retry after 5
(background on this error at: https://core.telegram.org/bots/faq#my-bot-is-hitting-limits-how-do-i-avoid-this)
Sleep for 1.000000 seconds and try again... (tryings = 0, bot id = 8746092424)
Failed to fetch updates - TelegramRetryAfter: Telegram server says - Flood control exceeded on method 'GetUpdates'. Retry in 5 seconds.
Original description: Too Many Requests: retry after 5
(background on this error at: https://core.telegram.org/bots/faq#my-bot-is-hitting-limits-how-do-i-avoid-this)
Sleep for 1.272245 seconds and try again... (tryings = 1, bot id = 8746092424)
Failed to fetch updates - TelegramRetryAfter: Telegram server says - Flood control exceeded on method 'GetUpdates'. Retry in 5 seconds.
Original description: Too Many Requests: retry after 5
(background on this error at: https://core.telegram.org/bots/faq#my-bot-is-hitting-limits-how-do-i-avoid-this)
Sleep for 1.814382 seconds and try again... (tryings = 2, bot id = 8746092424)
Failed to fetch updates - TelegramRetryAfter: Telegram server says - Flood control exceeded on method 'GetUpdates'. Retry in 5 seconds.
Original description: Too Many Requests: retry after 5
(background on this error at: https://core.telegram.org/bots/faq#my-bot-is-hitting-limits-how-do-i-avoid-this)
Sleep for 2.392665 seconds and try again... (tryings = 3, bot id = 8746092424)
Failed to fetch updates - TelegramServerError: Telegram server says - Bad Gateway
Sleep for 3.074182 seconds and try again... (tryings = 4, bot id = 8746092424)
Failed to fetch updates - TelegramServerError: Telegram server says - Bad Gateway
Sleep for 4.051893 seconds and try again... (tryings = 5, bot id = 8746092424)
{"updated": 5, "event": "sync_traffic.done", "level": "info", "timestamp": "2026-09-20T01:13:37.175727Z"}
Failed to fetch updates - TelegramNetworkError: HTTP Client says - Request timeout error
Sleep for 4.855874 seconds and try again... (tryings = 6, bot id = 8746092424)
Connection established (tryings = 7, bot id = 8746092424)
{"updated": 5, "event": "sync_traffic.done", "level": "info", "timestamp": "2026-09-20T01:28:37.201289Z"}
{"updated": 5, "event": "sync_traffic.done", "level": "info", "timestamp": "2026-09-20T01:43:37.128795Z"}
{"updated": 5, "event": "sync_traffic.done", "level": "info", "timestamp": "2026-09-20T01:58:37.152612Z"}
{"updated": 5, "event": "sync_traffic.done", "level": "info", "timestamp": "2026-09-20T02:13:37.176444Z"}
{"updated": 5, "event": "sync_traffic.done", "level": "info", "timestamp": "2026-09-20T02:28:37.171337Z"}
{"updated": 5, "event": "sync_traffic.done", "level": "info", "timestamp": "2026-09-20T02:43:37.177682Z"}
{"updated": 5, "event": "sync_traffic.done", "level": "info", "timestamp": "2026-09-20T02:58:37.368084Z"}
{"updated": 5, "event": "sync_traffic.done", "level": "info", "timestamp": "2026-09-20T03:13:37.103774Z"}
{"updated": 5, "event": "sync_traffic.done", "level": "info", "timestamp": "2026-09-20T03:28:37.174687Z"}
{"updated": 5, "event": "sync_traffic.done", "level": "info", "timestamp": "2026-09-20T03:43:37.112248Z"}
{"updated": 5, "event": "sync_traffic.done", "level": "info", "timestamp": "2026-09-20T03:58:37.158812Z"}
{"updated": 5, "event": "sync_traffic.done", "level": "info", "timestamp": "2026-09-20T04:13:37.160204Z"}
{"updated": 5, "event": "sync_traffic.done", "level": "info", "timestamp": "2026-09-20T04:28:37.094636Z"}
{"updated": 5, "event": "sync_traffic.done", "level": "info", "timestamp": "2026-09-20T04:43:37.164144Z"}
{"updated": 5, "event": "sync_traffic.done", "level": "info", "timestamp": "2026-09-20T04:58:37.170085Z"}
{"updated": 5, "event": "sync_traffic.done", "level": "info", "timestamp": "2026-09-20T05:13:37.121704Z"}
{"updated": 5, "event": "sync_traffic.done", "level": "info", "timestamp": "2026-09-20T05:28:37.133296Z"}
{"updated": 5, "event": "sync_traffic.done", "level": "info", "timestamp": "2026-09-20T05:43:37.176463Z"}
{"updated": 5, "event": "sync_traffic.done", "level": "info", "timestamp": "2026-09-20T05:58:37.204866Z"}
{"updated": 5, "event": "sync_traffic.done", "level": "info", "timestamp": "2026-09-20T06:13:37.239597Z"}
{"updated": 5, "event": "sync_traffic.done", "level": "info", "timestamp": "2026-09-20T06:28:37.164076Z"}
{"updated": 5, "event": "sync_traffic.done", "level": "info", "timestamp": "2026-09-20T06:43:37.145441Z"}
{"updated": 5, "event": "sync_traffic.done", "level": "info", "timestamp": "2026-09-20T06:58:37.211267Z"}
{"updated": 5, "event": "sync_traffic.done", "level": "info", "timestamp": "2026-09-20T07:13:37.119189Z"}
{"updated": 5, "event": "sync_traffic.done", "level": "info", "timestamp": "2026-09-20T07:28:37.212431Z"}
{"updated": 5, "event": "sync_traffic.done", "level": "info", "timestamp": "2026-09-20T07:43:37.196389Z"}
{"updated": 5, "event": "sync_traffic.done", "level": "info", "timestamp": "2026-09-20T07:58:37.154317Z"}
{"updated": 5, "event": "sync_traffic.done", "level": "info", "timestamp": "2026-09-20T08:13:37.205875Z"}
{"updated": 5, "event": "sync_traffic.done", "level": "info", "timestamp": "2026-09-20T08:28:37.196477Z"}
{"updated": 5, "event": "sync_traffic.done", "level": "info", "timestamp": "2026-09-20T08:43:37.192052Z"}
{"updated": 5, "event": "sync_traffic.done", "level": "info", "timestamp": "2026-09-20T08:58:37.347144Z"}
{"updated": 5, "event": "sync_traffic.done", "level": "info", "timestamp": "2026-09-20T09:13:37.197058Z"}
{"updated": 5, "event": "sync_traffic.done", "level": "info", "timestamp": "2026-09-20T09:28:37.162239Z"}
{"updated": 5, "event": "sync_traffic.done", "level": "info", "timestamp": "2026-09-20T09:43:37.187639Z"}
{"updated": 5, "event": "sync_traffic.done", "level": "info", "timestamp": "2026-09-20T09:58:37.190315Z"}
{"updated": 5, "event": "sync_traffic.done", "level": "info", "timestamp": "2026-09-20T10:13:37.211444Z"}
{"updated": 5, "event": "sync_traffic.done", "level": "info", "timestamp": "2026-09-20T10:28:37.207662Z"}
{"updated": 5, "event": "sync_traffic.done", "level": "info", "timestamp": "2026-09-20T10:43:37.204155Z"}
{"updated": 5, "event": "sync_traffic.done", "level": "info", "timestamp": "2026-09-20T10:58:37.239465Z"}
{"updated": 5, "event": "sync_traffic.done", "level": "info", "timestamp": "2026-09-20T11:13:37.179933Z"}
{"updated": 5, "event": "sync_traffic.done", "level": "info", "timestamp": "2026-09-20T11:28:37.148339Z"}
{"updated": 5, "event": "sync_traffic.done", "level": "info", "timestamp": "2026-09-20T11:43:37.155992Z"}
{"updated": 5, "event": "sync_traffic.done", "level": "info", "timestamp": "2026-09-20T11:58:37.249423Z"}
{"updated": 5, "event": "sync_traffic.done", "level": "info", "timestamp": "2026-09-20T12:13:37.214838Z"}
{"updated": 5, "event": "sync_traffic.done", "level": "info", "timestamp": "2026-09-20T12:28:37.221639Z"}
{"updated": 5, "event": "sync_traffic.done", "level": "info", "timestamp": "2026-09-20T12:43:37.198441Z"}
{"updated": 5, "event": "sync_traffic.done", "level": "info", "timestamp": "2026-09-20T12:58:37.167572Z"}
{"updated": 5, "event": "sync_traffic.done", "level": "info", "timestamp": "2026-09-20T13:13:37.206182Z"}
{"updated": 5, "event": "sync_traffic.done", "level": "info", "timestamp": "2026-09-20T13:28:37.218254Z"}
{"updated": 5, "event": "sync_traffic.done", "level": "info", "timestamp": "2026-09-20T13:43:37.217474Z"}
{"updated": 5, "event": "sync_traffic.done", "level": "info", "timestamp": "2026-09-20T13:58:37.231032Z"}
{"updated": 5, "event": "sync_traffic.done", "level": "info", "timestamp": "2026-09-20T14:13:37.199069Z"}
{"updated": 5, "event": "sync_traffic.done", "level": "info", "timestamp": "2026-09-20T14:28:37.243838Z"}
{"updated": 5, "event": "sync_traffic.done", "level": "info", "timestamp": "2026-09-20T14:43:37.185755Z"}
{"updated": 5, "event": "sync_traffic.done", "level": "info", "timestamp": "2026-09-20T14:58:37.579919Z"}
{"updated": 5, "event": "sync_traffic.done", "level": "info", "timestamp": "2026-09-20T15:13:37.248084Z"}
{"updated": 5, "event": "sync_traffic.done", "level": "info", "timestamp": "2026-09-20T15:28:37.186810Z"}
{"updated": 5, "event": "sync_traffic.done", "level": "info", "timestamp": "2026-09-20T15:43:37.172464Z"}
{"updated": 5, "event": "sync_traffic.done", "level": "info", "timestamp": "2026-09-20T15:58:37.199372Z"}
{"updated": 5, "event": "sync_traffic.done", "level": "info", "timestamp": "2026-09-20T16:13:37.176189Z"}
{"updated": 5, "event": "sync_traffic.done", "level": "info", "timestamp": "2026-09-20T16:28:37.255669Z"}
{"updated": 5, "event": "sync_traffic.done", "level": "info", "timestamp": "2026-09-20T16:43:37.184292Z"}
{"updated": 5, "event": "sync_traffic.done", "level": "info", "timestamp": "2026-09-20T16:58:37.362777Z"}
{"updated": 5, "event": "sync_traffic.done", "level": "info", "timestamp": "2026-09-20T17:13:37.212635Z"}
{"updated": 5, "event": "sync_traffic.done", "level": "info", "timestamp": "2026-09-20T17:28:37.245581Z"}
{"updated": 5, "event": "sync_traffic.done", "level": "info", "timestamp": "2026-09-20T17:43:37.281201Z"}
{"updated": 5, "event": "sync_traffic.done", "level": "info", "timestamp": "2026-09-20T17:58:37.261136Z"}
{"updated": 5, "event": "sync_traffic.done", "level": "info", "timestamp": "2026-09-20T18:13:37.333429Z"}
{"updated": 5, "event": "sync_traffic.done", "level": "info", "timestamp": "2026-09-20T18:28:37.255727Z"}
{"updated": 5, "event": "sync_traffic.done", "level": "info", "timestamp": "2026-09-20T18:43:37.309680Z"}
{"updated": 5, "event": "sync_traffic.done", "level": "info", "timestamp": "2026-09-20T18:58:37.296545Z"}
{"updated": 5, "event": "sync_traffic.done", "level": "info", "timestamp": "2026-09-20T19:13:37.154484Z"}
{"updated": 5, "event": "sync_traffic.done", "level": "info", "timestamp": "2026-09-20T19:28:37.266691Z"}
{"updated": 5, "event": "sync_traffic.done", "level": "info", "timestamp": "2026-09-20T19:43:37.219555Z"}
{"updated": 5, "event": "sync_traffic.done", "level": "info", "timestamp": "2026-09-20T19:58:37.248193Z"}
{"updated": 5, "event": "sync_traffic.done", "level": "info", "timestamp": "2026-09-20T20:13:37.271057Z"}
{"updated": 5, "event": "sync_traffic.done", "level": "info", "timestamp": "2026-09-20T20:28:37.289587Z"}
{"updated": 5, "event": "sync_traffic.done", "level": "info", "timestamp": "2026-09-20T20:43:37.177689Z"}
{"updated": 5, "event": "sync_traffic.done", "level": "info", "timestamp": "2026-09-20T20:58:37.522409Z"}
{"updated": 5, "event": "sync_traffic.done", "level": "info", "timestamp": "2026-09-20T21:13:37.169775Z"}
{"updated": 5, "event": "sync_traffic.done", "level": "info", "timestamp": "2026-09-20T21:28:37.227042Z"}
{"updated": 5, "event": "sync_traffic.done", "level": "info", "timestamp": "2026-09-20T21:43:37.109843Z"}
{"updated": 5, "event": "sync_traffic.done", "level": "info", "timestamp": "2026-09-20T21:58:37.220489Z"}
{"updated": 5, "event": "sync_traffic.done", "level": "info", "timestamp": "2026-09-20T22:13:37.279265Z"}
{"updated": 5, "event": "sync_traffic.done", "level": "info", "timestamp": "2026-09-20T22:28:37.164306Z"}
{"updated": 5, "event": "sync_traffic.done", "level": "info", "timestamp": "2026-09-20T22:43:37.142667Z"}
{"updated": 5, "event": "sync_traffic.done", "level": "info", "timestamp": "2026-09-20T22:58:37.210544Z"}
{"updated": 5, "event": "sync_traffic.done", "level": "info", "timestamp": "2026-09-20T23:13:37.141561Z"}
{"updated": 5, "event": "sync_traffic.done", "level": "info", "timestamp": "2026-09-20T23:28:37.243365Z"}
{"updated": 5, "event": "sync_traffic.done", "level": "info", "timestamp": "2026-09-20T23:43:37.250191Z"}
{"updated": 5, "event": "sync_traffic.done", "level": "info", "timestamp": "2026-09-20T23:58:37.147595Z"}
{"updated": 5, "event": "sync_traffic.done", "level": "info", "timestamp": "2026-09-21T00:13:37.172082Z"}
{"updated": 5, "event": "sync_traffic.done", "level": "info", "timestamp": "2026-09-21T00:28:37.128605Z"}
{"updated": 5, "event": "sync_traffic.done", "level": "info", "timestamp": "2026-09-21T00:43:37.107142Z"}
{"updated": 5, "event": "sync_traffic.done", "level": "info", "timestamp": "2026-09-21T00:58:37.146242Z"}
{"updated": 5, "event": "sync_traffic.done", "level": "info", "timestamp": "2026-09-21T01:13:37.195707Z"}
{"updated": 5, "event": "sync_traffic.done", "level": "info", "timestamp": "2026-09-21T01:28:37.180933Z"}
{"updated": 5, "event": "sync_traffic.done", "level": "info", "timestamp": "2026-09-21T01:43:37.169757Z"}
{"updated": 5, "event": "sync_traffic.done", "level": "info", "timestamp": "2026-09-21T01:58:37.098385Z"}
{"updated": 5, "event": "sync_traffic.done", "level": "info", "timestamp": "2026-09-21T02:13:37.069608Z"}
{"updated": 5, "event": "sync_traffic.done", "level": "info", "timestamp": "2026-09-21T02:28:37.128313Z"}
{"updated": 5, "event": "sync_traffic.done", "level": "info", "timestamp": "2026-09-21T02:43:37.182581Z"}
{"updated": 5, "event": "sync_traffic.done", "level": "info", "timestamp": "2026-09-21T02:58:37.314941Z"}
{"updated": 5, "event": "sync_traffic.done", "level": "info", "timestamp": "2026-09-21T03:13:37.101639Z"}
{"updated": 5, "event": "sync_traffic.done", "level": "info", "timestamp": "2026-09-21T03:28:37.173279Z"}
{"updated": 5, "event": "sync_traffic.done", "level": "info", "timestamp": "2026-09-21T03:43:37.118432Z"}
{"updated": 5, "event": "sync_traffic.done", "level": "info", "timestamp": "2026-09-21T03:58:37.181586Z"}
{"updated": 5, "event": "sync_traffic.done", "level": "info", "timestamp": "2026-09-21T04:13:37.180183Z"}
{"updated": 5, "event": "sync_traffic.done", "level": "info", "timestamp": "2026-09-21T04:28:37.178432Z"}
{"updated": 5, "event": "sync_traffic.done", "level": "info", "timestamp": "2026-09-21T04:43:37.315030Z"}
{"updated": 5, "event": "sync_traffic.done", "level": "info", "timestamp": "2026-09-21T04:58:37.183080Z"}
{"updated": 5, "event": "sync_traffic.done", "level": "info", "timestamp": "2026-09-21T05:13:37.176112Z"}
{"updated": 5, "event": "sync_traffic.done", "level": "info", "timestamp": "2026-09-21T05:28:37.117646Z"}
{"updated": 5, "event": "sync_traffic.done", "level": "info", "timestamp": "2026-09-21T05:43:37.224115Z"}
{"updated": 5, "event": "sync_traffic.done", "level": "info", "timestamp": "2026-09-21T05:58:37.178767Z"}
{"updated": 5, "event": "sync_traffic.done", "level": "info", "timestamp": "2026-09-21T06:13:37.196425Z"}
{"updated": 5, "event": "sync_traffic.done", "level": "info", "timestamp": "2026-09-21T06:28:37.181996Z"}
{"updated": 5, "event": "sync_traffic.done", "level": "info", "timestamp": "2026-09-21T06:43:37.099422Z"}
{"updated": 5, "event": "sync_traffic.done", "level": "info", "timestamp": "2026-09-21T06:58:37.247163Z"}
{"updated": 5, "event": "sync_traffic.done", "level": "info", "timestamp": "2026-09-21T07:13:37.167145Z"}
{"updated": 5, "event": "sync_traffic.done", "level": "info", "timestamp": "2026-09-21T07:28:37.183283Z"}
{"updated": 5, "event": "sync_traffic.done", "level": "info", "timestamp": "2026-09-21T07:43:37.310853Z"}
{"updated": 5, "event": "sync_traffic.done", "level": "info", "timestamp": "2026-09-21T07:58:37.224608Z"}
{"updated": 5, "event": "sync_traffic.done", "level": "info", "timestamp": "2026-09-21T08:13:37.137542Z"}
{"updated": 5, "event": "sync_traffic.done", "level": "info", "timestamp": "2026-09-21T08:28:37.157787Z"}
{"updated": 5, "event": "sync_traffic.done", "level": "info", "timestamp": "2026-09-21T08:43:37.194768Z"}
{"base": "http://31.57.26.84:56004/fN0g3TKuhsLFJnqOfl", "event": "xui.session_expired", "level": "info", "timestamp": "2026-09-21T08:58:36.659358Z"}
{"base": "http://31.57.26.84:56004/fN0g3TKuhsLFJnqOfl", "event": "xui.session_expired", "level": "info", "timestamp": "2026-09-21T08:58:36.782210Z"}
{"updated": 5, "event": "sync_traffic.done", "level": "info", "timestamp": "2026-09-21T08:58:37.647328Z"}
{"updated": 5, "event": "sync_traffic.done", "level": "info", "timestamp": "2026-09-21T09:13:37.170242Z"}
{"updated": 5, "event": "sync_traffic.done", "level": "info", "timestamp": "2026-09-21T09:28:37.218564Z"}
{"updated": 5, "event": "sync_traffic.done", "level": "info", "timestamp": "2026-09-21T09:43:37.203143Z"}
{"updated": 5, "event": "sync_traffic.done", "level": "info", "timestamp": "2026-09-21T09:58:37.315754Z"}
{"updated": 5, "event": "sync_traffic.done", "level": "info", "timestamp": "2026-09-21T10:13:37.162436Z"}
{"updated": 5, "event": "sync_traffic.done", "level": "info", "timestamp": "2026-09-21T10:28:37.171412Z"}
{"updated": 5, "event": "sync_traffic.done", "level": "info", "timestamp": "2026-09-21T10:43:37.171685Z"}
{"updated": 5, "event": "sync_traffic.done", "level": "info", "timestamp": "2026-09-21T10:58:37.203552Z"}
{"updated": 5, "event": "sync_traffic.done", "level": "info", "timestamp": "2026-09-21T11:13:37.121889Z"}
{"updated": 5, "event": "sync_traffic.done", "level": "info", "timestamp": "2026-09-21T11:28:37.208871Z"}
{"updated": 5, "event": "sync_traffic.done", "level": "info", "timestamp": "2026-09-21T11:43:37.151472Z"}
{"updated": 5, "event": "sync_traffic.done", "level": "info", "timestamp": "2026-09-21T11:58:37.327633Z"}
{"updated": 5, "event": "sync_traffic.done", "level": "info", "timestamp": "2026-09-21T12:13:37.154445Z"}
{"updated": 5, "event": "sync_traffic.done", "level": "info", "timestamp": "2026-09-21T12:28:37.204688Z"}
{"updated": 5, "event": "sync_traffic.done", "level": "info", "timestamp": "2026-09-21T12:43:37.197484Z"}
{"updated": 5, "event": "sync_traffic.done", "level": "info", "timestamp": "2026-09-21T12:58:37.175390Z"}
{"updated": 5, "event": "sync_traffic.done", "level": "info", "timestamp": "2026-09-21T13:13:37.191614Z"}
{"updated": 5, "event": "sync_traffic.done", "level": "info", "timestamp": "2026-09-21T13:28:37.247973Z"}
{"updated": 5, "event": "sync_traffic.done", "level": "info", "timestamp": "2026-09-21T13:43:37.231138Z"}
{"updated": 5, "event": "sync_traffic.done", "level": "info", "timestamp": "2026-09-21T13:58:37.250276Z"}
{"updated": 5, "event": "sync_traffic.done", "level": "info", "timestamp": "2026-09-21T14:13:37.145859Z"}
{"updated": 5, "event": "sync_traffic.done", "level": "info", "timestamp": "2026-09-21T14:28:37.300379Z"}
{"updated": 5, "event": "sync_traffic.done", "level": "info", "timestamp": "2026-09-21T14:43:37.187434Z"}
{"updated": 5, "event": "sync_traffic.done", "level": "info", "timestamp": "2026-09-21T14:58:37.537635Z"}
{"updated": 5, "event": "sync_traffic.done", "level": "info", "timestamp": "2026-09-21T15:13:37.178896Z"}
{"updated": 5, "event": "sync_traffic.done", "level": "info", "timestamp": "2026-09-21T15:28:37.174264Z"}
{"updated": 5, "event": "sync_traffic.done", "level": "info", "timestamp": "2026-09-21T15:43:37.167269Z"}
{"updated": 5, "event": "sync_traffic.done", "level": "info", "timestamp": "2026-09-21T15:58:37.275567Z"}
{"updated": 5, "event": "sync_traffic.done", "level": "info", "timestamp": "2026-09-21T16:13:37.175452Z"}
{"updated": 5, "event": "sync_traffic.done", "level": "info", "timestamp": "2026-09-21T16:28:37.206954Z"}
{"updated": 5, "event": "sync_traffic.done", "level": "info", "timestamp": "2026-09-21T16:43:37.163313Z"}
{"updated": 5, "event": "sync_traffic.done", "level": "info", "timestamp": "2026-09-21T16:58:37.211727Z"}
{"updated": 5, "event": "sync_traffic.done", "level": "info", "timestamp": "2026-09-21T17:13:37.240584Z"}
{"updated": 5, "event": "sync_traffic.done", "level": "info", "timestamp": "2026-09-21T17:28:37.308589Z"}
{"updated": 5, "event": "sync_traffic.done", "level": "info", "timestamp": "2026-09-21T17:43:37.242261Z"}
{"updated": 5, "event": "sync_traffic.done", "level": "info", "timestamp": "2026-09-21T17:58:37.283582Z"}
{"updated": 5, "event": "sync_traffic.done", "level": "info", "timestamp": "2026-09-21T18:13:37.183100Z"}
{"updated": 5, "event": "sync_traffic.done", "level": "info", "timestamp": "2026-09-21T18:28:37.213751Z"}
{"updated": 5, "event": "sync_traffic.done", "level": "info", "timestamp": "2026-09-21T18:43:37.174278Z"}
{"updated": 5, "event": "sync_traffic.done", "level": "info", "timestamp": "2026-09-21T18:58:37.233642Z"}
{"updated": 5, "event": "sync_traffic.done", "level": "info", "timestamp": "2026-09-21T19:13:37.200652Z"}
{"updated": 5, "event": "sync_traffic.done", "level": "info", "timestamp": "2026-09-21T19:28:37.232031Z"}
{"updated": 5, "event": "sync_traffic.done", "level": "info", "timestamp": "2026-09-21T19:43:37.107796Z"}
{"updated": 5, "event": "sync_traffic.done", "level": "info", "timestamp": "2026-09-21T19:58:37.240126Z"}
{"updated": 5, "event": "sync_traffic.done", "level": "info", "timestamp": "2026-09-21T20:13:37.266025Z"}
{"updated": 5, "event": "sync_traffic.done", "level": "info", "timestamp": "2026-09-21T20:28:37.171150Z"}
{"updated": 5, "event": "sync_traffic.done", "level": "info", "timestamp": "2026-09-21T20:43:37.169257Z"}
{"updated": 5, "event": "sync_traffic.done", "level": "info", "timestamp": "2026-09-21T20:58:37.390230Z"}
{"updated": 5, "event": "sync_traffic.done", "level": "info", "timestamp": "2026-09-21T21:13:37.171295Z"}
{"updated": 5, "event": "sync_traffic.done", "level": "info", "timestamp": "2026-09-21T21:28:37.161753Z"}
{"updated": 5, "event": "sync_traffic.done", "level": "info", "timestamp": "2026-09-21T21:43:37.222485Z"}
{"updated": 5, "event": "sync_traffic.done", "level": "info", "timestamp": "2026-09-21T21:58:37.147316Z"}
{"updated": 5, "event": "sync_traffic.done", "level": "info", "timestamp": "2026-09-21T22:13:37.126342Z"}
{"updated": 5, "event": "sync_traffic.done", "level": "info", "timestamp": "2026-09-21T22:28:37.129902Z"}
{"updated": 5, "event": "sync_traffic.done", "level": "info", "timestamp": "2026-09-21T22:43:37.150707Z"}
{"updated": 5, "event": "sync_traffic.done", "level": "info", "timestamp": "2026-09-21T22:58:37.145990Z"}
{"updated": 5, "event": "sync_traffic.done", "level": "info", "timestamp": "2026-09-21T23:13:37.133779Z"}
{"updated": 5, "event": "sync_traffic.done", "level": "info", "timestamp": "2026-09-21T23:28:37.108004Z"}
{"updated": 5, "event": "sync_traffic.done", "level": "info", "timestamp": "2026-09-21T23:43:37.207427Z"}
{"updated": 5, "event": "sync_traffic.done", "level": "info", "timestamp": "2026-09-21T23:58:37.181482Z"}
{"updated": 5, "event": "sync_traffic.done", "level": "info", "timestamp": "2026-09-22T00:13:37.142305Z"}
{"updated": 5, "event": "sync_traffic.done", "level": "info", "timestamp": "2026-09-22T00:28:37.140782Z"}
{"updated": 5, "event": "sync_traffic.done", "level": "info", "timestamp": "2026-09-22T00:43:37.110574Z"}
{"updated": 5, "event": "sync_traffic.done", "level": "info", "timestamp": "2026-09-22T00:58:37.131745Z"}
{"updated": 5, "event": "sync_traffic.done", "level": "info", "timestamp": "2026-09-22T01:13:37.108243Z"}
{"updated": 5, "event": "sync_traffic.done", "level": "info", "timestamp": "2026-09-22T01:28:37.102420Z"}
{"updated": 5, "event": "sync_traffic.done", "level": "info", "timestamp": "2026-09-22T01:43:37.089595Z"}
{"updated": 5, "event": "sync_traffic.done", "level": "info", "timestamp": "2026-09-22T01:58:37.321377Z"}
{"updated": 5, "event": "sync_traffic.done", "level": "info", "timestamp": "2026-09-22T02:13:37.093158Z"}
{"updated": 5, "event": "sync_traffic.done", "level": "info", "timestamp": "2026-09-22T02:28:37.241341Z"}
{"updated": 5, "event": "sync_traffic.done", "level": "info", "timestamp": "2026-09-22T02:43:37.133470Z"}
{"updated": 5, "event": "sync_traffic.done", "level": "info", "timestamp": "2026-09-22T02:58:37.496261Z"}
{"updated": 5, "event": "sync_traffic.done", "level": "info", "timestamp": "2026-09-22T03:13:37.195556Z"}
{"updated": 5, "event": "sync_traffic.done", "level": "info", "timestamp": "2026-09-22T03:28:37.332339Z"}
Failed to fetch updates - TelegramNetworkError: HTTP Client says - ClientOSError: [Errno 104] Connection reset by peer
Sleep for 1.000000 seconds and try again... (tryings = 0, bot id = 8746092424)
Connection established (tryings = 1, bot id = 8746092424)
{"updated": 5, "event": "sync_traffic.done", "level": "info", "timestamp": "2026-09-22T03:43:37.111744Z"}
{"updated": 5, "event": "sync_traffic.done", "level": "info", "timestamp": "2026-09-22T03:58:37.162716Z"}
{"updated": 5, "event": "sync_traffic.done", "level": "info", "timestamp": "2026-09-22T04:13:37.122294Z"}
{"updated": 5, "event": "sync_traffic.done", "level": "info", "timestamp": "2026-09-22T04:28:37.332007Z"}
{"updated": 5, "event": "sync_traffic.done", "level": "info", "timestamp": "2026-09-22T04:43:37.233815Z"}
{"updated": 5, "event": "sync_traffic.done", "level": "info", "timestamp": "2026-09-22T04:58:37.140791Z"}
{"updated": 5, "event": "sync_traffic.done", "level": "info", "timestamp": "2026-09-22T05:13:37.134108Z"}
{"updated": 5, "event": "sync_traffic.done", "level": "info", "timestamp": "2026-09-22T05:28:37.158702Z"}
{"updated": 5, "event": "sync_traffic.done", "level": "info", "timestamp": "2026-09-22T05:43:37.133272Z"}
{"updated": 5, "event": "sync_traffic.done", "level": "info", "timestamp": "2026-09-22T05:58:37.193418Z"}
{"updated": 5, "event": "sync_traffic.done", "level": "info", "timestamp": "2026-09-22T06:13:37.169434Z"}
{"updated": 5, "event": "sync_traffic.done", "level": "info", "timestamp": "2026-09-22T06:28:37.178271Z"}
{"updated": 5, "event": "sync_traffic.done", "level": "info", "timestamp": "2026-09-22T06:43:37.136156Z"}
{"updated": 5, "event": "sync_traffic.done", "level": "info", "timestamp": "2026-09-22T06:58:37.195006Z"}
{"updated": 5, "event": "sync_traffic.done", "level": "info", "timestamp": "2026-09-22T07:13:37.185273Z"}
{"updated": 5, "event": "sync_traffic.done", "level": "info", "timestamp": "2026-09-22T07:28:37.188373Z"}
{"updated": 5, "event": "sync_traffic.done", "level": "info", "timestamp": "2026-09-22T07:43:37.250724Z"}
{"updated": 5, "event": "sync_traffic.done", "level": "info", "timestamp": "2026-09-22T07:58:37.223052Z"}
{"updated": 5, "event": "sync_traffic.done", "level": "info", "timestamp": "2026-09-22T08:13:37.171757Z"}
{"updated": 5, "event": "sync_traffic.done", "level": "info", "timestamp": "2026-09-22T08:28:37.193428Z"}
{"updated": 5, "event": "sync_traffic.done", "level": "info", "timestamp": "2026-09-22T08:43:37.259890Z"}
{"updated": 5, "event": "sync_traffic.done", "level": "info", "timestamp": "2026-09-22T08:58:37.329367Z"}
{"updated": 5, "event": "sync_traffic.done", "level": "info", "timestamp": "2026-09-22T09:13:37.203296Z"}
{"updated": 5, "event": "sync_traffic.done", "level": "info", "timestamp": "2026-09-22T09:28:37.213590Z"}
{"updated": 5, "event": "sync_traffic.done", "level": "info", "timestamp": "2026-09-22T09:43:37.134423Z"}
{"updated": 5, "event": "sync_traffic.done", "level": "info", "timestamp": "2026-09-22T09:58:37.224162Z"}
{"updated": 5, "event": "sync_traffic.done", "level": "info", "timestamp": "2026-09-22T10:13:37.235608Z"}
{"updated": 5, "event": "sync_traffic.done", "level": "info", "timestamp": "2026-09-22T10:28:37.213916Z"}
{"updated": 5, "event": "sync_traffic.done", "level": "info", "timestamp": "2026-09-22T10:43:37.082179Z"}
{"updated": 5, "event": "sync_traffic.done", "level": "info", "timestamp": "2026-09-22T10:58:37.229456Z"}
{"updated": 5, "event": "sync_traffic.done", "level": "info", "timestamp": "2026-09-22T11:13:37.244573Z"}
{"updated": 5, "event": "sync_traffic.done", "level": "info", "timestamp": "2026-09-22T11:28:37.211085Z"}
{"updated": 5, "event": "sync_traffic.done", "level": "info", "timestamp": "2026-09-22T11:43:37.172637Z"}
{"updated": 5, "event": "sync_traffic.done", "level": "info", "timestamp": "2026-09-22T11:58:37.257718Z"}
{"updated": 5, "event": "sync_traffic.done", "level": "info", "timestamp": "2026-09-22T12:13:37.236618Z"}
{"updated": 5, "event": "sync_traffic.done", "level": "info", "timestamp": "2026-09-22T12:28:37.242634Z"}
{"updated": 5, "event": "sync_traffic.done", "level": "info", "timestamp": "2026-09-22T12:43:37.162357Z"}
{"updated": 5, "event": "sync_traffic.done", "level": "info", "timestamp": "2026-09-22T12:58:37.218250Z"}
{"updated": 5, "event": "sync_traffic.done", "level": "info", "timestamp": "2026-09-22T13:13:37.215170Z"}
{"updated": 5, "event": "sync_traffic.done", "level": "info", "timestamp": "2026-09-22T13:28:37.238346Z"}
{"updated": 5, "event": "sync_traffic.done", "level": "info", "timestamp": "2026-09-22T13:43:37.171691Z"}
{"updated": 5, "event": "sync_traffic.done", "level": "info", "timestamp": "2026-09-22T13:58:37.234606Z"}
{"updated": 5, "event": "sync_traffic.done", "level": "info", "timestamp": "2026-09-22T14:13:37.139760Z"}
{"updated": 5, "event": "sync_traffic.done", "level": "info", "timestamp": "2026-09-22T14:28:37.220616Z"}
{"updated": 5, "event": "sync_traffic.done", "level": "info", "timestamp": "2026-09-22T14:43:37.184572Z"}
{"updated": 5, "event": "sync_traffic.done", "level": "info", "timestamp": "2026-09-22T14:58:37.510088Z"}
{"updated": 5, "event": "sync_traffic.done", "level": "info", "timestamp": "2026-09-22T15:13:37.294079Z"}
{"updated": 5, "event": "sync_traffic.done", "level": "info", "timestamp": "2026-09-22T15:28:37.220543Z"}
{"updated": 5, "event": "sync_traffic.done", "level": "info", "timestamp": "2026-09-22T15:43:37.095066Z"}
{"updated": 5, "event": "sync_traffic.done", "level": "info", "timestamp": "2026-09-22T15:58:37.199302Z"}
{"updated": 5, "event": "sync_traffic.done", "level": "info", "timestamp": "2026-09-22T16:13:37.189463Z"}
{"updated": 5, "event": "sync_traffic.done", "level": "info", "timestamp": "2026-09-22T16:28:37.277811Z"}
{"updated": 5, "event": "sync_traffic.done", "level": "info", "timestamp": "2026-09-22T16:43:37.155729Z"}
{"updated": 5, "event": "sync_traffic.done", "level": "info", "timestamp": "2026-09-22T16:58:37.291097Z"}
Update id=711252358 is handled. Duration 187 ms by bot id=8746092424
{"telegram_id": 2044461386, "event": "start.site_code_issued", "level": "info", "timestamp": "2026-09-22T17:06:05.991333Z"}
Update id=711252359 is handled. Duration 502 ms by bot id=8746092424
{"sub_id": 21, "email": "tg2044461386-28a8008c", "server": "nl", "plan": "trial", "event": "grant.ok", "level": "info", "timestamp": "2026-09-22T17:06:15.012426Z"}
Update id=711252360 is handled. Duration 598 ms by bot id=8746092424
{"updated": 6, "event": "sync_traffic.done", "level": "info", "timestamp": "2026-09-22T17:13:37.049071Z"}
{"updated": 6, "event": "sync_traffic.done", "level": "info", "timestamp": "2026-09-22T17:28:37.317553Z"}
{"updated": 6, "event": "sync_traffic.done", "level": "info", "timestamp": "2026-09-22T17:43:37.234030Z"}
Update id=711252361 is handled. Duration 255 ms by bot id=8746092424
Update id=711252362 is handled. Duration 216 ms by bot id=8746092424
Update id=711252363 is handled. Duration 135 ms by bot id=8746092424
Update id=711252364 is handled. Duration 139 ms by bot id=8746092424
{"sent": 1, "event": "notify_expiring.done", "level": "info", "timestamp": "2026-09-22T17:58:36.765267Z"}
{"updated": 6, "event": "sync_traffic.done", "level": "info", "timestamp": "2026-09-22T17:58:37.296467Z"}
{"updated": 6, "event": "sync_traffic.done", "level": "info", "timestamp": "2026-09-22T18:13:37.285640Z"}
{"updated": 6, "event": "sync_traffic.done", "level": "info", "timestamp": "2026-09-22T18:28:37.256314Z"}
{"updated": 6, "event": "sync_traffic.done", "level": "info", "timestamp": "2026-09-22T18:43:37.225277Z"}
{"updated": 6, "event": "sync_traffic.done", "level": "info", "timestamp": "2026-09-22T18:58:37.217475Z"}
{"updated": 6, "event": "sync_traffic.done", "level": "info", "timestamp": "2026-09-22T19:13:37.229199Z"}
{"updated": 6, "event": "sync_traffic.done", "level": "info", "timestamp": "2026-09-22T19:28:37.225459Z"}
{"base": "http://31.57.250.7:2053", "event": "xui.session_expired", "level": "info", "timestamp": "2026-09-22T19:43:36.852814Z"}
{"email": "tg8468512348-2a3e82e8", "err": "csrf fetch failed: HTTP 404", "event": "sync.traffic_failed", "level": "warning", "timestamp": "2026-09-22T19:43:36.853165Z"}
{"base": "http://31.57.250.7:2053", "event": "xui.session_expired", "level": "info", "timestamp": "2026-09-22T19:43:36.884198Z"}
{"email": "tg8468512348-9f205ea7", "err": "csrf fetch failed: HTTP 404", "event": "sync.traffic_failed", "level": "warning", "timestamp": "2026-09-22T19:43:36.884451Z"}
{"base": "http://31.57.250.7:2053", "event": "xui.session_expired", "level": "info", "timestamp": "2026-09-22T19:43:36.915917Z"}
{"email": "tg8468512348-075991b6", "err": "csrf fetch failed: HTTP 404", "event": "sync.traffic_failed", "level": "warning", "timestamp": "2026-09-22T19:43:36.916110Z"}
{"base": "http://31.57.250.7:2053", "event": "xui.session_expired", "level": "info", "timestamp": "2026-09-22T19:43:36.947908Z"}
{"email": "tg2044461386-28a8008c", "err": "csrf fetch failed: HTTP 404", "event": "sync.traffic_failed", "level": "warning", "timestamp": "2026-09-22T19:43:36.948196Z"}
{"base": "http://31.57.250.7:2053", "event": "xui.session_expired", "level": "info", "timestamp": "2026-09-22T19:43:36.980782Z"}
{"email": "tg5469974674-0e21f1d5", "err": "csrf fetch failed: HTTP 404", "event": "sync.traffic_failed", "level": "warning", "timestamp": "2026-09-22T19:43:36.981061Z"}
{"updated": 1, "event": "sync_traffic.done", "level": "info", "timestamp": "2026-09-22T19:43:36.993400Z"}
{"base": "http://31.57.250.7:2053", "event": "xui.session_expired", "level": "info", "timestamp": "2026-09-22T19:58:36.925956Z"}
{"email": "tg8468512348-2a3e82e8", "err": "csrf fetch failed: HTTP 404", "event": "sync.traffic_failed", "level": "warning", "timestamp": "2026-09-22T19:58:36.926235Z"}
{"base": "http://31.57.250.7:2053", "event": "xui.session_expired", "level": "info", "timestamp": "2026-09-22T19:58:36.964434Z"}
{"email": "tg8468512348-9f205ea7", "err": "csrf fetch failed: HTTP 404", "event": "sync.traffic_failed", "level": "warning", "timestamp": "2026-09-22T19:58:36.964981Z"}
{"base": "http://31.57.250.7:2053", "event": "xui.session_expired", "level": "info", "timestamp": "2026-09-22T19:58:37.008332Z"}
{"email": "tg8468512348-075991b6", "err": "csrf fetch failed: HTTP 404", "event": "sync.traffic_failed", "level": "warning", "timestamp": "2026-09-22T19:58:37.010450Z"}
{"base": "http://31.57.250.7:2053", "event": "xui.session_expired", "level": "info", "timestamp": "2026-09-22T19:58:37.054126Z"}
{"email": "tg2044461386-28a8008c", "err": "csrf fetch failed: HTTP 404", "event": "sync.traffic_failed", "level": "warning", "timestamp": "2026-09-22T19:58:37.054331Z"}
{"base": "http://31.57.250.7:2053", "event": "xui.session_expired", "level": "info", "timestamp": "2026-09-22T19:58:37.091865Z"}
{"email": "tg5469974674-0e21f1d5", "err": "csrf fetch failed: HTTP 404", "event": "sync.traffic_failed", "level": "warning", "timestamp": "2026-09-22T19:58:37.092037Z"}
{"updated": 1, "event": "sync_traffic.done", "level": "info", "timestamp": "2026-09-22T19:58:37.102227Z"}
Update id=711252365 is handled. Duration 357 ms by bot id=8746092424
Update id=711252366 is handled. Duration 142 ms by bot id=8746092424
Update id=711252367 is handled. Duration 441 ms by bot id=8746092424
{"base": "http://31.57.250.7:2053", "event": "xui.session_expired", "level": "info", "timestamp": "2026-09-22T20:13:36.964608Z"}
{"email": "tg8468512348-2a3e82e8", "err": "csrf fetch failed: HTTP 404", "event": "sync.traffic_failed", "level": "warning", "timestamp": "2026-09-22T20:13:36.964982Z"}
{"base": "http://31.57.250.7:2053", "event": "xui.session_expired", "level": "info", "timestamp": "2026-09-22T20:13:37.013405Z"}
{"email": "tg8468512348-9f205ea7", "err": "csrf fetch failed: HTTP 404", "event": "sync.traffic_failed", "level": "warning", "timestamp": "2026-09-22T20:13:37.015127Z"}
{"base": "http://31.57.250.7:2053", "event": "xui.session_expired", "level": "info", "timestamp": "2026-09-22T20:13:37.057537Z"}
{"email": "tg8468512348-075991b6", "err": "csrf fetch failed: HTTP 404", "event": "sync.traffic_failed", "level": "warning", "timestamp": "2026-09-22T20:13:37.058128Z"}
{"base": "http://31.57.250.7:2053", "event": "xui.session_expired", "level": "info", "timestamp": "2026-09-22T20:13:37.096588Z"}
{"email": "tg2044461386-28a8008c", "err": "csrf fetch failed: HTTP 404", "event": "sync.traffic_failed", "level": "warning", "timestamp": "2026-09-22T20:13:37.096807Z"}
{"base": "http://31.57.250.7:2053", "event": "xui.session_expired", "level": "info", "timestamp": "2026-09-22T20:13:37.136539Z"}
{"email": "tg5469974674-0e21f1d5", "err": "csrf fetch failed: HTTP 404", "event": "sync.traffic_failed", "level": "warning", "timestamp": "2026-09-22T20:13:37.136752Z"}
{"updated": 1, "event": "sync_traffic.done", "level": "info", "timestamp": "2026-09-22T20:13:37.146608Z"}
Update id=711252368 is handled. Duration 280 ms by bot id=8746092424
Update id=711252369 is handled. Duration 170 ms by bot id=8746092424
Update id=711252370 is handled. Duration 157 ms by bot id=8746092424
Update id=711252371 is handled. Duration 191 ms by bot id=8746092424
Update id=711252372 is handled. Duration 329 ms by bot id=8746092424
{"base": "http://31.57.250.7:2053", "event": "xui.session_expired", "level": "info", "timestamp": "2026-09-22T20:14:10.506173Z"}
{"email": "tg8468512348-bcd8536f", "err": "csrf fetch failed: HTTP 404", "event": "panel.add_client_failed", "level": "error", "timestamp": "2026-09-22T20:14:10.506702Z"}
Update id=711252373 is handled. Duration 279 ms by bot id=8746092424
{"base": "http://31.57.250.7:2053", "event": "xui.session_expired", "level": "info", "timestamp": "2026-09-22T20:14:13.811983Z"}
{"email": "tg8468512348-37a8a534", "err": "csrf fetch failed: HTTP 404", "event": "panel.add_client_failed", "level": "error", "timestamp": "2026-09-22T20:14:13.812204Z"}
Update id=711252374 is handled. Duration 134 ms by bot id=8746092424
Update id=711252375 is handled. Duration 118 ms by bot id=8746092424
Update id=711252376 is handled. Duration 145 ms by bot id=8746092424
Update id=711252377 is handled. Duration 232 ms by bot id=8746092424
{"base": "http://31.57.250.7:2053", "event": "xui.session_expired", "level": "info", "timestamp": "2026-09-22T20:14:19.843867Z"}
{"email": "tg8468512348-23c9ae13", "err": "csrf fetch failed: HTTP 404", "event": "panel.add_client_failed", "level": "error", "timestamp": "2026-09-22T20:14:19.844092Z"}
Update id=711252378 is handled. Duration 167 ms by bot id=8746092424
{"base": "http://31.57.250.7:2053", "event": "xui.session_expired", "level": "info", "timestamp": "2026-09-22T20:14:36.550783Z"}
{"payment_id": 61, "attempts": 2, "err": "csrf fetch failed: HTTP 404", "event": "retry.failed", "level": "warning", "timestamp": "2026-09-22T20:14:36.551627Z"}
{"base": "http://31.57.250.7:2053", "event": "xui.session_expired", "level": "info", "timestamp": "2026-09-22T20:14:36.607890Z"}
{"payment_id": 62, "attempts": 2, "err": "csrf fetch failed: HTTP 404", "event": "retry.failed", "level": "warning", "timestamp": "2026-09-22T20:14:36.608310Z"}
{"base": "http://31.57.250.7:2053", "event": "xui.session_expired", "level": "info", "timestamp": "2026-09-22T20:14:36.657437Z"}
{"payment_id": 63, "attempts": 2, "err": "csrf fetch failed: HTTP 404", "event": "retry.failed", "level": "warning", "timestamp": "2026-09-22T20:14:36.658208Z"}
{"base": "http://31.57.250.7:2053", "event": "xui.session_expired", "level": "info", "timestamp": "2026-09-22T20:16:36.555986Z"}
{"payment_id": 61, "attempts": 3, "err": "csrf fetch failed: HTTP 404", "event": "retry.failed", "level": "warning", "timestamp": "2026-09-22T20:16:36.556634Z"}
{"base": "http://31.57.250.7:2053", "event": "xui.session_expired", "level": "info", "timestamp": "2026-09-22T20:16:36.606157Z"}
{"payment_id": 62, "attempts": 3, "err": "csrf fetch failed: HTTP 404", "event": "retry.failed", "level": "warning", "timestamp": "2026-09-22T20:16:36.606632Z"}
{"base": "http://31.57.250.7:2053", "event": "xui.session_expired", "level": "info", "timestamp": "2026-09-22T20:16:36.669968Z"}
{"payment_id": 63, "attempts": 3, "err": "csrf fetch failed: HTTP 404", "event": "retry.failed", "level": "warning", "timestamp": "2026-09-22T20:16:36.671068Z"}
Update id=711252379 is handled. Duration 302 ms by bot id=8746092424
Update id=711252380 is handled. Duration 175 ms by bot id=8746092424
{"base": "http://31.57.250.7:2053", "event": "xui.session_expired", "level": "info", "timestamp": "2026-09-22T20:28:36.864200Z"}
{"email": "tg8468512348-2a3e82e8", "err": "csrf fetch failed: HTTP 404", "event": "sync.traffic_failed", "level": "warning", "timestamp": "2026-09-22T20:28:36.864591Z"}
{"base": "http://31.57.250.7:2053", "event": "xui.session_expired", "level": "info", "timestamp": "2026-09-22T20:28:36.903575Z"}
{"email": "tg8468512348-9f205ea7", "err": "csrf fetch failed: HTTP 404", "event": "sync.traffic_failed", "level": "warning", "timestamp": "2026-09-22T20:28:36.903745Z"}
{"base": "http://31.57.250.7:2053", "event": "xui.session_expired", "level": "info", "timestamp": "2026-09-22T20:28:36.940972Z"}
{"email": "tg8468512348-075991b6", "err": "csrf fetch failed: HTTP 404", "event": "sync.traffic_failed", "level": "warning", "timestamp": "2026-09-22T20:28:36.941263Z"}
{"base": "http://31.57.250.7:2053", "event": "xui.session_expired", "level": "info", "timestamp": "2026-09-22T20:28:36.979296Z"}
{"email": "tg2044461386-28a8008c", "err": "csrf fetch failed: HTTP 404", "event": "sync.traffic_failed", "level": "warning", "timestamp": "2026-09-22T20:28:36.979576Z"}
{"base": "http://31.57.250.7:2053", "event": "xui.session_expired", "level": "info", "timestamp": "2026-09-22T20:28:37.037231Z"}
{"email": "tg5469974674-0e21f1d5", "err": "csrf fetch failed: HTTP 404", "event": "sync.traffic_failed", "level": "warning", "timestamp": "2026-09-22T20:28:37.037830Z"}
{"updated": 1, "event": "sync_traffic.done", "level": "info", "timestamp": "2026-09-22T20:28:37.047869Z"}
{"base": "http://31.57.250.7:2053", "event": "xui.session_expired", "level": "info", "timestamp": "2026-09-22T20:43:36.975354Z"}
{"email": "tg8468512348-2a3e82e8", "err": "csrf fetch failed: HTTP 404", "event": "sync.traffic_failed", "level": "warning", "timestamp": "2026-09-22T20:43:36.975749Z"}
{"base": "http://31.57.250.7:2053", "event": "xui.session_expired", "level": "info", "timestamp": "2026-09-22T20:43:37.016949Z"}
{"email": "tg8468512348-9f205ea7", "err": "csrf fetch failed: HTTP 404", "event": "sync.traffic_failed", "level": "warning", "timestamp": "2026-09-22T20:43:37.017610Z"}
{"base": "http://31.57.250.7:2053", "event": "xui.session_expired", "level": "info", "timestamp": "2026-09-22T20:43:37.060292Z"}
{"email": "tg8468512348-075991b6", "err": "csrf fetch failed: HTTP 404", "event": "sync.traffic_failed", "level": "warning", "timestamp": "2026-09-22T20:43:37.060473Z"}
{"base": "http://31.57.250.7:2053", "event": "xui.session_expired", "level": "info", "timestamp": "2026-09-22T20:43:37.099356Z"}
{"email": "tg2044461386-28a8008c", "err": "csrf fetch failed: HTTP 404", "event": "sync.traffic_failed", "level": "warning", "timestamp": "2026-09-22T20:43:37.099591Z"}
{"base": "http://31.57.250.7:2053", "event": "xui.session_expired", "level": "info", "timestamp": "2026-09-22T20:43:37.137576Z"}
{"email": "tg5469974674-0e21f1d5", "err": "csrf fetch failed: HTTP 404", "event": "sync.traffic_failed", "level": "warning", "timestamp": "2026-09-22T20:43:37.137748Z"}
{"updated": 1, "event": "sync_traffic.done", "level": "info", "timestamp": "2026-09-22T20:43:37.147351Z"}
{"base": "http://31.57.250.7:2053", "event": "xui.session_expired", "level": "info", "timestamp": "2026-09-22T20:58:37.101440Z"}
{"base": "http://31.57.250.7:2053", "event": "xui.session_expired", "level": "info", "timestamp": "2026-09-22T20:58:37.133757Z"}
{"server": "nl", "err": "csrf fetch failed: HTTP 404", "event": "reconcile.panel_unreachable", "level": "warning", "timestamp": "2026-09-22T20:58:37.134050Z"}
{"email": "tg8468512348-2a3e82e8", "err": "csrf fetch failed: HTTP 404", "event": "sync.traffic_failed", "level": "warning", "timestamp": "2026-09-22T20:58:37.134535Z"}
{"base": "http://31.57.250.7:2053", "event": "xui.session_expired", "level": "info", "timestamp": "2026-09-22T20:58:37.166392Z"}
{"email": "tg8468512348-9f205ea7", "err": "csrf fetch failed: HTTP 404", "event": "sync.traffic_failed", "level": "warning", "timestamp": "2026-09-22T20:58:37.166602Z"}
{"base": "http://31.57.250.7:2053", "event": "xui.session_expired", "level": "info", "timestamp": "2026-09-22T20:58:37.198618Z"}
{"email": "tg8468512348-075991b6", "err": "csrf fetch failed: HTTP 404", "event": "sync.traffic_failed", "level": "warning", "timestamp": "2026-09-22T20:58:37.198882Z"}
{"base": "http://31.57.250.7:2053", "event": "xui.session_expired", "level": "info", "timestamp": "2026-09-22T20:58:37.230691Z"}
{"email": "tg2044461386-28a8008c", "err": "csrf fetch failed: HTTP 404", "event": "sync.traffic_failed", "level": "warning", "timestamp": "2026-09-22T20:58:37.230906Z"}
{"base": "http://31.57.250.7:2053", "event": "xui.session_expired", "level": "info", "timestamp": "2026-09-22T20:58:37.262468Z"}
{"email": "tg5469974674-0e21f1d5", "err": "csrf fetch failed: HTTP 404", "event": "sync.traffic_failed", "level": "warning", "timestamp": "2026-09-22T20:58:37.262753Z"}
{"updated": 1, "event": "sync_traffic.done", "level": "info", "timestamp": "2026-09-22T20:58:37.272323Z"}
{"base": "http://31.57.250.7:2053", "event": "xui.session_expired", "level": "info", "timestamp": "2026-09-22T21:13:36.953958Z"}
{"email": "tg8468512348-2a3e82e8", "err": "csrf fetch failed: HTTP 404", "event": "sync.traffic_failed", "level": "warning", "timestamp": "2026-09-22T21:13:36.954274Z"}
{"base": "http://31.57.250.7:2053", "event": "xui.session_expired", "level": "info", "timestamp": "2026-09-22T21:13:36.992616Z"}
{"email": "tg8468512348-9f205ea7", "err": "csrf fetch failed: HTTP 404", "event": "sync.traffic_failed", "level": "warning", "timestamp": "2026-09-22T21:13:36.992898Z"}
{"base": "http://31.57.250.7:2053", "event": "xui.session_expired", "level": "info", "timestamp": "2026-09-22T21:13:37.047256Z"}
{"email": "tg8468512348-075991b6", "err": "csrf fetch failed: HTTP 404", "event": "sync.traffic_failed", "level": "warning", "timestamp": "2026-09-22T21:13:37.047441Z"}
{"base": "http://31.57.250.7:2053", "event": "xui.session_expired", "level": "info", "timestamp": "2026-09-22T21:13:37.086882Z"}
{"email": "tg2044461386-28a8008c", "err": "csrf fetch failed: HTTP 404", "event": "sync.traffic_failed", "level": "warning", "timestamp": "2026-09-22T21:13:37.087085Z"}
{"base": "http://31.57.250.7:2053", "event": "xui.session_expired", "level": "info", "timestamp": "2026-09-22T21:13:37.128733Z"}
{"email": "tg5469974674-0e21f1d5", "err": "csrf fetch failed: HTTP 404", "event": "sync.traffic_failed", "level": "warning", "timestamp": "2026-09-22T21:13:37.129240Z"}
{"updated": 1, "event": "sync_traffic.done", "level": "info", "timestamp": "2026-09-22T21:13:37.140759Z"}
{"base": "http://31.57.250.7:2053", "event": "xui.session_expired", "level": "info", "timestamp": "2026-09-22T21:28:36.978492Z"}
{"email": "tg8468512348-2a3e82e8", "err": "csrf fetch failed: HTTP 404", "event": "sync.traffic_failed", "level": "warning", "timestamp": "2026-09-22T21:28:36.980054Z"}
{"base": "http://31.57.250.7:2053", "event": "xui.session_expired", "level": "info", "timestamp": "2026-09-22T21:28:37.024028Z"}
{"email": "tg8468512348-9f205ea7", "err": "csrf fetch failed: HTTP 404", "event": "sync.traffic_failed", "level": "warning", "timestamp": "2026-09-22T21:28:37.024305Z"}
{"base": "http://31.57.250.7:2053", "event": "xui.session_expired", "level": "info", "timestamp": "2026-09-22T21:28:37.070165Z"}
{"email": "tg8468512348-075991b6", "err": "csrf fetch failed: HTTP 404", "event": "sync.traffic_failed", "level": "warning", "timestamp": "2026-09-22T21:28:37.070414Z"}
{"base": "http://31.57.250.7:2053", "event": "xui.session_expired", "level": "info", "timestamp": "2026-09-22T21:28:37.110781Z"}
{"email": "tg2044461386-28a8008c", "err": "csrf fetch failed: HTTP 404", "event": "sync.traffic_failed", "level": "warning", "timestamp": "2026-09-22T21:28:37.110967Z"}
{"base": "http://31.57.250.7:2053", "event": "xui.session_expired", "level": "info", "timestamp": "2026-09-22T21:28:37.149797Z"}
{"email": "tg5469974674-0e21f1d5", "err": "csrf fetch failed: HTTP 404", "event": "sync.traffic_failed", "level": "warning", "timestamp": "2026-09-22T21:28:37.150014Z"}
{"updated": 1, "event": "sync_traffic.done", "level": "info", "timestamp": "2026-09-22T21:28:37.162067Z"}
{"base": "http://31.57.250.7:2053", "event": "xui.session_expired", "level": "info", "timestamp": "2026-09-22T21:43:37.221104Z"}
{"email": "tg8468512348-2a3e82e8", "err": "csrf fetch failed: HTTP 404", "event": "sync.traffic_failed", "level": "warning", "timestamp": "2026-09-22T21:43:37.221554Z"}
{"base": "http://31.57.250.7:2053", "event": "xui.session_expired", "level": "info", "timestamp": "2026-09-22T21:43:37.253903Z"}
{"email": "tg8468512348-9f205ea7", "err": "csrf fetch failed: HTTP 404", "event": "sync.traffic_failed", "level": "warning", "timestamp": "2026-09-22T21:43:37.254080Z"}
{"base": "http://31.57.250.7:2053", "event": "xui.session_expired", "level": "info", "timestamp": "2026-09-22T21:43:37.285626Z"}
{"email": "tg8468512348-075991b6", "err": "csrf fetch failed: HTTP 404", "event": "sync.traffic_failed", "level": "warning", "timestamp": "2026-09-22T21:43:37.285937Z"}
{"base": "http://31.57.250.7:2053", "event": "xui.session_expired", "level": "info", "timestamp": "2026-09-22T21:43:37.317712Z"}
{"email": "tg2044461386-28a8008c", "err": "csrf fetch failed: HTTP 404", "event": "sync.traffic_failed", "level": "warning", "timestamp": "2026-09-22T21:43:37.317954Z"}
{"base": "http://31.57.250.7:2053", "event": "xui.session_expired", "level": "info", "timestamp": "2026-09-22T21:43:37.349720Z"}
{"email": "tg5469974674-0e21f1d5", "err": "csrf fetch failed: HTTP 404", "event": "sync.traffic_failed", "level": "warning", "timestamp": "2026-09-22T21:43:37.349954Z"}
{"updated": 1, "event": "sync_traffic.done", "level": "info", "timestamp": "2026-09-22T21:43:37.362144Z"}
{"base": "http://31.57.250.7:2053", "event": "xui.session_expired", "level": "info", "timestamp": "2026-09-22T21:58:37.020366Z"}
{"email": "tg8468512348-2a3e82e8", "err": "csrf fetch failed: HTTP 404", "event": "sync.traffic_failed", "level": "warning", "timestamp": "2026-09-22T21:58:37.020998Z"}
{"base": "http://31.57.250.7:2053", "event": "xui.session_expired", "level": "info", "timestamp": "2026-09-22T21:58:37.065378Z"}
{"email": "tg8468512348-9f205ea7", "err": "csrf fetch failed: HTTP 404", "event": "sync.traffic_failed", "level": "warning", "timestamp": "2026-09-22T21:58:37.065587Z"}
{"base": "http://31.57.250.7:2053", "event": "xui.session_expired", "level": "info", "timestamp": "2026-09-22T21:58:37.103235Z"}
{"email": "tg8468512348-075991b6", "err": "csrf fetch failed: HTTP 404", "event": "sync.traffic_failed", "level": "warning", "timestamp": "2026-09-22T21:58:37.103401Z"}
{"base": "http://31.57.250.7:2053", "event": "xui.session_expired", "level": "info", "timestamp": "2026-09-22T21:58:37.142044Z"}
{"email": "tg2044461386-28a8008c", "err": "csrf fetch failed: HTTP 404", "event": "sync.traffic_failed", "level": "warning", "timestamp": "2026-09-22T21:58:37.142292Z"}
{"base": "http://31.57.250.7:2053", "event": "xui.session_expired", "level": "info", "timestamp": "2026-09-22T21:58:37.181870Z"}
{"email": "tg5469974674-0e21f1d5", "err": "csrf fetch failed: HTTP 404", "event": "sync.traffic_failed", "level": "warning", "timestamp": "2026-09-22T21:58:37.182170Z"}
{"updated": 1, "event": "sync_traffic.done", "level": "info", "timestamp": "2026-09-22T21:58:37.193155Z"}
Received SIGTERM signal
Polling stopped for bot @niro_vpn_bot id=8746092424 - 'NIRO VPN'
Polling stopped
Scheduler has been shut down
Adding job tentatively -- it will be properly scheduled when the scheduler starts
{"job": "sync_traffic", "event": "job.registered", "level": "info", "timestamp": "2026-09-22T22:07:51.904633Z"}
Adding job tentatively -- it will be properly scheduled when the scheduler starts
{"job": "expire_check", "event": "job.registered", "level": "info", "timestamp": "2026-09-22T22:07:51.905068Z"}
Adding job tentatively -- it will be properly scheduled when the scheduler starts
{"job": "notify_expiring", "event": "job.registered", "level": "info", "timestamp": "2026-09-22T22:07:51.905369Z"}
Adding job tentatively -- it will be properly scheduled when the scheduler starts
{"job": "cleanup_deleted", "event": "job.registered", "level": "info", "timestamp": "2026-09-22T22:07:51.905596Z"}
Adding job tentatively -- it will be properly scheduled when the scheduler starts
{"job": "reconcile_payments", "event": "job.registered", "level": "info", "timestamp": "2026-09-22T22:07:51.905769Z"}
Adding job tentatively -- it will be properly scheduled when the scheduler starts
{"job": "reconcile_panel", "event": "job.registered", "level": "info", "timestamp": "2026-09-22T22:07:51.906180Z"}
Adding job tentatively -- it will be properly scheduled when the scheduler starts
{"job": "retry_provisioning", "event": "job.registered", "level": "info", "timestamp": "2026-09-22T22:07:51.906387Z"}
Adding job tentatively -- it will be properly scheduled when the scheduler starts
{"job": "notify_web_manual", "event": "job.registered", "level": "info", "timestamp": "2026-09-22T22:07:51.906710Z"}
Added job "sync_traffic" to job store "default"
Added job "expire_check" to job store "default"
Added job "notify_expiring" to job store "default"
Added job "cleanup_deleted" to job store "default"
Added job "reconcile_payments" to job store "default"
Added job "reconcile_panel" to job store "default"
Added job "retry_provisioning" to job store "default"
Added job "notify_web_manual_payments" to job store "default"
Scheduler started
{"event": "scheduler.started", "level": "info", "timestamp": "2026-09-22T22:07:51.910285Z"}
{"event": "polling.started", "level": "info", "timestamp": "2026-09-22T22:07:52.155193Z"}
{"port": 8081, "event": "internal_api.started", "level": "info", "timestamp": "2026-09-22T22:07:52.437477Z"}
Start polling
Run polling for bot @niro_vpn_bot id=8746092424 - 'NIRO VPN'
Update id=711252382 is handled. Duration 261 ms by bot id=8746092424
Update id=711252383 is handled. Duration 204 ms by bot id=8746092424
Update id=711252384 is handled. Duration 161 ms by bot id=8746092424
Update id=711252385 is handled. Duration 116 ms by bot id=8746092424
Update id=711252386 is handled. Duration 206 ms by bot id=8746092424
Update id=711252387 is handled. Duration 150 ms by bot id=8746092424
Update id=711252388 is handled. Duration 106 ms by bot id=8746092424
Update id=711252389 is handled. Duration 160 ms by bot id=8746092424
{"sub_id": 25, "email": "tg8468512348-ca791fcc", "server": "fr-1", "plan": "1m", "event": "grant.ok", "level": "info", "timestamp": "2026-09-22T22:08:10.606864Z"}
Update id=711252390 is handled. Duration 697 ms by bot id=8746092424
Update id=711252391 is handled. Duration 209 ms by bot id=8746092424
{"base": "http://31.57.250.7:2053", "event": "xui.session_expired", "level": "info", "timestamp": "2026-09-22T22:22:52.489167Z"}
{"email": "tg8468512348-2a3e82e8", "err": "csrf fetch failed: HTTP 404", "event": "sync.traffic_failed", "level": "warning", "timestamp": "2026-09-22T22:22:52.489686Z"}
{"base": "http://31.57.250.7:2053", "event": "xui.session_expired", "level": "info", "timestamp": "2026-09-22T22:22:52.527314Z"}
{"email": "tg8468512348-9f205ea7", "err": "csrf fetch failed: HTTP 404", "event": "sync.traffic_failed", "level": "warning", "timestamp": "2026-09-22T22:22:52.527755Z"}
{"base": "http://31.57.250.7:2053", "event": "xui.session_expired", "level": "info", "timestamp": "2026-09-22T22:22:52.565343Z"}
{"email": "tg8468512348-075991b6", "err": "csrf fetch failed: HTTP 404", "event": "sync.traffic_failed", "level": "warning", "timestamp": "2026-09-22T22:22:52.565568Z"}
{"base": "http://31.57.250.7:2053", "event": "xui.session_expired", "level": "info", "timestamp": "2026-09-22T22:22:52.602801Z"}
{"email": "tg2044461386-28a8008c", "err": "csrf fetch failed: HTTP 404", "event": "sync.traffic_failed", "level": "warning", "timestamp": "2026-09-22T22:22:52.602974Z"}
{"base": "http://31.57.250.7:2053", "event": "xui.session_expired", "level": "info", "timestamp": "2026-09-22T22:22:52.641060Z"}
{"email": "tg5469974674-0e21f1d5", "err": "csrf fetch failed: HTTP 404", "event": "sync.traffic_failed", "level": "warning", "timestamp": "2026-09-22T22:22:52.641307Z"}
{"updated": 1, "event": "sync_traffic.done", "level": "info", "timestamp": "2026-09-22T22:22:52.657310Z"}
Update id=711252392 is handled. Duration 224 ms by bot id=8746092424
Update id=711252393 is handled. Duration 147 ms by bot id=8746092424
Update id=711252394 is handled. Duration 165 ms by bot id=8746092424
Update id=711252395 is handled. Duration 131 ms by bot id=8746092424
Update id=711252396 is handled. Duration 117 ms by bot id=8746092424
Update id=711252397 is handled. Duration 136 ms by bot id=8746092424
Update id=711252398 is handled. Duration 323 ms by bot id=8746092424
{"base": "http://31.57.250.7:2053", "event": "xui.session_expired", "level": "info", "timestamp": "2026-09-22T22:37:52.712451Z"}
{"email": "tg8468512348-2a3e82e8", "err": "csrf fetch failed: HTTP 404", "event": "sync.traffic_failed", "level": "warning", "timestamp": "2026-09-22T22:37:52.712892Z"}
{"base": "http://31.57.250.7:2053", "event": "xui.session_expired", "level": "info", "timestamp": "2026-09-22T22:37:52.750598Z"}
{"email": "tg8468512348-9f205ea7", "err": "csrf fetch failed: HTTP 404", "event": "sync.traffic_failed", "level": "warning", "timestamp": "2026-09-22T22:37:52.750766Z"}
{"base": "http://31.57.250.7:2053", "event": "xui.session_expired", "level": "info", "timestamp": "2026-09-22T22:37:52.789062Z"}
{"email": "tg8468512348-075991b6", "err": "csrf fetch failed: HTTP 404", "event": "sync.traffic_failed", "level": "warning", "timestamp": "2026-09-22T22:37:52.789313Z"}
{"base": "http://31.57.250.7:2053", "event": "xui.session_expired", "level": "info", "timestamp": "2026-09-22T22:37:52.828050Z"}
{"email": "tg2044461386-28a8008c", "err": "csrf fetch failed: HTTP 404", "event": "sync.traffic_failed", "level": "warning", "timestamp": "2026-09-22T22:37:52.828253Z"}
{"base": "http://31.57.250.7:2053", "event": "xui.session_expired", "level": "info", "timestamp": "2026-09-22T22:37:52.866018Z"}
{"email": "tg5469974674-0e21f1d5", "err": "csrf fetch failed: HTTP 404", "event": "sync.traffic_failed", "level": "warning", "timestamp": "2026-09-22T22:37:52.866192Z"}
{"updated": 1, "event": "sync_traffic.done", "level": "info", "timestamp": "2026-09-22T22:37:52.883073Z"}
Update id=711252399 is handled. Duration 265 ms by bot id=8746092424
Update id=711252400 is handled. Duration 158 ms by bot id=8746092424
{"base": "http://31.57.250.7:2053", "event": "xui.session_expired", "level": "info", "timestamp": "2026-09-22T22:52:52.647365Z"}
{"email": "tg8468512348-2a3e82e8", "err": "csrf fetch failed: HTTP 404", "event": "sync.traffic_failed", "level": "warning", "timestamp": "2026-09-22T22:52:52.648091Z"}
{"base": "http://31.57.250.7:2053", "event": "xui.session_expired", "level": "info", "timestamp": "2026-09-22T22:52:52.686129Z"}
{"email": "tg8468512348-9f205ea7", "err": "csrf fetch failed: HTTP 404", "event": "sync.traffic_failed", "level": "warning", "timestamp": "2026-09-22T22:52:52.686301Z"}
{"base": "http://31.57.250.7:2053", "event": "xui.session_expired", "level": "info", "timestamp": "2026-09-22T22:52:52.724335Z"}
{"email": "tg8468512348-075991b6", "err": "csrf fetch failed: HTTP 404", "event": "sync.traffic_failed", "level": "warning", "timestamp": "2026-09-22T22:52:52.724645Z"}
{"base": "http://31.57.250.7:2053", "event": "xui.session_expired", "level": "info", "timestamp": "2026-09-22T22:52:52.762647Z"}
{"email": "tg2044461386-28a8008c", "err": "csrf fetch failed: HTTP 404", "event": "sync.traffic_failed", "level": "warning", "timestamp": "2026-09-22T22:52:52.762826Z"}
{"base": "http://31.57.250.7:2053", "event": "xui.session_expired", "level": "info", "timestamp": "2026-09-22T22:52:52.801267Z"}
{"email": "tg5469974674-0e21f1d5", "err": "csrf fetch failed: HTTP 404", "event": "sync.traffic_failed", "level": "warning", "timestamp": "2026-09-22T22:52:52.801475Z"}
{"updated": 1, "event": "sync_traffic.done", "level": "info", "timestamp": "2026-09-22T22:52:52.809784Z"}
Update id=711252401 is handled. Duration 203 ms by bot id=8746092424
Update id=711252402 is handled. Duration 142 ms by bot id=8746092424
Update id=711252403 is handled. Duration 122 ms by bot id=8746092424
Update id=711252404 is handled. Duration 156 ms by bot id=8746092424
Update id=711252405 is handled. Duration 127 ms by bot id=8746092424
Update id=711252406 is handled. Duration 111 ms by bot id=8746092424
Update id=711252407 is handled. Duration 125 ms by bot id=8746092424
Update id=711252408 is handled. Duration 126 ms by bot id=8746092424
Update id=711252409 is handled. Duration 175 ms by bot id=8746092424
{"sub_id": 26, "email": "tg8468512348-414763c5", "server": "fr-1", "plan": "1m", "event": "grant.ok", "level": "info", "timestamp": "2026-09-22T22:58:38.205449Z"}
Update id=711252410 is handled. Duration 466 ms by bot id=8746092424
{"base": "http://31.57.250.7:2053", "event": "xui.session_expired", "level": "info", "timestamp": "2026-09-22T23:07:52.519041Z"}
{"email": "tg8468512348-2a3e82e8", "err": "csrf fetch failed: HTTP 404", "event": "sync.traffic_failed", "level": "warning", "timestamp": "2026-09-22T23:07:52.519373Z"}
{"base": "http://31.57.250.7:2053", "event": "xui.session_expired", "level": "info", "timestamp": "2026-09-22T23:07:52.564139Z"}
{"email": "tg8468512348-9f205ea7", "err": "csrf fetch failed: HTTP 404", "event": "sync.traffic_failed", "level": "warning", "timestamp": "2026-09-22T23:07:52.564565Z"}
{"base": "http://31.57.250.7:2053", "event": "xui.session_expired", "level": "info", "timestamp": "2026-09-22T23:07:52.601817Z"}
{"email": "tg8468512348-075991b6", "err": "csrf fetch failed: HTTP 404", "event": "sync.traffic_failed", "level": "warning", "timestamp": "2026-09-22T23:07:52.601992Z"}
{"base": "http://31.57.250.7:2053", "event": "xui.session_expired", "level": "info", "timestamp": "2026-09-22T23:07:52.640645Z"}
{"email": "tg2044461386-28a8008c", "err": "csrf fetch failed: HTTP 404", "event": "sync.traffic_failed", "level": "warning", "timestamp": "2026-09-22T23:07:52.640849Z"}
{"base": "http://31.57.250.7:2053", "event": "xui.session_expired", "level": "info", "timestamp": "2026-09-22T23:07:52.678529Z"}
{"email": "tg5469974674-0e21f1d5", "err": "csrf fetch failed: HTTP 404", "event": "sync.traffic_failed", "level": "warning", "timestamp": "2026-09-22T23:07:52.678714Z"}
{"updated": 2, "event": "sync_traffic.done", "level": "info", "timestamp": "2026-09-22T23:07:52.691031Z"}
{"base": "http://31.57.250.7:2053", "event": "xui.session_expired", "level": "info", "timestamp": "2026-09-22T23:22:52.742328Z"}
{"email": "tg8468512348-2a3e82e8", "err": "csrf fetch failed: HTTP 404", "event": "sync.traffic_failed", "level": "warning", "timestamp": "2026-09-22T23:22:52.742841Z"}
{"base": "http://31.57.250.7:2053", "event": "xui.session_expired", "level": "info", "timestamp": "2026-09-22T23:22:52.781628Z"}
{"email": "tg8468512348-9f205ea7", "err": "csrf fetch failed: HTTP 404", "event": "sync.traffic_failed", "level": "warning", "timestamp": "2026-09-22T23:22:52.781869Z"}
{"base": "http://31.57.250.7:2053", "event": "xui.session_expired", "level": "info", "timestamp": "2026-09-22T23:22:52.820047Z"}
{"email": "tg8468512348-075991b6", "err": "csrf fetch failed: HTTP 404", "event": "sync.traffic_failed", "level": "warning", "timestamp": "2026-09-22T23:22:52.820266Z"}
{"base": "http://31.57.250.7:2053", "event": "xui.session_expired", "level": "info", "timestamp": "2026-09-22T23:22:52.858562Z"}
{"email": "tg2044461386-28a8008c", "err": "csrf fetch failed: HTTP 404", "event": "sync.traffic_failed", "level": "warning", "timestamp": "2026-09-22T23:22:52.858791Z"}
{"base": "http://31.57.250.7:2053", "event": "xui.session_expired", "level": "info", "timestamp": "2026-09-22T23:22:52.897058Z"}
{"email": "tg5469974674-0e21f1d5", "err": "csrf fetch failed: HTTP 404", "event": "sync.traffic_failed", "level": "warning", "timestamp": "2026-09-22T23:22:52.897276Z"}
{"updated": 2, "event": "sync_traffic.done", "level": "info", "timestamp": "2026-09-22T23:22:52.907163Z"}
{"base": "http://31.57.250.7:2053", "event": "xui.session_expired", "level": "info", "timestamp": "2026-09-22T23:37:52.729061Z"}
{"email": "tg8468512348-2a3e82e8", "err": "csrf fetch failed: HTTP 404", "event": "sync.traffic_failed", "level": "warning", "timestamp": "2026-09-22T23:37:52.729403Z"}
{"base": "http://31.57.250.7:2053", "event": "xui.session_expired", "level": "info", "timestamp": "2026-09-22T23:37:52.761108Z"}
{"email": "tg8468512348-9f205ea7", "err": "csrf fetch failed: HTTP 404", "event": "sync.traffic_failed", "level": "warning", "timestamp": "2026-09-22T23:37:52.761361Z"}
{"base": "http://31.57.250.7:2053", "event": "xui.session_expired", "level": "info", "timestamp": "2026-09-22T23:37:52.792976Z"}
{"email": "tg8468512348-075991b6", "err": "csrf fetch failed: HTTP 404", "event": "sync.traffic_failed", "level": "warning", "timestamp": "2026-09-22T23:37:52.793185Z"}
{"base": "http://31.57.250.7:2053", "event": "xui.session_expired", "level": "info", "timestamp": "2026-09-22T23:37:52.824370Z"}
{"email": "tg2044461386-28a8008c", "err": "csrf fetch failed: HTTP 404", "event": "sync.traffic_failed", "level": "warning", "timestamp": "2026-09-22T23:37:52.824725Z"}
{"base": "http://31.57.250.7:2053", "event": "xui.session_expired", "level": "info", "timestamp": "2026-09-22T23:37:52.855818Z"}
{"email": "tg5469974674-0e21f1d5", "err": "csrf fetch failed: HTTP 404", "event": "sync.traffic_failed", "level": "warning", "timestamp": "2026-09-22T23:37:52.855972Z"}
{"updated": 2, "event": "sync_traffic.done", "level": "info", "timestamp": "2026-09-22T23:37:52.863230Z"}
{"base": "http://31.57.250.7:2053", "event": "xui.session_expired", "level": "info", "timestamp": "2026-09-22T23:52:52.677245Z"}
{"email": "tg8468512348-2a3e82e8", "err": "csrf fetch failed: HTTP 404", "event": "sync.traffic_failed", "level": "warning", "timestamp": "2026-09-22T23:52:52.677689Z"}
{"base": "http://31.57.250.7:2053", "event": "xui.session_expired", "level": "info", "timestamp": "2026-09-22T23:52:52.715285Z"}
{"email": "tg8468512348-9f205ea7", "err": "csrf fetch failed: HTTP 404", "event": "sync.traffic_failed", "level": "warning", "timestamp": "2026-09-22T23:52:52.715923Z"}
{"base": "http://31.57.250.7:2053", "event": "xui.session_expired", "level": "info", "timestamp": "2026-09-22T23:52:52.753870Z"}
{"email": "tg8468512348-075991b6", "err": "csrf fetch failed: HTTP 404", "event": "sync.traffic_failed", "level": "warning", "timestamp": "2026-09-22T23:52:52.754032Z"}
{"base": "http://31.57.250.7:2053", "event": "xui.session_expired", "level": "info", "timestamp": "2026-09-22T23:52:52.791072Z"}
{"email": "tg2044461386-28a8008c", "err": "csrf fetch failed: HTTP 404", "event": "sync.traffic_failed", "level": "warning", "timestamp": "2026-09-22T23:52:52.791240Z"}
{"base": "http://31.57.250.7:2053", "event": "xui.session_expired", "level": "info", "timestamp": "2026-09-22T23:52:52.828968Z"}
{"email": "tg5469974674-0e21f1d5", "err": "csrf fetch failed: HTTP 404", "event": "sync.traffic_failed", "level": "warning", "timestamp": "2026-09-22T23:52:52.829181Z"}
{"updated": 2, "event": "sync_traffic.done", "level": "info", "timestamp": "2026-09-22T23:52:52.840023Z"}
{"base": "http://31.57.250.7:2053", "event": "xui.session_expired", "level": "info", "timestamp": "2026-09-23T00:07:52.715349Z"}
{"email": "tg8468512348-2a3e82e8", "err": "csrf fetch failed: HTTP 404", "event": "sync.traffic_failed", "level": "warning", "timestamp": "2026-09-23T00:07:52.716723Z"}
{"base": "http://31.57.250.7:2053", "event": "xui.session_expired", "level": "info", "timestamp": "2026-09-23T00:07:52.754123Z"}
{"email": "tg8468512348-9f205ea7", "err": "csrf fetch failed: HTTP 404", "event": "sync.traffic_failed", "level": "warning", "timestamp": "2026-09-23T00:07:52.754300Z"}
{"base": "http://31.57.250.7:2053", "event": "xui.session_expired", "level": "info", "timestamp": "2026-09-23T00:07:52.791477Z"}
{"email": "tg8468512348-075991b6", "err": "csrf fetch failed: HTTP 404", "event": "sync.traffic_failed", "level": "warning", "timestamp": "2026-09-23T00:07:52.791929Z"}
{"base": "http://31.57.250.7:2053", "event": "xui.session_expired", "level": "info", "timestamp": "2026-09-23T00:07:52.829706Z"}
{"email": "tg2044461386-28a8008c", "err": "csrf fetch failed: HTTP 404", "event": "sync.traffic_failed", "level": "warning", "timestamp": "2026-09-23T00:07:52.829881Z"}
{"base": "http://31.57.250.7:2053", "event": "xui.session_expired", "level": "info", "timestamp": "2026-09-23T00:07:52.868474Z"}
{"email": "tg5469974674-0e21f1d5", "err": "csrf fetch failed: HTTP 404", "event": "sync.traffic_failed", "level": "warning", "timestamp": "2026-09-23T00:07:52.868790Z"}
{"updated": 2, "event": "sync_traffic.done", "level": "info", "timestamp": "2026-09-23T00:07:52.880197Z"}
Update id=711252411 is handled. Duration 233 ms by bot id=8746092424
Update id=711252412 is handled. Duration 118 ms by bot id=8746092424
Update id=711252413 is handled. Duration 104 ms by bot id=8746092424
Update id=711252414 is handled. Duration 161 ms by bot id=8746092424
Update id=711252415 is handled. Duration 192 ms by bot id=8746092424
Update id=711252416 is handled. Duration 109 ms by bot id=8746092424
{"base": "http://31.57.250.7:2053", "event": "xui.session_expired", "level": "info", "timestamp": "2026-09-23T00:22:52.941192Z"}
{"email": "tg8468512348-2a3e82e8", "err": "csrf fetch failed: HTTP 404", "event": "sync.traffic_failed", "level": "warning", "timestamp": "2026-09-23T00:22:52.941636Z"}
{"base": "http://31.57.250.7:2053", "event": "xui.session_expired", "level": "info", "timestamp": "2026-09-23T00:22:52.978764Z"}
{"email": "tg8468512348-9f205ea7", "err": "csrf fetch failed: HTTP 404", "event": "sync.traffic_failed", "level": "warning", "timestamp": "2026-09-23T00:22:52.978954Z"}
{"base": "http://31.57.250.7:2053", "event": "xui.session_expired", "level": "info", "timestamp": "2026-09-23T00:22:53.027285Z"}
{"email": "tg8468512348-075991b6", "err": "csrf fetch failed: HTTP 404", "event": "sync.traffic_failed", "level": "warning", "timestamp": "2026-09-23T00:22:53.029390Z"}
{"base": "http://31.57.250.7:2053", "event": "xui.session_expired", "level": "info", "timestamp": "2026-09-23T00:22:53.072414Z"}
{"email": "tg2044461386-28a8008c", "err": "csrf fetch failed: HTTP 404", "event": "sync.traffic_failed", "level": "warning", "timestamp": "2026-09-23T00:22:53.072795Z"}
{"base": "http://31.57.250.7:2053", "event": "xui.session_expired", "level": "info", "timestamp": "2026-09-23T00:22:53.110244Z"}
{"email": "tg5469974674-0e21f1d5", "err": "csrf fetch failed: HTTP 404", "event": "sync.traffic_failed", "level": "warning", "timestamp": "2026-09-23T00:22:53.110424Z"}
{"updated": 2, "event": "sync_traffic.done", "level": "info", "timestamp": "2026-09-23T00:22:53.121450Z"}
{"base": "http://31.57.250.7:2053", "event": "xui.session_expired", "level": "info", "timestamp": "2026-09-23T00:37:52.850416Z"}
{"email": "tg8468512348-2a3e82e8", "err": "csrf fetch failed: HTTP 404", "event": "sync.traffic_failed", "level": "warning", "timestamp": "2026-09-23T00:37:52.850772Z"}
{"base": "http://31.57.250.7:2053", "event": "xui.session_expired", "level": "info", "timestamp": "2026-09-23T00:37:52.889005Z"}
{"email": "tg8468512348-9f205ea7", "err": "csrf fetch failed: HTTP 404", "event": "sync.traffic_failed", "level": "warning", "timestamp": "2026-09-23T00:37:52.889281Z"}
{"base": "http://31.57.250.7:2053", "event": "xui.session_expired", "level": "info", "timestamp": "2026-09-23T00:37:52.927382Z"}
{"email": "tg8468512348-075991b6", "err": "csrf fetch failed: HTTP 404", "event": "sync.traffic_failed", "level": "warning", "timestamp": "2026-09-23T00:37:52.927604Z"}
{"base": "http://31.57.250.7:2053", "event": "xui.session_expired", "level": "info", "timestamp": "2026-09-23T00:37:52.965937Z"}
{"email": "tg2044461386-28a8008c", "err": "csrf fetch failed: HTTP 404", "event": "sync.traffic_failed", "level": "warning", "timestamp": "2026-09-23T00:37:52.966154Z"}
{"base": "http://31.57.250.7:2053", "event": "xui.session_expired", "level": "info", "timestamp": "2026-09-23T00:37:53.041774Z"}
{"email": "tg5469974674-0e21f1d5", "err": "csrf fetch failed: HTTP 404", "event": "sync.traffic_failed", "level": "warning", "timestamp": "2026-09-23T00:37:53.041950Z"}
{"updated": 2, "event": "sync_traffic.done", "level": "info", "timestamp": "2026-09-23T00:37:53.049727Z"}
{"base": "http://31.57.250.7:2053", "event": "xui.session_expired", "level": "info", "timestamp": "2026-09-23T00:52:52.861417Z"}
{"email": "tg8468512348-2a3e82e8", "err": "csrf fetch failed: HTTP 404", "event": "sync.traffic_failed", "level": "warning", "timestamp": "2026-09-23T00:52:52.861759Z"}
{"base": "http://31.57.250.7:2053", "event": "xui.session_expired", "level": "info", "timestamp": "2026-09-23T00:52:52.893551Z"}
{"email": "tg8468512348-9f205ea7", "err": "csrf fetch failed: HTTP 404", "event": "sync.traffic_failed", "level": "warning", "timestamp": "2026-09-23T00:52:52.893833Z"}
{"base": "http://31.57.250.7:2053", "event": "xui.session_expired", "level": "info", "timestamp": "2026-09-23T00:52:52.925966Z"}
{"email": "tg8468512348-075991b6", "err": "csrf fetch failed: HTTP 404", "event": "sync.traffic_failed", "level": "warning", "timestamp": "2026-09-23T00:52:52.926163Z"}
{"base": "http://31.57.250.7:2053", "event": "xui.session_expired", "level": "info", "timestamp": "2026-09-23T00:52:52.957779Z"}
{"email": "tg2044461386-28a8008c", "err": "csrf fetch failed: HTTP 404", "event": "sync.traffic_failed", "level": "warning", "timestamp": "2026-09-23T00:52:52.957968Z"}
{"base": "http://31.57.250.7:2053", "event": "xui.session_expired", "level": "info", "timestamp": "2026-09-23T00:52:52.989031Z"}
{"email": "tg5469974674-0e21f1d5", "err": "csrf fetch failed: HTTP 404", "event": "sync.traffic_failed", "level": "warning", "timestamp": "2026-09-23T00:52:52.989194Z"}
{"updated": 2, "event": "sync_traffic.done", "level": "info", "timestamp": "2026-09-23T00:52:52.999727Z"}
Update id=711252417 is handled. Duration 165 ms by bot id=8746092424
Update id=711252418 is handled. Duration 207 ms by bot id=8746092424
Update id=711252419 is handled. Duration 114 ms by bot id=8746092424
Update id=711252420 is handled. Duration 124 ms by bot id=8746092424
Update id=711252421 is handled. Duration 140 ms by bot id=8746092424
Update id=711252422 is handled. Duration 135 ms by bot id=8746092424
Update id=711252423 is handled. Duration 214 ms by bot id=8746092424
{"sub_id": 27, "email": "tg8468512348-401776d8", "server": "fr-1", "plan": "1m", "event": "grant.ok", "level": "info", "timestamp": "2026-09-23T01:07:41.967929Z"}
Update id=711252424 is handled. Duration 450 ms by bot id=8746092424
Update id=711252425 is handled. Duration 152 ms by bot id=8746092424
{"base": "http://31.57.250.7:2053", "event": "xui.session_expired", "level": "info", "timestamp": "2026-09-23T01:07:52.639799Z"}
{"email": "tg8468512348-2a3e82e8", "err": "csrf fetch failed: HTTP 404", "event": "sync.traffic_failed", "level": "warning", "timestamp": "2026-09-23T01:07:52.640051Z"}
{"base": "http://31.57.250.7:2053", "event": "xui.session_expired", "level": "info", "timestamp": "2026-09-23T01:07:52.677449Z"}
{"email": "tg8468512348-9f205ea7", "err": "csrf fetch failed: HTTP 404", "event": "sync.traffic_failed", "level": "warning", "timestamp": "2026-09-23T01:07:52.677897Z"}
{"base": "http://31.57.250.7:2053", "event": "xui.session_expired", "level": "info", "timestamp": "2026-09-23T01:07:52.715377Z"}
{"email": "tg8468512348-075991b6", "err": "csrf fetch failed: HTTP 404", "event": "sync.traffic_failed", "level": "warning", "timestamp": "2026-09-23T01:07:52.715679Z"}
{"base": "http://31.57.250.7:2053", "event": "xui.session_expired", "level": "info", "timestamp": "2026-09-23T01:07:52.753443Z"}
{"email": "tg2044461386-28a8008c", "err": "csrf fetch failed: HTTP 404", "event": "sync.traffic_failed", "level": "warning", "timestamp": "2026-09-23T01:07:52.756754Z"}
{"base": "http://31.57.250.7:2053", "event": "xui.session_expired", "level": "info", "timestamp": "2026-09-23T01:07:52.795472Z"}
{"email": "tg5469974674-0e21f1d5", "err": "csrf fetch failed: HTTP 404", "event": "sync.traffic_failed", "level": "warning", "timestamp": "2026-09-23T01:07:52.795959Z"}
{"updated": 3, "event": "sync_traffic.done", "level": "info", "timestamp": "2026-09-23T01:07:52.805326Z"}
{"base": "http://31.57.250.7:2053", "event": "xui.session_expired", "level": "info", "timestamp": "2026-09-23T01:22:52.860902Z"}
{"email": "tg8468512348-2a3e82e8", "err": "csrf fetch failed: HTTP 404", "event": "sync.traffic_failed", "level": "warning", "timestamp": "2026-09-23T01:22:52.861193Z"}
{"base": "http://31.57.250.7:2053", "event": "xui.session_expired", "level": "info", "timestamp": "2026-09-23T01:22:52.898827Z"}
{"email": "tg8468512348-9f205ea7", "err": "csrf fetch failed: HTTP 404", "event": "sync.traffic_failed", "level": "warning", "timestamp": "2026-09-23T01:22:52.898963Z"}
{"base": "http://31.57.250.7:2053", "event": "xui.session_expired", "level": "info", "timestamp": "2026-09-23T01:22:52.936183Z"}
{"email": "tg8468512348-075991b6", "err": "csrf fetch failed: HTTP 404", "event": "sync.traffic_failed", "level": "warning", "timestamp": "2026-09-23T01:22:52.936381Z"}
{"base": "http://31.57.250.7:2053", "event": "xui.session_expired", "level": "info", "timestamp": "2026-09-23T01:22:52.974314Z"}
{"email": "tg2044461386-28a8008c", "err": "csrf fetch failed: HTTP 404", "event": "sync.traffic_failed", "level": "warning", "timestamp": "2026-09-23T01:22:52.974545Z"}
{"base": "http://31.57.250.7:2053", "event": "xui.session_expired", "level": "info", "timestamp": "2026-09-23T01:22:53.015147Z"}
{"email": "tg5469974674-0e21f1d5", "err": "csrf fetch failed: HTTP 404", "event": "sync.traffic_failed", "level": "warning", "timestamp": "2026-09-23T01:22:53.015369Z"}
{"updated": 3, "event": "sync_traffic.done", "level": "info", "timestamp": "2026-09-23T01:22:53.029574Z"}
{"base": "http://31.57.250.7:2053", "event": "xui.session_expired", "level": "info", "timestamp": "2026-09-23T01:37:52.795449Z"}
{"email": "tg8468512348-2a3e82e8", "err": "csrf fetch failed: HTTP 404", "event": "sync.traffic_failed", "level": "warning", "timestamp": "2026-09-23T01:37:52.796247Z"}
{"base": "http://31.57.250.7:2053", "event": "xui.session_expired", "level": "info", "timestamp": "2026-09-23T01:37:52.833954Z"}
{"email": "tg8468512348-9f205ea7", "err": "csrf fetch failed: HTTP 404", "event": "sync.traffic_failed", "level": "warning", "timestamp": "2026-09-23T01:37:52.834093Z"}
{"base": "http://31.57.250.7:2053", "event": "xui.session_expired", "level": "info", "timestamp": "2026-09-23T01:37:52.871403Z"}
{"email": "tg8468512348-075991b6", "err": "csrf fetch failed: HTTP 404", "event": "sync.traffic_failed", "level": "warning", "timestamp": "2026-09-23T01:37:52.871637Z"}
{"base": "http://31.57.250.7:2053", "event": "xui.session_expired", "level": "info", "timestamp": "2026-09-23T01:37:52.908663Z"}
{"email": "tg2044461386-28a8008c", "err": "csrf fetch failed: HTTP 404", "event": "sync.traffic_failed", "level": "warning", "timestamp": "2026-09-23T01:37:52.908827Z"}
{"base": "http://31.57.250.7:2053", "event": "xui.session_expired", "level": "info", "timestamp": "2026-09-23T01:37:52.946030Z"}
{"email": "tg5469974674-0e21f1d5", "err": "csrf fetch failed: HTTP 404", "event": "sync.traffic_failed", "level": "warning", "timestamp": "2026-09-23T01:37:52.946296Z"}
{"updated": 3, "event": "sync_traffic.done", "level": "info", "timestamp": "2026-09-23T01:37:52.961041Z"}
Failed to fetch updates - TelegramConflictError: Telegram server says - Conflict: terminated by other getUpdates request; make sure that only one bot instance is running
Sleep for 1.000000 seconds and try again... (tryings = 0, bot id = 8746092424)
Failed to fetch updates - TelegramConflictError: Telegram server says - Conflict: terminated by other getUpdates request; make sure that only one bot instance is running
Sleep for 1.222397 seconds and try again... (tryings = 1, bot id = 8746092424)
Failed to fetch updates - TelegramConflictError: Telegram server says - Conflict: terminated by other getUpdates request; make sure that only one bot instance is running
Sleep for 1.785373 seconds and try again... (tryings = 2, bot id = 8746092424)
Failed to fetch updates - TelegramConflictError: Telegram server says - Conflict: terminated by other getUpdates request; make sure that only one bot instance is running
Sleep for 2.392800 seconds and try again... (tryings = 3, bot id = 8746092424)
Failed to fetch updates - TelegramConflictError: Telegram server says - Conflict: terminated by other getUpdates request; make sure that only one bot instance is running
Sleep for 3.141205 seconds and try again... (tryings = 4, bot id = 8746092424)
Failed to fetch updates - TelegramConflictError: Telegram server says - Conflict: terminated by other getUpdates request; make sure that only one bot instance is running
Sleep for 4.245207 seconds and try again... (tryings = 5, bot id = 8746092424)
Failed to fetch updates - TelegramConflictError: Telegram server says - Conflict: terminated by other getUpdates request; make sure that only one bot instance is running
Sleep for 5.041694 seconds and try again... (tryings = 6, bot id = 8746092424)
Failed to fetch updates - TelegramConflictError: Telegram server says - Conflict: terminated by other getUpdates request; make sure that only one bot instance is running
Sleep for 5.092346 seconds and try again... (tryings = 7, bot id = 8746092424)
Failed to fetch updates - TelegramConflictError: Telegram server says - Conflict: terminated by other getUpdates request; make sure that only one bot instance is running
Sleep for 5.108329 seconds and try again... (tryings = 8, bot id = 8746092424)
Failed to fetch updates - TelegramConflictError: Telegram server says - Conflict: terminated by other getUpdates request; make sure that only one bot instance is running
Sleep for 5.031934 seconds and try again... (tryings = 9, bot id = 8746092424)
Failed to fetch updates - TelegramConflictError: Telegram server says - Conflict: terminated by other getUpdates request; make sure that only one bot instance is running
Sleep for 5.022779 seconds and try again... (tryings = 10, bot id = 8746092424)
Failed to fetch updates - TelegramConflictError: Telegram server says - Conflict: terminated by other getUpdates request; make sure that only one bot instance is running
Sleep for 5.164885 seconds and try again... (tryings = 11, bot id = 8746092424)
Failed to fetch updates - TelegramConflictError: Telegram server says - Conflict: terminated by other getUpdates request; make sure that only one bot instance is running
Sleep for 5.094464 seconds and try again... (tryings = 12, bot id = 8746092424)
Failed to fetch updates - TelegramConflictError: Telegram server says - Conflict: terminated by other getUpdates request; make sure that only one bot instance is running
Sleep for 4.788622 seconds and try again... (tryings = 13, bot id = 8746092424)
Failed to fetch updates - TelegramConflictError: Telegram server says - Conflict: terminated by other getUpdates request; make sure that only one bot instance is running
Sleep for 4.976035 seconds and try again... (tryings = 14, bot id = 8746092424)
Failed to fetch updates - TelegramConflictError: Telegram server says - Conflict: terminated by other getUpdates request; make sure that only one bot instance is running
Sleep for 5.004731 seconds and try again... (tryings = 15, bot id = 8746092424)
Failed to fetch updates - TelegramConflictError: Telegram server says - Conflict: terminated by other getUpdates request; make sure that only one bot instance is running
Sleep for 4.902442 seconds and try again... (tryings = 16, bot id = 8746092424)
Failed to fetch updates - TelegramConflictError: Telegram server says - Conflict: terminated by other getUpdates request; make sure that only one bot instance is running
Sleep for 4.867197 seconds and try again... (tryings = 17, bot id = 8746092424)
Failed to fetch updates - TelegramConflictError: Telegram server says - Conflict: terminated by other getUpdates request; make sure that only one bot instance is running
Sleep for 4.946820 seconds and try again... (tryings = 18, bot id = 8746092424)
Failed to fetch updates - TelegramConflictError: Telegram server says - Conflict: terminated by other getUpdates request; make sure that only one bot instance is running
Sleep for 5.079379 seconds and try again... (tryings = 19, bot id = 8746092424)
Failed to fetch updates - TelegramConflictError: Telegram server says - Conflict: terminated by other getUpdates request; make sure that only one bot instance is running
Sleep for 4.897962 seconds and try again... (tryings = 20, bot id = 8746092424)
Failed to fetch updates - TelegramConflictError: Telegram server says - Conflict: terminated by other getUpdates request; make sure that only one bot instance is running
Sleep for 4.902569 seconds and try again... (tryings = 21, bot id = 8746092424)
Failed to fetch updates - TelegramConflictError: Telegram server says - Conflict: terminated by other getUpdates request; make sure that only one bot instance is running
Sleep for 4.829708 seconds and try again... (tryings = 22, bot id = 8746092424)
Connection established (tryings = 23, bot id = 8746092424)
Update id=711252427 is handled. Duration 226 ms by bot id=8746092424
Failed to fetch updates - TelegramConflictError: Telegram server says - Conflict: terminated by other getUpdates request; make sure that only one bot instance is running
Sleep for 1.000000 seconds and try again... (tryings = 0, bot id = 8746092424)
Connection established (tryings = 1, bot id = 8746092424)
Update id=711252431 is handled. Duration 134 ms by bot id=8746092424
Failed to fetch updates - TelegramConflictError: Telegram server says - Conflict: terminated by other getUpdates request; make sure that only one bot instance is running
Sleep for 1.000000 seconds and try again... (tryings = 0, bot id = 8746092424)
Failed to fetch updates - TelegramConflictError: Telegram server says - Conflict: terminated by other getUpdates request; make sure that only one bot instance is running
Sleep for 1.248343 seconds and try again... (tryings = 1, bot id = 8746092424)
Connection established (tryings = 2, bot id = 8746092424)
Update id=711252437 is handled. Duration 117 ms by bot id=8746092424
Failed to fetch updates - TelegramConflictError: Telegram server says - Conflict: terminated by other getUpdates request; make sure that only one bot instance is running
Sleep for 1.000000 seconds and try again... (tryings = 0, bot id = 8746092424)
Failed to fetch updates - TelegramConflictError: Telegram server says - Conflict: terminated by other getUpdates request; make sure that only one bot instance is running
Sleep for 1.460123 seconds and try again... (tryings = 1, bot id = 8746092424)
Failed to fetch updates - TelegramConflictError: Telegram server says - Conflict: terminated by other getUpdates request; make sure that only one bot instance is running
Sleep for 1.968227 seconds and try again... (tryings = 2, bot id = 8746092424)
Failed to fetch updates - TelegramConflictError: Telegram server says - Conflict: terminated by other getUpdates request; make sure that only one bot instance is running
Sleep for 2.445214 seconds and try again... (tryings = 3, bot id = 8746092424)
Failed to fetch updates - TelegramConflictError: Telegram server says - Conflict: terminated by other getUpdates request; make sure that only one bot instance is running
Sleep for 3.424014 seconds and try again... (tryings = 4, bot id = 8746092424)
Failed to fetch updates - TelegramConflictError: Telegram server says - Conflict: terminated by other getUpdates request; make sure that only one bot instance is running
Sleep for 4.506900 seconds and try again... (tryings = 5, bot id = 8746092424)
Failed to fetch updates - TelegramConflictError: Telegram server says - Conflict: terminated by other getUpdates request; make sure that only one bot instance is running
Sleep for 5.083501 seconds and try again... (tryings = 6, bot id = 8746092424)
{"base": "http://31.57.250.7:2053", "event": "xui.session_expired", "level": "info", "timestamp": "2026-09-23T01:52:52.815812Z"}
{"email": "tg8468512348-2a3e82e8", "err": "csrf fetch failed: HTTP 404", "event": "sync.traffic_failed", "level": "warning", "timestamp": "2026-09-23T01:52:52.816167Z"}
{"base": "http://31.57.250.7:2053", "event": "xui.session_expired", "level": "info", "timestamp": "2026-09-23T01:52:52.846772Z"}
{"email": "tg8468512348-9f205ea7", "err": "csrf fetch failed: HTTP 404", "event": "sync.traffic_failed", "level": "warning", "timestamp": "2026-09-23T01:52:52.846904Z"}
{"base": "http://31.57.250.7:2053", "event": "xui.session_expired", "level": "info", "timestamp": "2026-09-23T01:52:52.877694Z"}
{"email": "tg8468512348-075991b6", "err": "csrf fetch failed: HTTP 404", "event": "sync.traffic_failed", "level": "warning", "timestamp": "2026-09-23T01:52:52.877868Z"}
{"base": "http://31.57.250.7:2053", "event": "xui.session_expired", "level": "info", "timestamp": "2026-09-23T01:52:52.909153Z"}
{"email": "tg2044461386-28a8008c", "err": "csrf fetch failed: HTTP 404", "event": "sync.traffic_failed", "level": "warning", "timestamp": "2026-09-23T01:52:52.909306Z"}
{"base": "http://31.57.250.7:2053", "event": "xui.session_expired", "level": "info", "timestamp": "2026-09-23T01:52:52.940323Z"}
{"email": "tg5469974674-0e21f1d5", "err": "csrf fetch failed: HTTP 404", "event": "sync.traffic_failed", "level": "warning", "timestamp": "2026-09-23T01:52:52.940560Z"}
{"updated": 3, "event": "sync_traffic.done", "level": "info", "timestamp": "2026-09-23T01:52:52.949081Z"}
Failed to fetch updates - TelegramConflictError: Telegram server says - Conflict: terminated by other getUpdates request; make sure that only one bot instance is running
Sleep for 4.960592 seconds and try again... (tryings = 7, bot id = 8746092424)
Failed to fetch updates - TelegramConflictError: Telegram server says - Conflict: terminated by other getUpdates request; make sure that only one bot instance is running
Sleep for 4.823723 seconds and try again... (tryings = 8, bot id = 8746092424)
Failed to fetch updates - TelegramConflictError: Telegram server says - Conflict: terminated by other getUpdates request; make sure that only one bot instance is running
Sleep for 4.838230 seconds and try again... (tryings = 9, bot id = 8746092424)
Failed to fetch updates - TelegramConflictError: Telegram server says - Conflict: terminated by other getUpdates request; make sure that only one bot instance is running
Sleep for 5.104052 seconds and try again... (tryings = 10, bot id = 8746092424)
Failed to fetch updates - TelegramConflictError: Telegram server says - Conflict: terminated by other getUpdates request; make sure that only one bot instance is running
Sleep for 5.023585 seconds and try again... (tryings = 11, bot id = 8746092424)
Failed to fetch updates - TelegramConflictError: Telegram server says - Conflict: terminated by other getUpdates request; make sure that only one bot instance is running
Sleep for 5.070442 seconds and try again... (tryings = 12, bot id = 8746092424)
Failed to fetch updates - TelegramConflictError: Telegram server says - Conflict: terminated by other getUpdates request; make sure that only one bot instance is running
Sleep for 4.995899 seconds and try again... (tryings = 13, bot id = 8746092424)
Failed to fetch updates - TelegramConflictError: Telegram server says - Conflict: terminated by other getUpdates request; make sure that only one bot instance is running
Sleep for 5.020674 seconds and try again... (tryings = 14, bot id = 8746092424)
Failed to fetch updates - TelegramConflictError: Telegram server says - Conflict: terminated by other getUpdates request; make sure that only one bot instance is running
Sleep for 5.034058 seconds and try again... (tryings = 15, bot id = 8746092424)
Failed to fetch updates - TelegramConflictError: Telegram server says - Conflict: terminated by other getUpdates request; make sure that only one bot instance is running
Sleep for 5.185599 seconds and try again... (tryings = 16, bot id = 8746092424)
Failed to fetch updates - TelegramConflictError: Telegram server says - Conflict: terminated by other getUpdates request; make sure that only one bot instance is running
Sleep for 4.816305 seconds and try again... (tryings = 17, bot id = 8746092424)
Failed to fetch updates - TelegramConflictError: Telegram server says - Conflict: terminated by other getUpdates request; make sure that only one bot instance is running
Sleep for 5.170062 seconds and try again... (tryings = 18, bot id = 8746092424)
Failed to fetch updates - TelegramConflictError: Telegram server says - Conflict: terminated by other getUpdates request; make sure that only one bot instance is running
Sleep for 4.780984 seconds and try again... (tryings = 19, bot id = 8746092424)
Failed to fetch updates - TelegramConflictError: Telegram server says - Conflict: terminated by other getUpdates request; make sure that only one bot instance is running
Sleep for 5.080795 seconds and try again... (tryings = 20, bot id = 8746092424)
Failed to fetch updates - TelegramConflictError: Telegram server says - Conflict: terminated by other getUpdates request; make sure that only one bot instance is running
Sleep for 4.960417 seconds and try again... (tryings = 21, bot id = 8746092424)
Failed to fetch updates - TelegramConflictError: Telegram server says - Conflict: terminated by other getUpdates request; make sure that only one bot instance is running
Sleep for 4.961328 seconds and try again... (tryings = 22, bot id = 8746092424)
Failed to fetch updates - TelegramConflictError: Telegram server says - Conflict: terminated by other getUpdates request; make sure that only one bot instance is running
Sleep for 4.952615 seconds and try again... (tryings = 23, bot id = 8746092424)
Failed to fetch updates - TelegramConflictError: Telegram server says - Conflict: terminated by other getUpdates request; make sure that only one bot instance is running
Sleep for 5.044050 seconds and try again... (tryings = 24, bot id = 8746092424)
Failed to fetch updates - TelegramConflictError: Telegram server says - Conflict: terminated by other getUpdates request; make sure that only one bot instance is running
Sleep for 5.089071 seconds and try again... (tryings = 25, bot id = 8746092424)
Failed to fetch updates - TelegramConflictError: Telegram server says - Conflict: terminated by other getUpdates request; make sure that only one bot instance is running
Sleep for 5.118152 seconds and try again... (tryings = 26, bot id = 8746092424)
Failed to fetch updates - TelegramConflictError: Telegram server says - Conflict: terminated by other getUpdates request; make sure that only one bot instance is running
Sleep for 5.212331 seconds and try again... (tryings = 27, bot id = 8746092424)
Failed to fetch updates - TelegramConflictError: Telegram server says - Conflict: terminated by other getUpdates request; make sure that only one bot instance is running
Sleep for 4.919718 seconds and try again... (tryings = 28, bot id = 8746092424)
Failed to fetch updates - TelegramConflictError: Telegram server says - Conflict: terminated by other getUpdates request; make sure that only one bot instance is running
Sleep for 5.114891 seconds and try again... (tryings = 29, bot id = 8746092424)
Failed to fetch updates - TelegramConflictError: Telegram server says - Conflict: terminated by other getUpdates request; make sure that only one bot instance is running
Sleep for 4.937885 seconds and try again... (tryings = 30, bot id = 8746092424)
Failed to fetch updates - TelegramConflictError: Telegram server says - Conflict: terminated by other getUpdates request; make sure that only one bot instance is running
Sleep for 4.990270 seconds and try again... (tryings = 31, bot id = 8746092424)
Failed to fetch updates - TelegramConflictError: Telegram server says - Conflict: terminated by other getUpdates request; make sure that only one bot instance is running
Sleep for 4.977935 seconds and try again... (tryings = 32, bot id = 8746092424)
Failed to fetch updates - TelegramConflictError: Telegram server says - Conflict: terminated by other getUpdates request; make sure that only one bot instance is running
Sleep for 5.035305 seconds and try again... (tryings = 33, bot id = 8746092424)
Failed to fetch updates - TelegramConflictError: Telegram server says - Conflict: terminated by other getUpdates request; make sure that only one bot instance is running
Sleep for 4.873446 seconds and try again... (tryings = 34, bot id = 8746092424)
Failed to fetch updates - TelegramConflictError: Telegram server says - Conflict: terminated by other getUpdates request; make sure that only one bot instance is running
Sleep for 4.828289 seconds and try again... (tryings = 35, bot id = 8746092424)
Failed to fetch updates - TelegramConflictError: Telegram server says - Conflict: terminated by other getUpdates request; make sure that only one bot instance is running
Sleep for 4.977588 seconds and try again... (tryings = 36, bot id = 8746092424)
Failed to fetch updates - TelegramConflictError: Telegram server says - Conflict: terminated by other getUpdates request; make sure that only one bot instance is running
Sleep for 4.923811 seconds and try again... (tryings = 37, bot id = 8746092424)
Failed to fetch updates - TelegramConflictError: Telegram server says - Conflict: terminated by other getUpdates request; make sure that only one bot instance is running
Sleep for 4.962666 seconds and try again... (tryings = 38, bot id = 8746092424)
Failed to fetch updates - TelegramConflictError: Telegram server says - Conflict: terminated by other getUpdates request; make sure that only one bot instance is running
Sleep for 4.957459 seconds and try again... (tryings = 39, bot id = 8746092424)
Failed to fetch updates - TelegramConflictError: Telegram server says - Conflict: terminated by other getUpdates request; make sure that only one bot instance is running
Sleep for 4.895510 seconds and try again... (tryings = 40, bot id = 8746092424)
Failed to fetch updates - TelegramConflictError: Telegram server says - Conflict: terminated by other getUpdates request; make sure that only one bot instance is running
Sleep for 5.056718 seconds and try again... (tryings = 41, bot id = 8746092424)
Failed to fetch updates - TelegramConflictError: Telegram server says - Conflict: terminated by other getUpdates request; make sure that only one bot instance is running
Sleep for 5.142531 seconds and try again... (tryings = 42, bot id = 8746092424)
Failed to fetch updates - TelegramConflictError: Telegram server says - Conflict: terminated by other getUpdates request; make sure that only one bot instance is running
Sleep for 4.937645 seconds and try again... (tryings = 43, bot id = 8746092424)
Failed to fetch updates - TelegramConflictError: Telegram server says - Conflict: terminated by other getUpdates request; make sure that only one bot instance is running
Sleep for 4.907682 seconds and try again... (tryings = 44, bot id = 8746092424)
Failed to fetch updates - TelegramConflictError: Telegram server says - Conflict: terminated by other getUpdates request; make sure that only one bot instance is running
Sleep for 4.946688 seconds and try again... (tryings = 45, bot id = 8746092424)
Failed to fetch updates - TelegramConflictError: Telegram server says - Conflict: terminated by other getUpdates request; make sure that only one bot instance is running
Sleep for 5.028313 seconds and try again... (tryings = 46, bot id = 8746092424)
Failed to fetch updates - TelegramConflictError: Telegram server says - Conflict: terminated by other getUpdates request; make sure that only one bot instance is running
Sleep for 5.112340 seconds and try again... (tryings = 47, bot id = 8746092424)
Failed to fetch updates - TelegramConflictError: Telegram server says - Conflict: terminated by other getUpdates request; make sure that only one bot instance is running
Sleep for 5.034610 seconds and try again... (tryings = 48, bot id = 8746092424)
Failed to fetch updates - TelegramConflictError: Telegram server says - Conflict: terminated by other getUpdates request; make sure that only one bot instance is running
Sleep for 4.621019 seconds and try again... (tryings = 49, bot id = 8746092424)
Failed to fetch updates - TelegramConflictError: Telegram server says - Conflict: terminated by other getUpdates request; make sure that only one bot instance is running
Sleep for 4.880585 seconds and try again... (tryings = 50, bot id = 8746092424)
Failed to fetch updates - TelegramConflictError: Telegram server says - Conflict: terminated by other getUpdates request; make sure that only one bot instance is running
Sleep for 4.911322 seconds and try again... (tryings = 51, bot id = 8746092424)
Failed to fetch updates - TelegramConflictError: Telegram server says - Conflict: terminated by other getUpdates request; make sure that only one bot instance is running
Sleep for 5.090751 seconds and try again... (tryings = 52, bot id = 8746092424)
Failed to fetch updates - TelegramConflictError: Telegram server says - Conflict: terminated by other getUpdates request; make sure that only one bot instance is running
Sleep for 4.939505 seconds and try again... (tryings = 53, bot id = 8746092424)
Failed to fetch updates - TelegramConflictError: Telegram server says - Conflict: terminated by other getUpdates request; make sure that only one bot instance is running
Sleep for 5.075787 seconds and try again... (tryings = 54, bot id = 8746092424)
Failed to fetch updates - TelegramConflictError: Telegram server says - Conflict: terminated by other getUpdates request; make sure that only one bot instance is running
Sleep for 4.940486 seconds and try again... (tryings = 55, bot id = 8746092424)
Failed to fetch updates - TelegramConflictError: Telegram server says - Conflict: terminated by other getUpdates request; make sure that only one bot instance is running
Sleep for 5.051861 seconds and try again... (tryings = 56, bot id = 8746092424)
Failed to fetch updates - TelegramConflictError: Telegram server says - Conflict: terminated by other getUpdates request; make sure that only one bot instance is running
Sleep for 4.872307 seconds and try again... (tryings = 57, bot id = 8746092424)
Failed to fetch updates - TelegramConflictError: Telegram server says - Conflict: terminated by other getUpdates request; make sure that only one bot instance is running
Sleep for 5.009203 seconds and try again... (tryings = 58, bot id = 8746092424)
Failed to fetch updates - TelegramConflictError: Telegram server says - Conflict: terminated by other getUpdates request; make sure that only one bot instance is running
Sleep for 5.054531 seconds and try again... (tryings = 59, bot id = 8746092424)
Connection established (tryings = 60, bot id = 8746092424)
Update id=711252443 is handled. Duration 250 ms by bot id=8746092424
Failed to fetch updates - TelegramConflictError: Telegram server says - Conflict: terminated by other getUpdates request; make sure that only one bot instance is running
Sleep for 1.000000 seconds and try again... (tryings = 0, bot id = 8746092424)
Connection established (tryings = 1, bot id = 8746092424)
Update id=711252448 is handled. Duration 177 ms by bot id=8746092424
Failed to fetch updates - TelegramConflictError: Telegram server says - Conflict: terminated by other getUpdates request; make sure that only one bot instance is running
Sleep for 1.000000 seconds and try again... (tryings = 0, bot id = 8746092424)
Failed to fetch updates - TelegramConflictError: Telegram server says - Conflict: terminated by other getUpdates request; make sure that only one bot instance is running
Sleep for 1.415439 seconds and try again... (tryings = 1, bot id = 8746092424)
Failed to fetch updates - TelegramConflictError: Telegram server says - Conflict: terminated by other getUpdates request; make sure that only one bot instance is running
Sleep for 1.768222 seconds and try again... (tryings = 2, bot id = 8746092424)
Failed to fetch updates - TelegramConflictError: Telegram server says - Conflict: terminated by other getUpdates request; make sure that only one bot instance is running
Sleep for 2.471649 seconds and try again... (tryings = 3, bot id = 8746092424)
Failed to fetch updates - TelegramConflictError: Telegram server says - Conflict: terminated by other getUpdates request; make sure that only one bot instance is running
Sleep for 3.274845 seconds and try again... (tryings = 4, bot id = 8746092424)
Failed to fetch updates - TelegramConflictError: Telegram server says - Conflict: terminated by other getUpdates request; make sure that only one bot instance is running
Sleep for 4.076260 seconds and try again... (tryings = 5, bot id = 8746092424)
Failed to fetch updates - TelegramConflictError: Telegram server says - Conflict: terminated by other getUpdates request; make sure that only one bot instance is running
Sleep for 5.072162 seconds and try again... (tryings = 6, bot id = 8746092424)
Failed to fetch updates - TelegramConflictError: Telegram server says - Conflict: terminated by other getUpdates request; make sure that only one bot instance is running
Sleep for 4.870178 seconds and try again... (tryings = 7, bot id = 8746092424)
Failed to fetch updates - TelegramConflictError: Telegram server says - Conflict: terminated by other getUpdates request; make sure that only one bot instance is running
Sleep for 4.944247 seconds and try again... (tryings = 8, bot id = 8746092424)
Failed to fetch updates - TelegramConflictError: Telegram server says - Conflict: terminated by other getUpdates request; make sure that only one bot instance is running
Sleep for 4.891162 seconds and try again... (tryings = 9, bot id = 8746092424)
Failed to fetch updates - TelegramConflictError: Telegram server says - Conflict: terminated by other getUpdates request; make sure that only one bot instance is running
Sleep for 4.989563 seconds and try again... (tryings = 10, bot id = 8746092424)
Failed to fetch updates - TelegramConflictError: Telegram server says - Conflict: terminated by other getUpdates request; make sure that only one bot instance is running
Sleep for 5.255587 seconds and try again... (tryings = 11, bot id = 8746092424)
Failed to fetch updates - TelegramConflictError: Telegram server says - Conflict: terminated by other getUpdates request; make sure that only one bot instance is running
Sleep for 5.141026 seconds and try again... (tryings = 12, bot id = 8746092424)
Failed to fetch updates - TelegramConflictError: Telegram server says - Conflict: terminated by other getUpdates request; make sure that only one bot instance is running
Sleep for 4.955236 seconds and try again... (tryings = 13, bot id = 8746092424)
Failed to fetch updates - TelegramConflictError: Telegram server says - Conflict: terminated by other getUpdates request; make sure that only one bot instance is running
Sleep for 4.801155 seconds and try again... (tryings = 14, bot id = 8746092424)
Failed to fetch updates - TelegramConflictError: Telegram server says - Conflict: terminated by other getUpdates request; make sure that only one bot instance is running
Sleep for 4.922961 seconds and try again... (tryings = 15, bot id = 8746092424)
Failed to fetch updates - TelegramConflictError: Telegram server says - Conflict: terminated by other getUpdates request; make sure that only one bot instance is running
Sleep for 5.070323 seconds and try again... (tryings = 16, bot id = 8746092424)
Failed to fetch updates - TelegramConflictError: Telegram server says - Conflict: terminated by other getUpdates request; make sure that only one bot instance is running
Sleep for 5.002383 seconds and try again... (tryings = 17, bot id = 8746092424)
Failed to fetch updates - TelegramConflictError: Telegram server says - Conflict: terminated by other getUpdates request; make sure that only one bot instance is running
Sleep for 4.907699 seconds and try again... (tryings = 18, bot id = 8746092424)
Failed to fetch updates - TelegramConflictError: Telegram server says - Conflict: terminated by other getUpdates request; make sure that only one bot instance is running
Sleep for 4.919028 seconds and try again... (tryings = 19, bot id = 8746092424)
Failed to fetch updates - TelegramConflictError: Telegram server says - Conflict: terminated by other getUpdates request; make sure that only one bot instance is running
Sleep for 4.948263 seconds and try again... (tryings = 20, bot id = 8746092424)
Failed to fetch updates - TelegramConflictError: Telegram server says - Conflict: terminated by other getUpdates request; make sure that only one bot instance is running
Sleep for 5.152609 seconds and try again... (tryings = 21, bot id = 8746092424)
Failed to fetch updates - TelegramConflictError: Telegram server says - Conflict: terminated by other getUpdates request; make sure that only one bot instance is running
Sleep for 4.961416 seconds and try again... (tryings = 22, bot id = 8746092424)
Failed to fetch updates - TelegramConflictError: Telegram server says - Conflict: terminated by other getUpdates request; make sure that only one bot instance is running
Sleep for 5.063780 seconds and try again... (tryings = 23, bot id = 8746092424)
Failed to fetch updates - TelegramConflictError: Telegram server says - Conflict: terminated by other getUpdates request; make sure that only one bot instance is running
Sleep for 4.993064 seconds and try again... (tryings = 24, bot id = 8746092424)
Failed to fetch updates - TelegramConflictError: Telegram server says - Conflict: terminated by other getUpdates request; make sure that only one bot instance is running
Sleep for 4.943404 seconds and try again... (tryings = 25, bot id = 8746092424)
Failed to fetch updates - TelegramConflictError: Telegram server says - Conflict: terminated by other getUpdates request; make sure that only one bot instance is running
Sleep for 4.947571 seconds and try again... (tryings = 26, bot id = 8746092424)
Failed to fetch updates - TelegramConflictError: Telegram server says - Conflict: terminated by other getUpdates request; make sure that only one bot instance is running
Sleep for 5.090616 seconds and try again... (tryings = 27, bot id = 8746092424)
Failed to fetch updates - TelegramConflictError: Telegram server says - Conflict: terminated by other getUpdates request; make sure that only one bot instance is running
Sleep for 4.970369 seconds and try again... (tryings = 28, bot id = 8746092424)
Failed to fetch updates - TelegramConflictError: Telegram server says - Conflict: terminated by other getUpdates request; make sure that only one bot instance is running
Sleep for 4.841307 seconds and try again... (tryings = 29, bot id = 8746092424)
Failed to fetch updates - TelegramConflictError: Telegram server says - Conflict: terminated by other getUpdates request; make sure that only one bot instance is running
Sleep for 4.996021 seconds and try again... (tryings = 30, bot id = 8746092424)
Failed to fetch updates - TelegramConflictError: Telegram server says - Conflict: terminated by other getUpdates request; make sure that only one bot instance is running
Sleep for 5.064707 seconds and try again... (tryings = 31, bot id = 8746092424)
Failed to fetch updates - TelegramConflictError: Telegram server says - Conflict: terminated by other getUpdates request; make sure that only one bot instance is running
Sleep for 4.966834 seconds and try again... (tryings = 32, bot id = 8746092424)
Failed to fetch updates - TelegramConflictError: Telegram server says - Conflict: terminated by other getUpdates request; make sure that only one bot instance is running
Sleep for 4.941689 seconds and try again... (tryings = 33, bot id = 8746092424)
Failed to fetch updates - TelegramConflictError: Telegram server says - Conflict: terminated by other getUpdates request; make sure that only one bot instance is running
Sleep for 5.063759 seconds and try again... (tryings = 34, bot id = 8746092424)
Failed to fetch updates - TelegramConflictError: Telegram server says - Conflict: terminated by other getUpdates request; make sure that only one bot instance is running
Sleep for 4.902774 seconds and try again... (tryings = 35, bot id = 8746092424)
Failed to fetch updates - TelegramConflictError: Telegram server says - Conflict: terminated by other getUpdates request; make sure that only one bot instance is running
Sleep for 5.041928 seconds and try again... (tryings = 36, bot id = 8746092424)
Failed to fetch updates - TelegramConflictError: Telegram server says - Conflict: terminated by other getUpdates request; make sure that only one bot instance is running
Sleep for 4.725603 seconds and try again... (tryings = 37, bot id = 8746092424)
{"base": "http://31.57.250.7:2053", "event": "xui.session_expired", "level": "info", "timestamp": "2026-09-23T02:07:52.785745Z"}
{"email": "tg8468512348-2a3e82e8", "err": "csrf fetch failed: HTTP 404", "event": "sync.traffic_failed", "level": "warning", "timestamp": "2026-09-23T02:07:52.786586Z"}
{"base": "http://31.57.250.7:2053", "event": "xui.session_expired", "level": "info", "timestamp": "2026-09-23T02:07:52.817691Z"}
{"email": "tg8468512348-9f205ea7", "err": "csrf fetch failed: HTTP 404", "event": "sync.traffic_failed", "level": "warning", "timestamp": "2026-09-23T02:07:52.817848Z"}
{"base": "http://31.57.250.7:2053", "event": "xui.session_expired", "level": "info", "timestamp": "2026-09-23T02:07:52.848808Z"}
{"email": "tg8468512348-075991b6", "err": "csrf fetch failed: HTTP 404", "event": "sync.traffic_failed", "level": "warning", "timestamp": "2026-09-23T02:07:52.849036Z"}
{"base": "http://31.57.250.7:2053", "event": "xui.session_expired", "level": "info", "timestamp": "2026-09-23T02:07:52.880466Z"}
{"email": "tg2044461386-28a8008c", "err": "csrf fetch failed: HTTP 404", "event": "sync.traffic_failed", "level": "warning", "timestamp": "2026-09-23T02:07:52.880662Z"}
{"base": "http://31.57.250.7:2053", "event": "xui.session_expired", "level": "info", "timestamp": "2026-09-23T02:07:52.911725Z"}
{"email": "tg5469974674-0e21f1d5", "err": "csrf fetch failed: HTTP 404", "event": "sync.traffic_failed", "level": "warning", "timestamp": "2026-09-23T02:07:52.911905Z"}
{"updated": 3, "event": "sync_traffic.done", "level": "info", "timestamp": "2026-09-23T02:07:52.919477Z"}
Failed to fetch updates - TelegramConflictError: Telegram server says - Conflict: terminated by other getUpdates request; make sure that only one bot instance is running
Sleep for 4.877143 seconds and try again... (tryings = 38, bot id = 8746092424)
Failed to fetch updates - TelegramConflictError: Telegram server says - Conflict: terminated by other getUpdates request; make sure that only one bot instance is running
Sleep for 4.952059 seconds and try again... (tryings = 39, bot id = 8746092424)
Failed to fetch updates - TelegramConflictError: Telegram server says - Conflict: terminated by other getUpdates request; make sure that only one bot instance is running
Sleep for 4.930482 seconds and try again... (tryings = 40, bot id = 8746092424)
Failed to fetch updates - TelegramConflictError: Telegram server says - Conflict: terminated by other getUpdates request; make sure that only one bot instance is running
Sleep for 4.925802 seconds and try again... (tryings = 41, bot id = 8746092424)
Failed to fetch updates - TelegramConflictError: Telegram server says - Conflict: terminated by other getUpdates request; make sure that only one bot instance is running
Sleep for 5.146124 seconds and try again... (tryings = 42, bot id = 8746092424)
Failed to fetch updates - TelegramConflictError: Telegram server says - Conflict: terminated by other getUpdates request; make sure that only one bot instance is running
Sleep for 4.984241 seconds and try again... (tryings = 43, bot id = 8746092424)
Failed to fetch updates - TelegramConflictError: Telegram server says - Conflict: terminated by other getUpdates request; make sure that only one bot instance is running
Sleep for 4.906105 seconds and try again... (tryings = 44, bot id = 8746092424)
Failed to fetch updates - TelegramConflictError: Telegram server says - Conflict: terminated by other getUpdates request; make sure that only one bot instance is running
Sleep for 5.098223 seconds and try again... (tryings = 45, bot id = 8746092424)
Failed to fetch updates - TelegramConflictError: Telegram server says - Conflict: terminated by other getUpdates request; make sure that only one bot instance is running
Sleep for 5.030006 seconds and try again... (tryings = 46, bot id = 8746092424)
Failed to fetch updates - TelegramConflictError: Telegram server says - Conflict: terminated by other getUpdates request; make sure that only one bot instance is running
Sleep for 4.961986 seconds and try again... (tryings = 47, bot id = 8746092424)
Failed to fetch updates - TelegramConflictError: Telegram server says - Conflict: terminated by other getUpdates request; make sure that only one bot instance is running
Sleep for 5.116058 seconds and try again... (tryings = 48, bot id = 8746092424)
Failed to fetch updates - TelegramConflictError: Telegram server says - Conflict: terminated by other getUpdates request; make sure that only one bot instance is running
Sleep for 5.055241 seconds and try again... (tryings = 49, bot id = 8746092424)
Failed to fetch updates - TelegramConflictError: Telegram server says - Conflict: terminated by other getUpdates request; make sure that only one bot instance is running
Sleep for 4.990674 seconds and try again... (tryings = 50, bot id = 8746092424)
Failed to fetch updates - TelegramConflictError: Telegram server says - Conflict: terminated by other getUpdates request; make sure that only one bot instance is running
Sleep for 5.011628 seconds and try again... (tryings = 51, bot id = 8746092424)
Failed to fetch updates - TelegramConflictError: Telegram server says - Conflict: terminated by other getUpdates request; make sure that only one bot instance is running
Sleep for 5.148868 seconds and try again... (tryings = 52, bot id = 8746092424)
Failed to fetch updates - TelegramConflictError: Telegram server says - Conflict: terminated by other getUpdates request; make sure that only one bot instance is running
Sleep for 5.200220 seconds and try again... (tryings = 53, bot id = 8746092424)
Failed to fetch updates - TelegramConflictError: Telegram server says - Conflict: terminated by other getUpdates request; make sure that only one bot instance is running
Sleep for 5.032949 seconds and try again... (tryings = 54, bot id = 8746092424)
Failed to fetch updates - TelegramConflictError: Telegram server says - Conflict: terminated by other getUpdates request; make sure that only one bot instance is running
Sleep for 5.015095 seconds and try again... (tryings = 55, bot id = 8746092424)
Failed to fetch updates - TelegramConflictError: Telegram server says - Conflict: terminated by other getUpdates request; make sure that only one bot instance is running
Sleep for 4.793698 seconds and try again... (tryings = 56, bot id = 8746092424)
Received SIGTERM signal
Polling stopped for bot @niro_vpn_bot id=8746092424 - 'NIRO VPN'
Polling stopped
Scheduler has been shut down
Adding job tentatively -- it will be properly scheduled when the scheduler starts
{"job": "sync_traffic", "event": "job.registered", "level": "info", "timestamp": "2026-09-23T02:11:20.854043Z"}
Adding job tentatively -- it will be properly scheduled when the scheduler starts
{"job": "expire_check", "event": "job.registered", "level": "info", "timestamp": "2026-09-23T02:11:20.854538Z"}
Adding job tentatively -- it will be properly scheduled when the scheduler starts
{"job": "notify_expiring", "event": "job.registered", "level": "info", "timestamp": "2026-09-23T02:11:20.854796Z"}
Adding job tentatively -- it will be properly scheduled when the scheduler starts
{"job": "cleanup_deleted", "event": "job.registered", "level": "info", "timestamp": "2026-09-23T02:11:20.855108Z"}
Adding job tentatively -- it will be properly scheduled when the scheduler starts
{"job": "reconcile_payments", "event": "job.registered", "level": "info", "timestamp": "2026-09-23T02:11:20.855387Z"}
Adding job tentatively -- it will be properly scheduled when the scheduler starts
{"job": "reconcile_panel", "event": "job.registered", "level": "info", "timestamp": "2026-09-23T02:11:20.856053Z"}
Adding job tentatively -- it will be properly scheduled when the scheduler starts
{"job": "retry_provisioning", "event": "job.registered", "level": "info", "timestamp": "2026-09-23T02:11:20.856281Z"}
Adding job tentatively -- it will be properly scheduled when the scheduler starts
{"job": "notify_web_manual", "event": "job.registered", "level": "info", "timestamp": "2026-09-23T02:11:20.856473Z"}
Added job "sync_traffic" to job store "default"
Added job "expire_check" to job store "default"
Added job "notify_expiring" to job store "default"
Added job "cleanup_deleted" to job store "default"
Added job "reconcile_payments" to job store "default"
Added job "reconcile_panel" to job store "default"
Added job "retry_provisioning" to job store "default"
Added job "notify_web_manual_payments" to job store "default"
Scheduler started
{"event": "scheduler.started", "level": "info", "timestamp": "2026-09-23T02:11:20.860401Z"}
{"event": "polling.started", "level": "info", "timestamp": "2026-09-23T02:11:21.014690Z"}
{"port": 8081, "event": "internal_api.started", "level": "info", "timestamp": "2026-09-23T02:11:21.293747Z"}
Start polling
Run polling for bot @niro_vpn_bot id=8746092424 - 'NIRO VPN'
Failed to fetch updates - TelegramConflictError: Telegram server says - Conflict: terminated by other getUpdates request; make sure that only one bot instance is running
Sleep for 1.000000 seconds and try again... (tryings = 0, bot id = 8746092424)
Failed to fetch updates - TelegramConflictError: Telegram server says - Conflict: terminated by other getUpdates request; make sure that only one bot instance is running
Sleep for 1.313721 seconds and try again... (tryings = 1, bot id = 8746092424)
Connection established (tryings = 2, bot id = 8746092424)
Update id=711252459 is handled. Duration 237 ms by bot id=8746092424
Failed to fetch updates - TelegramConflictError: Telegram server says - Conflict: terminated by other getUpdates request; make sure that only one bot instance is running
Sleep for 1.000000 seconds and try again... (tryings = 0, bot id = 8746092424)
Failed to fetch updates - TelegramConflictError: Telegram server says - Conflict: terminated by other getUpdates request; make sure that only one bot instance is running
Sleep for 1.043888 seconds and try again... (tryings = 1, bot id = 8746092424)
Failed to fetch updates - TelegramConflictError: Telegram server says - Conflict: terminated by other getUpdates request; make sure that only one bot instance is running
Sleep for 1.427078 seconds and try again... (tryings = 2, bot id = 8746092424)
Failed to fetch updates - TelegramConflictError: Telegram server says - Conflict: terminated by other getUpdates request; make sure that only one bot instance is running
Sleep for 1.677281 seconds and try again... (tryings = 3, bot id = 8746092424)
Failed to fetch updates - TelegramConflictError: Telegram server says - Conflict: terminated by other getUpdates request; make sure that only one bot instance is running
Sleep for 2.157977 seconds and try again... (tryings = 4, bot id = 8746092424)
Failed to fetch updates - TelegramConflictError: Telegram server says - Conflict: terminated by other getUpdates request; make sure that only one bot instance is running
Sleep for 2.912200 seconds and try again... (tryings = 5, bot id = 8746092424)
Connection established (tryings = 6, bot id = 8746092424)
Update id=711252460 is handled. Duration 437 ms by bot id=8746092424
Update id=711252461 is handled. Duration 294 ms by bot id=8746092424
Update id=711252462 is handled. Duration 166 ms by bot id=8746092424
Update id=711252463 is handled. Duration 125 ms by bot id=8746092424
Update id=711252464 is handled. Duration 155 ms by bot id=8746092424
Update id=711252465 is handled. Duration 203 ms by bot id=8746092424
{"base": "http://31.57.250.7:2053", "event": "xui.session_expired", "level": "info", "timestamp": "2026-09-23T02:13:32.395081Z"}
{"sub_id": 29, "server": "nl", "err": "csrf fetch failed: HTTP 404", "event": "panel.replicate_failed", "level": "warning", "timestamp": "2026-09-23T02:13:32.395357Z"}
{"sub_id": 29, "email": "tg8468512348-61ddd8d0", "server": "fr-1", "plan": "3m", "event": "grant.ok", "level": "info", "timestamp": "2026-09-23T02:13:32.395567Z"}
{"base": "http://31.57.250.7:2053", "event": "xui.session_expired", "level": "info", "timestamp": "2026-09-23T02:13:32.490730Z"}
{"update_id": 711252466, "err": "csrf fetch failed: HTTP 404", "event": "handler.error", "level": "error", "timestamp": "2026-09-23T02:13:32.504179Z"}
Update id=711252466 is handled. Duration 840 ms by bot id=8746092424
Received SIGTERM signal
Polling stopped for bot @niro_vpn_bot id=8746092424 - 'NIRO VPN'
Polling stopped
Scheduler has been shut down
Adding job tentatively -- it will be properly scheduled when the scheduler starts
{"job": "sync_traffic", "event": "job.registered", "level": "info", "timestamp": "2026-09-23T02:24:16.464401Z"}
Adding job tentatively -- it will be properly scheduled when the scheduler starts
{"job": "expire_check", "event": "job.registered", "level": "info", "timestamp": "2026-09-23T02:24:16.464933Z"}
Adding job tentatively -- it will be properly scheduled when the scheduler starts
{"job": "notify_expiring", "event": "job.registered", "level": "info", "timestamp": "2026-09-23T02:24:16.465243Z"}
Adding job tentatively -- it will be properly scheduled when the scheduler starts
{"job": "cleanup_deleted", "event": "job.registered", "level": "info", "timestamp": "2026-09-23T02:24:16.465457Z"}
Adding job tentatively -- it will be properly scheduled when the scheduler starts
{"job": "reconcile_payments", "event": "job.registered", "level": "info", "timestamp": "2026-09-23T02:24:16.466829Z"}
Adding job tentatively -- it will be properly scheduled when the scheduler starts
{"job": "reconcile_panel", "event": "job.registered", "level": "info", "timestamp": "2026-09-23T02:24:16.468583Z"}
Adding job tentatively -- it will be properly scheduled when the scheduler starts
{"job": "retry_provisioning", "event": "job.registered", "level": "info", "timestamp": "2026-09-23T02:24:16.469077Z"}
Adding job tentatively -- it will be properly scheduled when the scheduler starts
{"job": "notify_web_manual", "event": "job.registered", "level": "info", "timestamp": "2026-09-23T02:24:16.469344Z"}
Added job "sync_traffic" to job store "default"
Added job "expire_check" to job store "default"
Added job "notify_expiring" to job store "default"
Added job "cleanup_deleted" to job store "default"
Added job "reconcile_payments" to job store "default"
Added job "reconcile_panel" to job store "default"
Added job "retry_provisioning" to job store "default"
Added job "notify_web_manual_payments" to job store "default"
Scheduler started
{"event": "scheduler.started", "level": "info", "timestamp": "2026-09-23T02:24:16.477337Z"}
{"event": "polling.started", "level": "info", "timestamp": "2026-09-23T02:24:16.648469Z"}
{"port": 8081, "event": "internal_api.started", "level": "info", "timestamp": "2026-09-23T02:24:16.915287Z"}
Start polling
Run polling for bot @niro_vpn_bot id=8746092424 - 'NIRO VPN'
Update id=711252468 is handled. Duration 242 ms by bot id=8746092424
Update id=711252469 is handled. Duration 217 ms by bot id=8746092424
Update id=711252470 is handled. Duration 178 ms by bot id=8746092424
Update id=711252471 is handled. Duration 190 ms by bot id=8746092424
{"sub_id": 29, "server": "nl", "event": "panel.replicated", "level": "info", "timestamp": "2026-09-23T02:24:23.810831Z"}
{"sub_id": 29, "email": "tg8468512348-7a60e445", "server": "lv", "plan": "1m", "event": "grant.ok", "level": "info", "timestamp": "2026-09-23T02:24:23.811438Z"}
Update id=711252472 is handled. Duration 920 ms by bot id=8746092424
{"updated": 7, "event": "sync_traffic.done", "level": "info", "timestamp": "2026-09-23T02:39:16.907450Z"}
Update id=711252473 is handled. Duration 248 ms by bot id=8746092424
Update id=711252474 is handled. Duration 134 ms by bot id=8746092424
{"updated": 7, "event": "sync_traffic.done", "level": "info", "timestamp": "2026-09-23T02:54:17.474947Z"}
{"updated": 7, "event": "sync_traffic.done", "level": "info", "timestamp": "2026-09-23T03:09:17.506328Z"}
{"updated": 7, "event": "sync_traffic.done", "level": "info", "timestamp": "2026-09-23T03:24:17.361118Z"}
{"updated": 7, "event": "sync_traffic.done", "level": "info", "timestamp": "2026-09-23T03:39:17.355327Z"}
{"updated": 7, "event": "sync_traffic.done", "level": "info", "timestamp": "2026-09-23T03:54:17.292759Z"}
{"updated": 7, "event": "sync_traffic.done", "level": "info", "timestamp": "2026-09-23T04:09:17.385466Z"}
{"updated": 7, "event": "sync_traffic.done", "level": "info", "timestamp": "2026-09-23T04:24:17.484673Z"}
{"updated": 7, "event": "sync_traffic.done", "level": "info", "timestamp": "2026-09-23T04:39:17.454970Z"}
{"updated": 7, "event": "sync_traffic.done", "level": "info", "timestamp": "2026-09-23T04:54:17.320592Z"}
{"updated": 7, "event": "sync_traffic.done", "level": "info", "timestamp": "2026-09-23T05:09:17.273470Z"}
{"updated": 7, "event": "sync_traffic.done", "level": "info", "timestamp": "2026-09-23T05:24:17.237212Z"}
{"updated": 7, "event": "sync_traffic.done", "level": "info", "timestamp": "2026-09-23T05:39:17.334403Z"}
{"updated": 7, "event": "sync_traffic.done", "level": "info", "timestamp": "2026-09-23T05:54:17.539231Z"}
{"updated": 7, "event": "sync_traffic.done", "level": "info", "timestamp": "2026-09-23T06:09:17.290718Z"}
{"updated": 7, "event": "sync_traffic.done", "level": "info", "timestamp": "2026-09-23T06:24:17.344993Z"}
{"updated": 7, "event": "sync_traffic.done", "level": "info", "timestamp": "2026-09-23T06:39:17.256945Z"}
{"updated": 7, "event": "sync_traffic.done", "level": "info", "timestamp": "2026-09-23T06:54:17.267461Z"}
{"updated": 7, "event": "sync_traffic.done", "level": "info", "timestamp": "2026-09-23T07:09:17.347742Z"}
{"updated": 7, "event": "sync_traffic.done", "level": "info", "timestamp": "2026-09-23T07:24:17.270549Z"}
{"updated": 7, "event": "sync_traffic.done", "level": "info", "timestamp": "2026-09-23T07:39:17.330682Z"}
{"updated": 7, "event": "sync_traffic.done", "level": "info", "timestamp": "2026-09-23T07:54:17.233636Z"}
{"updated": 7, "event": "sync_traffic.done", "level": "info", "timestamp": "2026-09-23T08:09:17.248439Z"}
{"base": "http://31.57.250.7:2053/hGnKuPC9Q1A6Csx5ls", "event": "xui.session_expired", "level": "info", "timestamp": "2026-09-23T08:24:17.051794Z"}
{"updated": 7, "event": "sync_traffic.done", "level": "info", "timestamp": "2026-09-23T08:24:17.606040Z"}
{"updated": 7, "event": "sync_traffic.done", "level": "info", "timestamp": "2026-09-23T08:39:17.324748Z"}
{"updated": 7, "event": "sync_traffic.done", "level": "info", "timestamp": "2026-09-23T08:54:17.573563Z"}
{"updated": 7, "event": "sync_traffic.done", "level": "info", "timestamp": "2026-09-23T09:09:17.455921Z"}
{"updated": 7, "event": "sync_traffic.done", "level": "info", "timestamp": "2026-09-23T09:24:17.361815Z"}
{"updated": 7, "event": "sync_traffic.done", "level": "info", "timestamp": "2026-09-23T09:39:17.555899Z"}
{"updated": 7, "event": "sync_traffic.done", "level": "info", "timestamp": "2026-09-23T09:54:17.335875Z"}
{"updated": 7, "event": "sync_traffic.done", "level": "info", "timestamp": "2026-09-23T10:09:17.504427Z"}
{"updated": 7, "event": "sync_traffic.done", "level": "info", "timestamp": "2026-09-23T10:24:17.319246Z"}
Received SIGTERM signal
Polling stopped for bot @niro_vpn_bot id=8746092424 - 'NIRO VPN'
Polling stopped
Scheduler has been shut down
Adding job tentatively -- it will be properly scheduled when the scheduler starts
{"job": "sync_traffic", "event": "job.registered", "level": "info", "timestamp": "2026-09-23T10:33:56.432719Z"}
Adding job tentatively -- it will be properly scheduled when the scheduler starts
{"job": "expire_check", "event": "job.registered", "level": "info", "timestamp": "2026-09-23T10:33:56.433163Z"}
Adding job tentatively -- it will be properly scheduled when the scheduler starts
{"job": "notify_expiring", "event": "job.registered", "level": "info", "timestamp": "2026-09-23T10:33:56.433392Z"}
Adding job tentatively -- it will be properly scheduled when the scheduler starts
{"job": "cleanup_deleted", "event": "job.registered", "level": "info", "timestamp": "2026-09-23T10:33:56.433637Z"}
Adding job tentatively -- it will be properly scheduled when the scheduler starts
{"job": "reconcile_payments", "event": "job.registered", "level": "info", "timestamp": "2026-09-23T10:33:56.433846Z"}
Adding job tentatively -- it will be properly scheduled when the scheduler starts
{"job": "reconcile_panel", "event": "job.registered", "level": "info", "timestamp": "2026-09-23T10:33:56.434457Z"}
Adding job tentatively -- it will be properly scheduled when the scheduler starts
{"job": "retry_provisioning", "event": "job.registered", "level": "info", "timestamp": "2026-09-23T10:33:56.434705Z"}
Adding job tentatively -- it will be properly scheduled when the scheduler starts
{"job": "notify_web_manual", "event": "job.registered", "level": "info", "timestamp": "2026-09-23T10:33:56.434908Z"}
Added job "sync_traffic" to job store "default"
Added job "expire_check" to job store "default"
Added job "notify_expiring" to job store "default"
Added job "cleanup_deleted" to job store "default"
Added job "reconcile_payments" to job store "default"
Added job "reconcile_panel" to job store "default"
Added job "retry_provisioning" to job store "default"
Added job "notify_web_manual_payments" to job store "default"
Scheduler started
{"event": "scheduler.started", "level": "info", "timestamp": "2026-09-23T10:33:56.437686Z"}
{"event": "polling.started", "level": "info", "timestamp": "2026-09-23T10:33:56.643125Z"}
{"port": 8081, "event": "internal_api.started", "level": "info", "timestamp": "2026-09-23T10:33:56.986137Z"}
Start polling
Run polling for bot @niro_vpn_bot id=8746092424 - 'NIRO VPN'
Update id=711252475 is handled. Duration 320 ms by bot id=8746092424
Update id=711252476 is handled. Duration 161 ms by bot id=8746092424
Update id=711252477 is handled. Duration 155 ms by bot id=8746092424
Update id=711252478 is handled. Duration 184 ms by bot id=8746092424
{"sub_id": 30, "server": "nl", "event": "panel.replicated", "level": "info", "timestamp": "2026-09-23T10:35:45.647859Z"}
{"sub_id": 30, "email": "tg8468512348-b36fde64", "server": "lv", "plan": "1m", "event": "grant.ok", "level": "info", "timestamp": "2026-09-23T10:35:45.648230Z"}
Update id=711252479 is handled. Duration 957 ms by bot id=8746092424
Update id=711252480 is handled. Duration 305 ms by bot id=8746092424
Update id=711252481 is handled. Duration 140 ms by bot id=8746092424
Update id=711252482 is handled. Duration 133 ms by bot id=8746092424
{"updated": 8, "event": "sync_traffic.done", "level": "info", "timestamp": "2026-09-23T10:48:56.892947Z"}
Update id=711252483 is handled. Duration 219 ms by bot id=8746092424
Update id=711252484 is handled. Duration 354 ms by bot id=8746092424
Update id=711252485 is handled. Duration 256 ms by bot id=8746092424
Update id=711252486 is handled. Duration 145 ms by bot id=8746092424
Update id=711252487 is handled. Duration 132 ms by bot id=8746092424
{"updated": 8, "event": "sync_traffic.done", "level": "info", "timestamp": "2026-09-23T11:03:57.309619Z"}
{"updated": 8, "event": "sync_traffic.done", "level": "info", "timestamp": "2026-09-23T11:18:57.348889Z"}
{"updated": 18, "event": "sync_traffic.done", "level": "info", "timestamp": "2026-09-23T11:33:57.336581Z"}
{"updated": 18, "event": "sync_traffic.done", "level": "info", "timestamp": "2026-09-23T11:48:57.479539Z"}
Update id=711252488 is handled. Duration 216 ms by bot id=8746092424
Update id=711252489 is handled. Duration 129 ms by bot id=8746092424
Update id=711252490 is handled. Duration 147 ms by bot id=8746092424
Update id=711252491 is handled. Duration 133 ms by bot id=8746092424
Update id=711252492 is handled. Duration 160 ms by bot id=8746092424
{"updated": 18, "event": "sync_traffic.done", "level": "info", "timestamp": "2026-09-23T12:03:57.300292Z"}
{"updated": 18, "event": "sync_traffic.done", "level": "info", "timestamp": "2026-09-23T12:18:57.377926Z"}
{"updated": 18, "event": "sync_traffic.done", "level": "info", "timestamp": "2026-09-23T12:33:57.377949Z"}
{"updated": 18, "event": "sync_traffic.done", "level": "info", "timestamp": "2026-09-23T12:48:57.357283Z"}
{"updated": 18, "event": "sync_traffic.done", "level": "info", "timestamp": "2026-09-23T13:03:57.535575Z"}
{"updated": 18, "event": "sync_traffic.done", "level": "info", "timestamp": "2026-09-23T13:18:57.308924Z"}
{"updated": 18, "event": "sync_traffic.done", "level": "info", "timestamp": "2026-09-23T13:33:57.393868Z"}
{"updated": 18, "event": "sync_traffic.done", "level": "info", "timestamp": "2026-09-23T13:48:57.283951Z"}
{"updated": 18, "event": "sync_traffic.done", "level": "info", "timestamp": "2026-09-23T14:03:57.444480Z"}
{"updated": 18, "event": "sync_traffic.done", "level": "info", "timestamp": "2026-09-23T14:18:57.353123Z"}
{"updated": 18, "event": "sync_traffic.done", "level": "info", "timestamp": "2026-09-23T14:33:57.444245Z"}
{"updated": 18, "event": "sync_traffic.done", "level": "info", "timestamp": "2026-09-23T14:48:57.375140Z"}
{"updated": 18, "event": "sync_traffic.done", "level": "info", "timestamp": "2026-09-23T15:03:57.434836Z"}
{"updated": 18, "event": "sync_traffic.done", "level": "info", "timestamp": "2026-09-23T15:18:57.283337Z"}
{"updated": 18, "event": "sync_traffic.done", "level": "info", "timestamp": "2026-09-23T15:33:57.566309Z"}
{"updated": 18, "event": "sync_traffic.done", "level": "info", "timestamp": "2026-09-23T15:48:57.306766Z"}
{"updated": 18, "event": "sync_traffic.done", "level": "info", "timestamp": "2026-09-23T16:03:57.537411Z"}
{"updated": 18, "event": "sync_traffic.done", "level": "info", "timestamp": "2026-09-23T16:18:57.325715Z"}
{"base": "http://31.57.250.7:2053/hGnKuPC9Q1A6Csx5ls", "event": "xui.session_expired", "level": "info", "timestamp": "2026-09-23T16:33:57.357278Z"}
{"updated": 18, "event": "sync_traffic.done", "level": "info", "timestamp": "2026-09-23T16:33:57.864402Z"}
{"updated": 18, "event": "sync_traffic.done", "level": "info", "timestamp": "2026-09-23T16:48:57.370708Z"}
{"updated": 18, "event": "sync_traffic.done", "level": "info", "timestamp": "2026-09-23T17:03:57.604123Z"}
Update id=711252493 is handled. Duration 335 ms by bot id=8746092424
Update id=711252494 is handled. Duration 330 ms by bot id=8746092424
Update id=711252495 is handled. Duration 115 ms by bot id=8746092424
{"updated": 18, "event": "sync_traffic.done", "level": "info", "timestamp": "2026-09-23T17:18:57.736730Z"}
{"updated": 18, "event": "sync_traffic.done", "level": "info", "timestamp": "2026-09-23T17:33:57.503367Z"}
{"updated": 18, "event": "sync_traffic.done", "level": "info", "timestamp": "2026-09-23T17:48:57.368579Z"}
{"updated": 18, "event": "sync_traffic.done", "level": "info", "timestamp": "2026-09-23T18:03:57.400385Z"}
{"updated": 18, "event": "sync_traffic.done", "level": "info", "timestamp": "2026-09-23T18:18:57.319151Z"}
{"updated": 18, "event": "sync_traffic.done", "level": "info", "timestamp": "2026-09-23T18:33:57.675684Z"}
{"updated": 18, "event": "sync_traffic.done", "level": "info", "timestamp": "2026-09-23T18:48:57.438586Z"}
{"updated": 18, "event": "sync_traffic.done", "level": "info", "timestamp": "2026-09-23T19:03:57.385603Z"}
{"updated": 18, "event": "sync_traffic.done", "level": "info", "timestamp": "2026-09-23T19:18:57.346921Z"}
{"updated": 18, "event": "sync_traffic.done", "level": "info", "timestamp": "2026-09-23T19:33:57.352045Z"}
{"updated": 18, "event": "sync_traffic.done", "level": "info", "timestamp": "2026-09-23T19:48:57.310423Z"}
{"updated": 18, "event": "sync_traffic.done", "level": "info", "timestamp": "2026-09-23T20:03:57.337757Z"}
{"updated": 18, "event": "sync_traffic.done", "level": "info", "timestamp": "2026-09-23T20:18:57.268305Z"}
{"updated": 18, "event": "sync_traffic.done", "level": "info", "timestamp": "2026-09-23T20:33:57.559071Z"}
{"updated": 18, "event": "sync_traffic.done", "level": "info", "timestamp": "2026-09-23T20:48:57.396025Z"}
{"updated": 18, "event": "sync_traffic.done", "level": "info", "timestamp": "2026-09-23T21:03:57.787007Z"}
{"updated": 18, "event": "sync_traffic.done", "level": "info", "timestamp": "2026-09-23T21:18:57.369366Z"}
{"updated": 18, "event": "sync_traffic.done", "level": "info", "timestamp": "2026-09-23T21:33:57.331485Z"}
{"updated": 18, "event": "sync_traffic.done", "level": "info", "timestamp": "2026-09-23T21:48:57.285522Z"}
{"updated": 18, "event": "sync_traffic.done", "level": "info", "timestamp": "2026-09-23T22:03:57.318840Z"}
{"updated": 18, "event": "sync_traffic.done", "level": "info", "timestamp": "2026-09-23T22:18:57.315412Z"}
{"base": "http://31.57.250.7:2053/hGnKuPC9Q1A6Csx5ls", "event": "xui.session_expired", "level": "info", "timestamp": "2026-09-23T22:33:57.263114Z"}
{"updated": 18, "event": "sync_traffic.done", "level": "info", "timestamp": "2026-09-23T22:33:57.618163Z"}
{"updated": 18, "event": "sync_traffic.done", "level": "info", "timestamp": "2026-09-23T22:48:57.391686Z"}
{"updated": 18, "event": "sync_traffic.done", "level": "info", "timestamp": "2026-09-23T23:03:57.488995Z"}
{"updated": 18, "event": "sync_traffic.done", "level": "info", "timestamp": "2026-09-23T23:18:57.449197Z"}
{"updated": 18, "event": "sync_traffic.done", "level": "info", "timestamp": "2026-09-23T23:33:57.503349Z"}
{"updated": 18, "event": "sync_traffic.done", "level": "info", "timestamp": "2026-09-23T23:48:57.402546Z"}
{"updated": 18, "event": "sync_traffic.done", "level": "info", "timestamp": "2026-09-24T00:03:57.453551Z"}
{"updated": 18, "event": "sync_traffic.done", "level": "info", "timestamp": "2026-09-24T00:18:57.458342Z"}
{"updated": 18, "event": "sync_traffic.done", "level": "info", "timestamp": "2026-09-24T00:33:57.521466Z"}
{"updated": 18, "event": "sync_traffic.done", "level": "info", "timestamp": "2026-09-24T00:48:57.355914Z"}
{"updated": 18, "event": "sync_traffic.done", "level": "info", "timestamp": "2026-09-24T01:03:57.470861Z"}
{"updated": 18, "event": "sync_traffic.done", "level": "info", "timestamp": "2026-09-24T01:18:57.275113Z"}
{"updated": 18, "event": "sync_traffic.done", "level": "info", "timestamp": "2026-09-24T01:33:57.332378Z"}
{"updated": 18, "event": "sync_traffic.done", "level": "info", "timestamp": "2026-09-24T01:48:57.262100Z"}
{"updated": 18, "event": "sync_traffic.done", "level": "info", "timestamp": "2026-09-24T02:03:57.323565Z"}
{"updated": 18, "event": "sync_traffic.done", "level": "info", "timestamp": "2026-09-24T02:18:57.279708Z"}
{"updated": 18, "event": "sync_traffic.done", "level": "info", "timestamp": "2026-09-24T02:33:57.231304Z"}
{"updated": 18, "event": "sync_traffic.done", "level": "info", "timestamp": "2026-09-24T02:48:57.215434Z"}
{"updated": 18, "event": "sync_traffic.done", "level": "info", "timestamp": "2026-09-24T03:03:57.477739Z"}
{"updated": 18, "event": "sync_traffic.done", "level": "info", "timestamp": "2026-09-24T03:18:57.295968Z"}
{"updated": 18, "event": "sync_traffic.done", "level": "info", "timestamp": "2026-09-24T03:33:57.259927Z"}
{"updated": 18, "event": "sync_traffic.done", "level": "info", "timestamp": "2026-09-24T03:48:57.273617Z"}
{"updated": 18, "event": "sync_traffic.done", "level": "info", "timestamp": "2026-09-24T04:03:57.312072Z"}
{"updated": 18, "event": "sync_traffic.done", "level": "info", "timestamp": "2026-09-24T04:18:57.288727Z"}
{"updated": 18, "event": "sync_traffic.done", "level": "info", "timestamp": "2026-09-24T04:33:57.745206Z"}
{"updated": 18, "event": "sync_traffic.done", "level": "info", "timestamp": "2026-09-24T04:48:57.310587Z"}
{"updated": 18, "event": "sync_traffic.done", "level": "info", "timestamp": "2026-09-24T05:03:57.321221Z"}
{"updated": 18, "event": "sync_traffic.done", "level": "info", "timestamp": "2026-09-24T05:18:57.346885Z"}
{"updated": 18, "event": "sync_traffic.done", "level": "info", "timestamp": "2026-09-24T05:33:57.291478Z"}
{"updated": 18, "event": "sync_traffic.done", "level": "info", "timestamp": "2026-09-24T05:48:57.291134Z"}
{"updated": 18, "event": "sync_traffic.done", "level": "info", "timestamp": "2026-09-24T06:03:57.289066Z"}
{"updated": 18, "event": "sync_traffic.done", "level": "info", "timestamp": "2026-09-24T06:18:57.307088Z"}
{"updated": 18, "event": "sync_traffic.done", "level": "info", "timestamp": "2026-09-24T06:33:57.528883Z"}
{"updated": 18, "event": "sync_traffic.done", "level": "info", "timestamp": "2026-09-24T06:48:57.232437Z"}
{"updated": 18, "event": "sync_traffic.done", "level": "info", "timestamp": "2026-09-24T07:03:57.354203Z"}
{"updated": 18, "event": "sync_traffic.done", "level": "info", "timestamp": "2026-09-24T07:18:57.248930Z"}
{"updated": 18, "event": "sync_traffic.done", "level": "info", "timestamp": "2026-09-24T07:33:57.251225Z"}
{"updated": 18, "event": "sync_traffic.done", "level": "info", "timestamp": "2026-09-24T07:48:57.329733Z"}
{"updated": 18, "event": "sync_traffic.done", "level": "info", "timestamp": "2026-09-24T08:03:57.325738Z"}
{"updated": 18, "event": "sync_traffic.done", "level": "info", "timestamp": "2026-09-24T08:18:57.441958Z"}
{"updated": 18, "event": "sync_traffic.done", "level": "info", "timestamp": "2026-09-24T08:33:57.315315Z"}
{"updated": 18, "event": "sync_traffic.done", "level": "info", "timestamp": "2026-09-24T08:48:57.314071Z"}
{"updated": 18, "event": "sync_traffic.done", "level": "info", "timestamp": "2026-09-24T09:03:57.525757Z"}
Update id=711252496 is handled. Duration 167 ms by bot id=8746092424
Update id=711252497 is handled. Duration 285 ms by bot id=8746092424
Update id=711252498 is handled. Duration 135 ms by bot id=8746092424
Update id=711252499 is handled. Duration 226 ms by bot id=8746092424
{"sub_id": 21, "server": "lv", "err": "Something went wrong (record not found)", "event": "renew.replicate_failed", "level": "warning", "timestamp": "2026-09-24T09:14:56.513304Z"}
{"sub_id": 21, "until": "2026-10-09T17:06:14.637871+00:00", "event": "renew.ok", "level": "info", "timestamp": "2026-09-24T09:14:56.514077Z"}
Update id=711252500 is handled. Duration 753 ms by bot id=8746092424
Update id=711252501 is handled. Duration 331 ms by bot id=8746092424
Update id=711252502 is handled. Duration 105 ms by bot id=8746092424
Update id=711252503 is handled. Duration 166 ms by bot id=8746092424
Update id=711252504 is handled. Duration 266 ms by bot id=8746092424
Update id=711252505 is handled. Duration 150 ms by bot id=8746092424
Update id=711252506 is handled. Duration 222 ms by bot id=8746092424
Update id=711252507 is handled. Duration 105 ms by bot id=8746092424
Update id=711252508 is handled. Duration 258 ms by bot id=8746092424
{"payment_id": 70, "provider": "manual", "amount": 14900, "event": "payment.created", "level": "info", "timestamp": "2026-09-24T09:17:17.692271Z"}
{"payment_id": 71, "provider": "manual", "amount": 14900, "event": "payment.created", "level": "info", "timestamp": "2026-09-24T09:17:17.702080Z"}
Update id=711252509 is handled. Duration 163 ms by bot id=8746092424
Update id=711252510 is handled. Duration 168 ms by bot id=8746092424
Update id=711252511 is handled. Duration 380 ms by bot id=8746092424
{"sub_id": 21, "server": "lv", "err": "Something went wrong (record not found)", "event": "renew.replicate_failed", "level": "warning", "timestamp": "2026-09-24T09:17:49.286006Z"}
{"sub_id": 21, "until": "2026-11-08T17:06:14.637871+00:00", "event": "renew.ok", "level": "info", "timestamp": "2026-09-24T09:17:49.286371Z"}
Update id=711252512 is handled. Duration 512 ms by bot id=8746092424
Update id=711252513 is handled. Duration 171 ms by bot id=8746092424
Update id=711252514 is handled. Duration 112 ms by bot id=8746092424
Update id=711252515 is handled. Duration 139 ms by bot id=8746092424
Update id=711252516 is handled. Duration 122 ms by bot id=8746092424
Update id=711252517 is handled. Duration 175 ms by bot id=8746092424
Update id=711252518 is handled. Duration 160 ms by bot id=8746092424
{"updated": 18, "event": "sync_traffic.done", "level": "info", "timestamp": "2026-09-24T09:18:56.891222Z"}
Update id=711252519 is handled. Duration 309 ms by bot id=8746092424
Update id=711252520 is handled. Duration 113 ms by bot id=8746092424
Update id=711252521 is handled. Duration 354 ms by bot id=8746092424
Update id=711252522 is handled. Duration 161 ms by bot id=8746092424
Update id=711252523 is handled. Duration 120 ms by bot id=8746092424
Update id=711252524 is handled. Duration 148 ms by bot id=8746092424
Update id=711252525 is handled. Duration 148 ms by bot id=8746092424
Update id=711252526 is handled. Duration 129 ms by bot id=8746092424
Update id=711252527 is handled. Duration 181 ms by bot id=8746092424
Update id=711252528 is handled. Duration 146 ms by bot id=8746092424
Update id=711252529 is handled. Duration 223 ms by bot id=8746092424
Update id=711252530 is handled. Duration 172 ms by bot id=8746092424
Update id=711252531 is handled. Duration 89 ms by bot id=8746092424
Update id=711252532 is handled. Duration 189 ms by bot id=8746092424
Update id=711252533 is handled. Duration 174 ms by bot id=8746092424
Update id=711252534 is handled. Duration 195 ms by bot id=8746092424
{"sub_id": 31, "server": "nl", "event": "panel.replicated", "level": "info", "timestamp": "2026-09-24T09:24:32.725931Z"}
{"sub_id": 31, "email": "tg8468512348-0a8dd48c", "server": "lv", "plan": "1m", "event": "grant.ok", "level": "info", "timestamp": "2026-09-24T09:24:32.726307Z"}
Update id=711252535 is handled. Duration 768 ms by bot id=8746092424
{"updated": 19, "event": "sync_traffic.done", "level": "info", "timestamp": "2026-09-24T09:33:56.952067Z"}
{"updated": 19, "event": "sync_traffic.done", "level": "info", "timestamp": "2026-09-24T09:48:57.525840Z"}
{"updated": 19, "event": "sync_traffic.done", "level": "info", "timestamp": "2026-09-24T10:03:57.667169Z"}
{"updated": 19, "event": "sync_traffic.done", "level": "info", "timestamp": "2026-09-24T10:18:57.714297Z"}
{"base": "http://31.57.250.7:2053/hGnKuPC9Q1A6Csx5ls", "event": "xui.session_expired", "level": "info", "timestamp": "2026-09-24T10:33:57.357078Z"}
{"updated": 19, "event": "sync_traffic.done", "level": "info", "timestamp": "2026-09-24T10:33:57.765315Z"}
{"updated": 19, "event": "sync_traffic.done", "level": "info", "timestamp": "2026-09-24T10:48:57.383056Z"}
{"updated": 19, "event": "sync_traffic.done", "level": "info", "timestamp": "2026-09-24T11:03:57.285319Z"}
{"updated": 19, "event": "sync_traffic.done", "level": "info", "timestamp": "2026-09-24T11:18:57.335817Z"}
{"updated": 19, "event": "sync_traffic.done", "level": "info", "timestamp": "2026-09-24T11:33:57.386568Z"}
{"updated": 19, "event": "sync_traffic.done", "level": "info", "timestamp": "2026-09-24T11:48:57.386092Z"}
{"updated": 19, "event": "sync_traffic.done", "level": "info", "timestamp": "2026-09-24T12:03:57.767127Z"}
{"updated": 19, "event": "sync_traffic.done", "level": "info", "timestamp": "2026-09-24T12:18:57.346786Z"}
Update id=711252536 is handled. Duration 258 ms by bot id=8746092424
Update id=711252537 is handled. Duration 133 ms by bot id=8746092424
Update id=711252538 is handled. Duration 114 ms by bot id=8746092424
Update id=711252539 is handled. Duration 193 ms by bot id=8746092424
Update id=711252540 is handled. Duration 267 ms by bot id=8746092424
Update id=711252541 is handled. Duration 134 ms by bot id=8746092424
Update id=711252542 is handled. Duration 192 ms by bot id=8746092424
Update id=711252543 is handled. Duration 124 ms by bot id=8746092424
Update id=711252544 is handled. Duration 167 ms by bot id=8746092424
Update id=711252545 is handled. Duration 132 ms by bot id=8746092424
Update id=711252546 is handled. Duration 181 ms by bot id=8746092424
Update id=711252547 is handled. Duration 124 ms by bot id=8746092424
Update id=711252548 is handled. Duration 144 ms by bot id=8746092424
Update id=711252549 is handled. Duration 208 ms by bot id=8746092424
Update id=711252550 is handled. Duration 192 ms by bot id=8746092424
Update id=711252551 is handled. Duration 237 ms by bot id=8746092424
Update id=711252552 is handled. Duration 105 ms by bot id=8746092424
Update id=711252553 is handled. Duration 202 ms by bot id=8746092424
{"updated": 19, "event": "sync_traffic.done", "level": "info", "timestamp": "2026-09-24T12:33:57.369597Z"}
Update id=711252554 is handled. Duration 213 ms by bot id=8746092424
Update id=711252555 is handled. Duration 193 ms by bot id=8746092424
{"telegram_id": 5840831259, "event": "start.site_code_issued", "level": "info", "timestamp": "2026-09-24T12:37:48.174378Z"}
Update id=711252556 is handled. Duration 420 ms by bot id=8746092424
Update id=711252557 is handled. Duration 240 ms by bot id=8746092424
Update id=711252558 is handled. Duration 213 ms by bot id=8746092424
Update id=711252559 is handled. Duration 164 ms by bot id=8746092424
Update id=711252560 is handled. Duration 230 ms by bot id=8746092424
Update id=711252561 is handled. Duration 112 ms by bot id=8746092424
Update id=711252562 is handled. Duration 243 ms by bot id=8746092424
Update id=711252563 is handled. Duration 153 ms by bot id=8746092424
{"sub_id": 32, "server": "lv", "event": "panel.replicated", "level": "info", "timestamp": "2026-09-24T12:42:37.347390Z"}
{"sub_id": 32, "email": "tg5840831259-5e7c7c25", "server": "nl", "plan": "trial", "event": "grant.ok", "level": "info", "timestamp": "2026-09-24T12:42:37.348941Z"}
Update id=711252564 is handled. Duration 1018 ms by bot id=8746092424
Update id=711252565 is handled. Duration 613 ms by bot id=8746092424
Update id=711252566 is handled. Duration 95 ms by bot id=8746092424
Update id=711252567 is handled. Duration 120 ms by bot id=8746092424
{"sub_id": 32, "server": "lv", "event": "renew.replicated", "level": "info", "timestamp": "2026-09-24T12:43:39.162987Z"}
{"sub_id": 32, "until": "2026-10-08T12:42:36.611275+00:00", "event": "renew.ok", "level": "info", "timestamp": "2026-09-24T12:43:39.163581Z"}
Update id=711252568 is handled. Duration 489 ms by bot id=8746092424
Update id=711252569 is not handled. Duration 7 ms by bot id=8746092424
{"updated": 20, "event": "sync_traffic.done", "level": "info", "timestamp": "2026-09-24T12:48:56.985652Z"}
{"updated": 20, "event": "sync_traffic.done", "level": "info", "timestamp": "2026-09-24T13:03:57.542438Z"}
Update id=711252570 is handled. Duration 233 ms by bot id=8746092424
Update id=711252571 is handled. Duration 235 ms by bot id=8746092424
{"updated": 20, "event": "sync_traffic.done", "level": "info", "timestamp": "2026-09-24T13:18:57.339352Z"}
{"updated": 20, "event": "sync_traffic.done", "level": "info", "timestamp": "2026-09-24T13:33:57.406762Z"}
{"updated": 20, "event": "sync_traffic.done", "level": "info", "timestamp": "2026-09-24T13:48:57.438948Z"}
{"updated": 20, "event": "sync_traffic.done", "level": "info", "timestamp": "2026-09-24T14:03:57.494799Z"}
{"updated": 20, "event": "sync_traffic.done", "level": "info", "timestamp": "2026-09-24T14:18:57.398570Z"}
{"updated": 20, "event": "sync_traffic.done", "level": "info", "timestamp": "2026-09-24T14:33:57.590152Z"}
{"updated": 20, "event": "sync_traffic.done", "level": "info", "timestamp": "2026-09-24T14:48:57.469571Z"}
{"updated": 20, "event": "sync_traffic.done", "level": "info", "timestamp": "2026-09-24T15:03:57.571106Z"}
{"updated": 20, "event": "sync_traffic.done", "level": "info", "timestamp": "2026-09-24T15:18:57.532564Z"}
{"updated": 20, "event": "sync_traffic.done", "level": "info", "timestamp": "2026-09-24T15:33:57.538375Z"}
{"updated": 20, "event": "sync_traffic.done", "level": "info", "timestamp": "2026-09-24T15:48:57.430363Z"}
{"updated": 20, "event": "sync_traffic.done", "level": "info", "timestamp": "2026-09-24T16:03:57.347212Z"}
{"updated": 20, "event": "sync_traffic.done", "level": "info", "timestamp": "2026-09-24T16:18:57.390256Z"}
{"updated": 20, "event": "sync_traffic.done", "level": "info", "timestamp": "2026-09-24T16:33:57.860945Z"}
{"updated": 20, "event": "sync_traffic.done", "level": "info", "timestamp": "2026-09-24T16:48:57.462186Z"}
Update id=711252572 is handled. Duration 206 ms by bot id=8746092424
Update id=711252573 is handled. Duration 133 ms by bot id=8746092424
Update id=711252574 is handled. Duration 245 ms by bot id=8746092424
Update id=711252575 is handled. Duration 113 ms by bot id=8746092424
{"updated": 20, "event": "sync_traffic.done", "level": "info", "timestamp": "2026-09-24T17:03:57.384992Z"}
{"updated": 20, "event": "sync_traffic.done", "level": "info", "timestamp": "2026-09-24T17:18:57.476343Z"}
{"updated": 20, "event": "sync_traffic.done", "level": "info", "timestamp": "2026-09-24T17:33:57.687175Z"}
{"updated": 20, "event": "sync_traffic.done", "level": "info", "timestamp": "2026-09-24T17:48:57.496041Z"}
{"updated": 20, "event": "sync_traffic.done", "level": "info", "timestamp": "2026-09-24T18:03:57.505694Z"}
{"updated": 20, "event": "sync_traffic.done", "level": "info", "timestamp": "2026-09-24T18:18:57.553391Z"}
{"updated": 20, "event": "sync_traffic.done", "level": "info", "timestamp": "2026-09-24T18:33:57.605660Z"}
{"updated": 20, "event": "sync_traffic.done", "level": "info", "timestamp": "2026-09-24T18:48:57.407084Z"}
{"updated": 20, "event": "sync_traffic.done", "level": "info", "timestamp": "2026-09-24T19:03:57.599008Z"}
{"updated": 20, "event": "sync_traffic.done", "level": "info", "timestamp": "2026-09-24T19:18:57.350088Z"}
{"updated": 20, "event": "sync_traffic.done", "level": "info", "timestamp": "2026-09-24T19:33:57.489376Z"}
{"updated": 20, "event": "sync_traffic.done", "level": "info", "timestamp": "2026-09-24T19:48:57.612419Z"}
{"updated": 20, "event": "sync_traffic.done", "level": "info", "timestamp": "2026-09-24T20:03:57.623756Z"}
{"updated": 20, "event": "sync_traffic.done", "level": "info", "timestamp": "2026-09-24T20:18:57.584887Z"}
{"updated": 20, "event": "sync_traffic.done", "level": "info", "timestamp": "2026-09-24T20:33:57.815979Z"}
{"updated": 20, "event": "sync_traffic.done", "level": "info", "timestamp": "2026-09-24T20:48:57.456198Z"}
{"updated": 20, "event": "sync_traffic.done", "level": "info", "timestamp": "2026-09-24T21:03:57.582091Z"}
{"updated": 20, "event": "sync_traffic.done", "level": "info", "timestamp": "2026-09-24T21:18:57.384393Z"}
{"updated": 20, "event": "sync_traffic.done", "level": "info", "timestamp": "2026-09-24T21:33:57.504929Z"}
{"updated": 20, "event": "sync_traffic.done", "level": "info", "timestamp": "2026-09-24T21:48:57.546217Z"}
{"updated": 20, "event": "sync_traffic.done", "level": "info", "timestamp": "2026-09-24T22:03:57.536477Z"}
{"updated": 20, "event": "sync_traffic.done", "level": "info", "timestamp": "2026-09-24T22:18:57.438414Z"}
{"base": "http://31.57.250.7:2053/hGnKuPC9Q1A6Csx5ls", "event": "xui.session_expired", "level": "info", "timestamp": "2026-09-24T22:33:57.359076Z"}
{"updated": 20, "event": "sync_traffic.done", "level": "info", "timestamp": "2026-09-24T22:33:57.785849Z"}
{"updated": 20, "event": "sync_traffic.done", "level": "info", "timestamp": "2026-09-24T22:48:57.638112Z"}
{"updated": 20, "event": "sync_traffic.done", "level": "info", "timestamp": "2026-09-24T23:03:57.360643Z"}
{"updated": 20, "event": "sync_traffic.done", "level": "info", "timestamp": "2026-09-24T23:18:57.397799Z"}
{"updated": 20, "event": "sync_traffic.done", "level": "info", "timestamp": "2026-09-24T23:33:57.381827Z"}
{"updated": 20, "event": "sync_traffic.done", "level": "info", "timestamp": "2026-09-24T23:48:57.255468Z"}
{"updated": 20, "event": "sync_traffic.done", "level": "info", "timestamp": "2026-09-25T00:03:57.304118Z"}
{"updated": 20, "event": "sync_traffic.done", "level": "info", "timestamp": "2026-09-25T00:18:57.450612Z"}
{"updated": 20, "event": "sync_traffic.done", "level": "info", "timestamp": "2026-09-25T00:33:57.498317Z"}
{"updated": 20, "event": "sync_traffic.done", "level": "info", "timestamp": "2026-09-25T00:48:57.348876Z"}
{"updated": 20, "event": "sync_traffic.done", "level": "info", "timestamp": "2026-09-25T01:03:57.374748Z"}
Failed to fetch updates - TelegramServerError: Telegram server says - Bad Gateway
Sleep for 1.000000 seconds and try again... (tryings = 0, bot id = 8746092424)
Failed to fetch updates - TelegramServerError: Telegram server says - Bad Gateway
Sleep for 1.308612 seconds and try again... (tryings = 1, bot id = 8746092424)
Failed to fetch updates - TelegramServerError: Telegram server says - Bad Gateway
Sleep for 1.747433 seconds and try again... (tryings = 2, bot id = 8746092424)
Failed to fetch updates - TelegramServerError: Telegram server says - Bad Gateway
Sleep for 2.449780 seconds and try again... (tryings = 3, bot id = 8746092424)
Connection established (tryings = 4, bot id = 8746092424)
{"updated": 20, "event": "sync_traffic.done", "level": "info", "timestamp": "2026-09-25T01:18:57.332457Z"}
{"updated": 20, "event": "sync_traffic.done", "level": "info", "timestamp": "2026-09-25T01:33:57.378740Z"}
{"updated": 20, "event": "sync_traffic.done", "level": "info", "timestamp": "2026-09-25T01:48:57.385344Z"}
{"updated": 20, "event": "sync_traffic.done", "level": "info", "timestamp": "2026-09-25T02:03:57.353383Z"}
{"updated": 20, "event": "sync_traffic.done", "level": "info", "timestamp": "2026-09-25T02:18:57.360678Z"}
{"updated": 20, "event": "sync_traffic.done", "level": "info", "timestamp": "2026-09-25T02:33:57.312150Z"}
{"updated": 20, "event": "sync_traffic.done", "level": "info", "timestamp": "2026-09-25T02:48:57.352339Z"}
{"updated": 20, "event": "sync_traffic.done", "level": "info", "timestamp": "2026-09-25T03:03:57.290767Z"}
{"updated": 20, "event": "sync_traffic.done", "level": "info", "timestamp": "2026-09-25T03:18:57.313361Z"}
{"updated": 20, "event": "sync_traffic.done", "level": "info", "timestamp": "2026-09-25T03:33:57.295878Z"}
{"updated": 20, "event": "sync_traffic.done", "level": "info", "timestamp": "2026-09-25T03:48:57.295053Z"}
{"updated": 20, "event": "sync_traffic.done", "level": "info", "timestamp": "2026-09-25T04:03:57.327931Z"}
{"updated": 20, "event": "sync_traffic.done", "level": "info", "timestamp": "2026-09-25T04:18:57.333277Z"}
{"base": "http://31.57.250.7:2053/hGnKuPC9Q1A6Csx5ls", "event": "xui.session_expired", "level": "info", "timestamp": "2026-09-25T04:33:57.088045Z"}
{"updated": 20, "event": "sync_traffic.done", "level": "info", "timestamp": "2026-09-25T04:33:57.766335Z"}
{"updated": 20, "event": "sync_traffic.done", "level": "info", "timestamp": "2026-09-25T04:48:57.329805Z"}
{"updated": 20, "event": "sync_traffic.done", "level": "info", "timestamp": "2026-09-25T05:03:57.547036Z"}
{"updated": 20, "event": "sync_traffic.done", "level": "info", "timestamp": "2026-09-25T05:18:57.355582Z"}
{"updated": 20, "event": "sync_traffic.done", "level": "info", "timestamp": "2026-09-25T05:33:57.551289Z"}
{"updated": 20, "event": "sync_traffic.done", "level": "info", "timestamp": "2026-09-25T05:48:57.292559Z"}
{"updated": 20, "event": "sync_traffic.done", "level": "info", "timestamp": "2026-09-25T06:03:57.319207Z"}
{"updated": 20, "event": "sync_traffic.done", "level": "info", "timestamp": "2026-09-25T06:18:57.254032Z"}
{"updated": 20, "event": "sync_traffic.done", "level": "info", "timestamp": "2026-09-25T06:33:57.547539Z"}
{"updated": 20, "event": "sync_traffic.done", "level": "info", "timestamp": "2026-09-25T06:48:57.413293Z"}
{"updated": 20, "event": "sync_traffic.done", "level": "info", "timestamp": "2026-09-25T07:03:57.473664Z"}
{"updated": 20, "event": "sync_traffic.done", "level": "info", "timestamp": "2026-09-25T07:18:57.516451Z"}
{"updated": 20, "event": "sync_traffic.done", "level": "info", "timestamp": "2026-09-25T07:33:57.440784Z"}
{"updated": 20, "event": "sync_traffic.done", "level": "info", "timestamp": "2026-09-25T07:48:57.596754Z"}
{"updated": 20, "event": "sync_traffic.done", "level": "info", "timestamp": "2026-09-25T08:03:57.327298Z"}
{"updated": 20, "event": "sync_traffic.done", "level": "info", "timestamp": "2026-09-25T08:18:57.546083Z"}
{"updated": 20, "event": "sync_traffic.done", "level": "info", "timestamp": "2026-09-25T08:33:57.415709Z"}
{"updated": 20, "event": "sync_traffic.done", "level": "info", "timestamp": "2026-09-25T08:48:57.335420Z"}
{"updated": 20, "event": "sync_traffic.done", "level": "info", "timestamp": "2026-09-25T09:03:57.601717Z"}
{"updated": 20, "event": "sync_traffic.done", "level": "info", "timestamp": "2026-09-25T09:18:57.560896Z"}
{"updated": 20, "event": "sync_traffic.done", "level": "info", "timestamp": "2026-09-25T09:33:57.550064Z"}
{"updated": 20, "event": "sync_traffic.done", "level": "info", "timestamp": "2026-09-25T09:48:57.527409Z"}
{"updated": 20, "event": "sync_traffic.done", "level": "info", "timestamp": "2026-09-25T10:03:57.512524Z"}
{"updated": 20, "event": "sync_traffic.done", "level": "info", "timestamp": "2026-09-25T10:18:57.549054Z"}
{"base": "http://31.57.250.7:2053/hGnKuPC9Q1A6Csx5ls", "event": "xui.session_expired", "level": "info", "timestamp": "2026-09-25T10:33:57.178926Z"}
{"updated": 20, "event": "sync_traffic.done", "level": "info", "timestamp": "2026-09-25T10:33:57.755628Z"}
{"updated": 20, "event": "sync_traffic.done", "level": "info", "timestamp": "2026-09-25T10:48:57.359010Z"}
{"updated": 20, "event": "sync_traffic.done", "level": "info", "timestamp": "2026-09-25T11:03:57.568164Z"}
{"updated": 20, "event": "sync_traffic.done", "level": "info", "timestamp": "2026-09-25T11:18:57.398701Z"}
{"updated": 20, "event": "sync_traffic.done", "level": "info", "timestamp": "2026-09-25T11:33:57.365623Z"}
{"updated": 20, "event": "sync_traffic.done", "level": "info", "timestamp": "2026-09-25T11:48:57.628285Z"}
{"updated": 20, "event": "sync_traffic.done", "level": "info", "timestamp": "2026-09-25T12:03:57.608035Z"}
{"updated": 20, "event": "sync_traffic.done", "level": "info", "timestamp": "2026-09-25T12:18:57.332931Z"}
{"updated": 20, "event": "sync_traffic.done", "level": "info", "timestamp": "2026-09-25T12:33:57.424234Z"}
{"updated": 20, "event": "sync_traffic.done", "level": "info", "timestamp": "2026-09-25T12:48:57.515240Z"}
{"updated": 20, "event": "sync_traffic.done", "level": "info", "timestamp": "2026-09-25T13:03:57.535687Z"}
{"updated": 20, "event": "sync_traffic.done", "level": "info", "timestamp": "2026-09-25T13:18:57.354774Z"}
{"updated": 20, "event": "sync_traffic.done", "level": "info", "timestamp": "2026-09-25T13:33:57.513040Z"}
{"updated": 20, "event": "sync_traffic.done", "level": "info", "timestamp": "2026-09-25T13:48:57.318998Z"}
{"updated": 20, "event": "sync_traffic.done", "level": "info", "timestamp": "2026-09-25T14:03:57.695362Z"}
Update id=711252576 is handled. Duration 236 ms by bot id=8746092424
Update id=711252577 is handled. Duration 260 ms by bot id=8746092424
Update id=711252578 is handled. Duration 116 ms by bot id=8746092424
{"updated": 8, "event": "sync_traffic.done", "level": "info", "timestamp": "2026-09-25T14:18:57.535246Z"}
Update id=711252579 is handled. Duration 204 ms by bot id=8746092424
Update id=711252580 is handled. Duration 205 ms by bot id=8746092424
Update id=711252581 is handled. Duration 211 ms by bot id=8746092424
Update id=711252582 is handled. Duration 395 ms by bot id=8746092424
Update id=711252583 is handled. Duration 146 ms by bot id=8746092424
Update id=711252584 is handled. Duration 175 ms by bot id=8746092424
Update id=711252585 is handled. Duration 197 ms by bot id=8746092424
Update id=711252586 is handled. Duration 174 ms by bot id=8746092424
Update id=711252587 is handled. Duration 138 ms by bot id=8746092424
Update id=711252588 is handled. Duration 158 ms by bot id=8746092424
Update id=711252589 is handled. Duration 135 ms by bot id=8746092424
Update id=711252590 is handled. Duration 122 ms by bot id=8746092424
Update id=711252591 is handled. Duration 130 ms by bot id=8746092424
Update id=711252592 is handled. Duration 177 ms by bot id=8746092424
{"sub_id": 33, "server": "nl", "event": "panel.replicated", "level": "info", "timestamp": "2026-09-25T14:22:30.542790Z"}
{"sub_id": 33, "email": "tg8468512348-0fe1b387", "server": "lv", "plan": "1m", "event": "grant.ok", "level": "info", "timestamp": "2026-09-25T14:22:30.543200Z"}
Update id=711252593 is handled. Duration 796 ms by bot id=8746092424
Update id=711252594 is handled. Duration 280 ms by bot id=8746092424
Update id=711252595 is handled. Duration 163 ms by bot id=8746092424
{"updated": 9, "event": "sync_traffic.done", "level": "info", "timestamp": "2026-09-25T14:33:57.099367Z"}
{"updated": 15, "event": "sync_traffic.done", "level": "info", "timestamp": "2026-09-25T14:48:57.347340Z"}
{"updated": 15, "event": "sync_traffic.done", "level": "info", "timestamp": "2026-09-25T15:03:57.382546Z"}
{"email": "tg8468512348-2a3e82e8", "err": "All connection attempts failed", "event": "sync.traffic_failed", "level": "warning", "timestamp": "2026-09-25T15:18:56.908452Z"}
{"email": "tg8468512348-9f205ea7", "err": "All connection attempts failed", "event": "sync.traffic_failed", "level": "warning", "timestamp": "2026-09-25T15:18:56.947470Z"}
{"email": "tg8468512348-075991b6", "err": "All connection attempts failed", "event": "sync.traffic_failed", "level": "warning", "timestamp": "2026-09-25T15:18:56.984295Z"}
{"email": "tg2044461386-28a8008c", "err": "All connection attempts failed", "event": "sync.traffic_failed", "level": "warning", "timestamp": "2026-09-25T15:18:57.028429Z"}
{"email": "tg5840831259-5e7c7c25", "err": "All connection attempts failed", "event": "sync.traffic_failed", "level": "warning", "timestamp": "2026-09-25T15:18:57.062279Z"}
{"email": "tg5469974674-0e21f1d5", "err": "All connection attempts failed", "event": "sync.traffic_failed", "level": "warning", "timestamp": "2026-09-25T15:18:57.099564Z"}
{"updated": 9, "event": "sync_traffic.done", "level": "info", "timestamp": "2026-09-25T15:18:57.119620Z"}
{"updated": 15, "event": "sync_traffic.done", "level": "info", "timestamp": "2026-09-25T15:33:57.390601Z"}
{"updated": 15, "event": "sync_traffic.done", "level": "info", "timestamp": "2026-09-25T15:48:57.447353Z"}
{"updated": 15, "event": "sync_traffic.done", "level": "info", "timestamp": "2026-09-25T16:03:57.357276Z"}
{"updated": 15, "event": "sync_traffic.done", "level": "info", "timestamp": "2026-09-25T16:18:57.288722Z"}
{"updated": 15, "event": "sync_traffic.done", "level": "info", "timestamp": "2026-09-25T16:33:57.301670Z"}
{"updated": 15, "event": "sync_traffic.done", "level": "info", "timestamp": "2026-09-25T16:48:57.424492Z"}
{"updated": 15, "event": "sync_traffic.done", "level": "info", "timestamp": "2026-09-25T17:03:57.393025Z"}
{"updated": 15, "event": "sync_traffic.done", "level": "info", "timestamp": "2026-09-25T17:18:57.405986Z"}
{"updated": 15, "event": "sync_traffic.done", "level": "info", "timestamp": "2026-09-25T17:33:57.374478Z"}
{"updated": 15, "event": "sync_traffic.done", "level": "info", "timestamp": "2026-09-25T17:48:57.431933Z"}
{"updated": 15, "event": "sync_traffic.done", "level": "info", "timestamp": "2026-09-25T18:03:57.349541Z"}
{"updated": 15, "event": "sync_traffic.done", "level": "info", "timestamp": "2026-09-25T18:18:57.365192Z"}
Update id=711252596 is handled. Duration 237 ms by bot id=8746092424
Update id=711252597 is handled. Duration 160 ms by bot id=8746092424
Update id=711252598 is handled. Duration 147 ms by bot id=8746092424
{"updated": 15, "event": "sync_traffic.done", "level": "info", "timestamp": "2026-09-25T18:33:57.450093Z"}
{"updated": 15, "event": "sync_traffic.done", "level": "info", "timestamp": "2026-09-25T18:48:57.356760Z"}
{"updated": 15, "event": "sync_traffic.done", "level": "info", "timestamp": "2026-09-25T19:03:57.617594Z"}
{"updated": 15, "event": "sync_traffic.done", "level": "info", "timestamp": "2026-09-25T19:18:57.457306Z"}
{"updated": 15, "event": "sync_traffic.done", "level": "info", "timestamp": "2026-09-25T19:33:57.536927Z"}
{"updated": 15, "event": "sync_traffic.done", "level": "info", "timestamp": "2026-09-25T19:48:57.464692Z"}
{"updated": 15, "event": "sync_traffic.done", "level": "info", "timestamp": "2026-09-25T20:04:08.586756Z"}
{"updated": 15, "event": "sync_traffic.done", "level": "info", "timestamp": "2026-09-25T20:19:05.570340Z"}
{"updated": 15, "event": "sync_traffic.done", "level": "info", "timestamp": "2026-09-25T20:34:03.968962Z"}
{"updated": 15, "event": "sync_traffic.done", "level": "info", "timestamp": "2026-09-25T20:49:03.525288Z"}
{"updated": 15, "event": "sync_traffic.done", "level": "info", "timestamp": "2026-09-25T21:04:07.608553Z"}
{"updated": 15, "event": "sync_traffic.done", "level": "info", "timestamp": "2026-09-25T21:19:06.560076Z"}
{"updated": 15, "event": "sync_traffic.done", "level": "info", "timestamp": "2026-09-25T21:33:57.535124Z"}
{"updated": 15, "event": "sync_traffic.done", "level": "info", "timestamp": "2026-09-25T21:48:57.301006Z"}
{"updated": 15, "event": "sync_traffic.done", "level": "info", "timestamp": "2026-09-25T22:03:57.433485Z"}
{"updated": 15, "event": "sync_traffic.done", "level": "info", "timestamp": "2026-09-25T22:18:57.357821Z"}
{"updated": 15, "event": "sync_traffic.done", "level": "info", "timestamp": "2026-09-25T22:33:57.815457Z"}
{"updated": 15, "event": "sync_traffic.done", "level": "info", "timestamp": "2026-09-25T22:48:57.290411Z"}
{"updated": 15, "event": "sync_traffic.done", "level": "info", "timestamp": "2026-09-25T23:03:57.414834Z"}
{"updated": 15, "event": "sync_traffic.done", "level": "info", "timestamp": "2026-09-25T23:18:57.419928Z"}
{"updated": 15, "event": "sync_traffic.done", "level": "info", "timestamp": "2026-09-25T23:33:57.559100Z"}
{"updated": 15, "event": "sync_traffic.done", "level": "info", "timestamp": "2026-09-25T23:48:57.312618Z"}
{"updated": 15, "event": "sync_traffic.done", "level": "info", "timestamp": "2026-09-26T00:03:57.378969Z"}
{"updated": 15, "event": "sync_traffic.done", "level": "info", "timestamp": "2026-09-26T00:18:57.364573Z"}
{"updated": 15, "event": "sync_traffic.done", "level": "info", "timestamp": "2026-09-26T00:33:57.374280Z"}
{"updated": 15, "event": "sync_traffic.done", "level": "info", "timestamp": "2026-09-26T00:48:57.296895Z"}
{"updated": 15, "event": "sync_traffic.done", "level": "info", "timestamp": "2026-09-26T01:03:57.369276Z"}
{"updated": 15, "event": "sync_traffic.done", "level": "info", "timestamp": "2026-09-26T01:18:57.329361Z"}
{"updated": 15, "event": "sync_traffic.done", "level": "info", "timestamp": "2026-09-26T01:33:57.398835Z"}
{"updated": 15, "event": "sync_traffic.done", "level": "info", "timestamp": "2026-09-26T01:48:57.241579Z"}
{"updated": 15, "event": "sync_traffic.done", "level": "info", "timestamp": "2026-09-26T02:03:57.353360Z"}
{"updated": 15, "event": "sync_traffic.done", "level": "info", "timestamp": "2026-09-26T02:18:57.252281Z"}
{"updated": 15, "event": "sync_traffic.done", "level": "info", "timestamp": "2026-09-26T02:33:57.379261Z"}
{"updated": 15, "event": "sync_traffic.done", "level": "info", "timestamp": "2026-09-26T02:48:57.350050Z"}
{"updated": 15, "event": "sync_traffic.done", "level": "info", "timestamp": "2026-09-26T03:03:57.423541Z"}
{"updated": 15, "event": "sync_traffic.done", "level": "info", "timestamp": "2026-09-26T03:18:57.320999Z"}
{"updated": 15, "event": "sync_traffic.done", "level": "info", "timestamp": "2026-09-26T03:33:57.363947Z"}
{"updated": 15, "event": "sync_traffic.done", "level": "info", "timestamp": "2026-09-26T03:48:57.394634Z"}
{"updated": 15, "event": "sync_traffic.done", "level": "info", "timestamp": "2026-09-26T04:03:57.881314Z"}
{"updated": 15, "event": "sync_traffic.done", "level": "info", "timestamp": "2026-09-26T04:18:57.308707Z"}
{"deleted": 1, "event": "cleanup_deleted.done", "level": "info", "timestamp": "2026-09-26T04:30:00.518304Z"}
{"updated": 14, "event": "sync_traffic.done", "level": "info", "timestamp": "2026-09-26T04:33:57.196463Z"}
{"updated": 14, "event": "sync_traffic.done", "level": "info", "timestamp": "2026-09-26T04:48:57.334518Z"}
{"updated": 14, "event": "sync_traffic.done", "level": "info", "timestamp": "2026-09-26T05:03:57.356667Z"}
{"updated": 14, "event": "sync_traffic.done", "level": "info", "timestamp": "2026-09-26T05:18:57.369094Z"}
{"updated": 14, "event": "sync_traffic.done", "level": "info", "timestamp": "2026-09-26T05:33:57.370983Z"}
{"updated": 14, "event": "sync_traffic.done", "level": "info", "timestamp": "2026-09-26T05:48:57.304875Z"}
{"updated": 14, "event": "sync_traffic.done", "level": "info", "timestamp": "2026-09-26T06:03:57.354518Z"}
{"updated": 14, "event": "sync_traffic.done", "level": "info", "timestamp": "2026-09-26T06:18:57.302376Z"}
{"updated": 14, "event": "sync_traffic.done", "level": "info", "timestamp": "2026-09-26T06:33:57.407466Z"}
{"updated": 14, "event": "sync_traffic.done", "level": "info", "timestamp": "2026-09-26T06:48:57.369618Z"}
{"updated": 14, "event": "sync_traffic.done", "level": "info", "timestamp": "2026-09-26T07:03:57.337371Z"}
{"updated": 14, "event": "sync_traffic.done", "level": "info", "timestamp": "2026-09-26T07:18:57.395027Z"}
{"updated": 14, "event": "sync_traffic.done", "level": "info", "timestamp": "2026-09-26T07:33:57.369741Z"}
{"updated": 14, "event": "sync_traffic.done", "level": "info", "timestamp": "2026-09-26T07:48:57.362232Z"}
{"updated": 14, "event": "sync_traffic.done", "level": "info", "timestamp": "2026-09-26T08:03:57.385619Z"}
{"updated": 14, "event": "sync_traffic.done", "level": "info", "timestamp": "2026-09-26T08:18:57.319275Z"}
{"updated": 14, "event": "sync_traffic.done", "level": "info", "timestamp": "2026-09-26T08:33:57.424727Z"}
{"updated": 14, "event": "sync_traffic.done", "level": "info", "timestamp": "2026-09-26T08:48:57.432403Z"}
{"updated": 14, "event": "sync_traffic.done", "level": "info", "timestamp": "2026-09-26T09:03:57.424474Z"}
{"updated": 14, "event": "sync_traffic.done", "level": "info", "timestamp": "2026-09-26T09:18:57.438804Z"}
{"updated": 14, "event": "sync_traffic.done", "level": "info", "timestamp": "2026-09-26T09:33:57.416877Z"}
{"updated": 14, "event": "sync_traffic.done", "level": "info", "timestamp": "2026-09-26T09:48:57.304788Z"}
{"updated": 14, "event": "sync_traffic.done", "level": "info", "timestamp": "2026-09-26T10:03:57.393161Z"}
{"updated": 14, "event": "sync_traffic.done", "level": "info", "timestamp": "2026-09-26T10:18:57.334707Z"}
{"updated": 14, "event": "sync_traffic.done", "level": "info", "timestamp": "2026-09-26T10:33:57.726973Z"}
{"updated": 14, "event": "sync_traffic.done", "level": "info", "timestamp": "2026-09-26T10:48:57.355324Z"}
{"updated": 14, "event": "sync_traffic.done", "level": "info", "timestamp": "2026-09-26T11:03:57.456033Z"}
{"updated": 14, "event": "sync_traffic.done", "level": "info", "timestamp": "2026-09-26T11:18:57.390245Z"}
{"updated": 14, "event": "sync_traffic.done", "level": "info", "timestamp": "2026-09-26T11:33:57.376447Z"}
{"updated": 14, "event": "sync_traffic.done", "level": "info", "timestamp": "2026-09-26T11:48:57.375916Z"}
{"updated": 14, "event": "sync_traffic.done", "level": "info", "timestamp": "2026-09-26T12:03:57.422540Z"}
{"updated": 14, "event": "sync_traffic.done", "level": "info", "timestamp": "2026-09-26T12:18:57.400875Z"}
{"updated": 14, "event": "sync_traffic.done", "level": "info", "timestamp": "2026-09-26T12:33:57.417477Z"}
{"updated": 14, "event": "sync_traffic.done", "level": "info", "timestamp": "2026-09-26T12:48:57.309863Z"}
{"updated": 14, "event": "sync_traffic.done", "level": "info", "timestamp": "2026-09-26T13:03:57.448965Z"}
{"updated": 14, "event": "sync_traffic.done", "level": "info", "timestamp": "2026-09-26T13:18:57.326794Z"}
{"updated": 14, "event": "sync_traffic.done", "level": "info", "timestamp": "2026-09-26T13:33:57.409980Z"}
{"updated": 14, "event": "sync_traffic.done", "level": "info", "timestamp": "2026-09-26T13:48:57.376395Z"}
{"updated": 14, "event": "sync_traffic.done", "level": "info", "timestamp": "2026-09-26T14:03:57.396409Z"}
{"updated": 14, "event": "sync_traffic.done", "level": "info", "timestamp": "2026-09-26T14:18:57.431177Z"}
{"updated": 14, "event": "sync_traffic.done", "level": "info", "timestamp": "2026-09-26T14:33:57.473462Z"}
{"updated": 14, "event": "sync_traffic.done", "level": "info", "timestamp": "2026-09-26T14:48:57.421785Z"}
{"updated": 14, "event": "sync_traffic.done", "level": "info", "timestamp": "2026-09-26T15:03:57.423801Z"}
{"updated": 14, "event": "sync_traffic.done", "level": "info", "timestamp": "2026-09-26T15:18:57.379780Z"}
{"updated": 14, "event": "sync_traffic.done", "level": "info", "timestamp": "2026-09-26T15:33:57.420359Z"}
{"updated": 14, "event": "sync_traffic.done", "level": "info", "timestamp": "2026-09-26T15:48:57.366300Z"}
{"updated": 14, "event": "sync_traffic.done", "level": "info", "timestamp": "2026-09-26T16:03:57.374284Z"}
{"updated": 14, "event": "sync_traffic.done", "level": "info", "timestamp": "2026-09-26T16:18:57.389652Z"}
{"updated": 14, "event": "sync_traffic.done", "level": "info", "timestamp": "2026-09-26T16:33:57.714552Z"}
{"updated": 14, "event": "sync_traffic.done", "level": "info", "timestamp": "2026-09-26T16:48:57.412978Z"}
{"updated": 14, "event": "sync_traffic.done", "level": "info", "timestamp": "2026-09-26T17:03:57.371419Z"}
{"updated": 14, "event": "sync_traffic.done", "level": "info", "timestamp": "2026-09-26T17:18:57.408648Z"}
{"updated": 14, "event": "sync_traffic.done", "level": "info", "timestamp": "2026-09-26T17:33:57.520990Z"}
{"updated": 14, "event": "sync_traffic.done", "level": "info", "timestamp": "2026-09-26T17:48:57.449143Z"}
{"updated": 14, "event": "sync_traffic.done", "level": "info", "timestamp": "2026-09-26T18:03:57.362759Z"}
{"updated": 14, "event": "sync_traffic.done", "level": "info", "timestamp": "2026-09-26T18:18:57.415641Z"}
{"updated": 14, "event": "sync_traffic.done", "level": "info", "timestamp": "2026-09-26T18:33:57.424752Z"}
{"updated": 14, "event": "sync_traffic.done", "level": "info", "timestamp": "2026-09-26T18:48:57.395293Z"}
{"updated": 14, "event": "sync_traffic.done", "level": "info", "timestamp": "2026-09-26T19:03:57.458777Z"}
{"updated": 14, "event": "sync_traffic.done", "level": "info", "timestamp": "2026-09-26T19:18:57.355672Z"}
{"updated": 14, "event": "sync_traffic.done", "level": "info", "timestamp": "2026-09-26T19:33:57.364728Z"}
{"updated": 14, "event": "sync_traffic.done", "level": "info", "timestamp": "2026-09-26T19:48:57.361193Z"}
{"updated": 14, "event": "sync_traffic.done", "level": "info", "timestamp": "2026-09-26T20:03:57.391038Z"}
{"updated": 14, "event": "sync_traffic.done", "level": "info", "timestamp": "2026-09-26T20:18:57.394347Z"}
{"updated": 14, "event": "sync_traffic.done", "level": "info", "timestamp": "2026-09-26T20:33:57.356019Z"}
{"updated": 14, "event": "sync_traffic.done", "level": "info", "timestamp": "2026-09-26T20:48:57.383649Z"}
{"updated": 14, "event": "sync_traffic.done", "level": "info", "timestamp": "2026-09-26T21:03:57.410939Z"}
{"updated": 14, "event": "sync_traffic.done", "level": "info", "timestamp": "2026-09-26T21:18:57.396636Z"}
{"updated": 14, "event": "sync_traffic.done", "level": "info", "timestamp": "2026-09-26T21:33:57.365358Z"}
{"updated": 14, "event": "sync_traffic.done", "level": "info", "timestamp": "2026-09-26T21:48:57.340750Z"}
{"updated": 14, "event": "sync_traffic.done", "level": "info", "timestamp": "2026-09-26T22:03:57.332329Z"}
{"updated": 14, "event": "sync_traffic.done", "level": "info", "timestamp": "2026-09-26T22:18:57.383584Z"}
{"updated": 14, "event": "sync_traffic.done", "level": "info", "timestamp": "2026-09-26T22:33:57.618493Z"}
{"updated": 14, "event": "sync_traffic.done", "level": "info", "timestamp": "2026-09-26T22:48:57.323127Z"}
{"updated": 14, "event": "sync_traffic.done", "level": "info", "timestamp": "2026-09-26T23:03:57.334332Z"}
{"updated": 14, "event": "sync_traffic.done", "level": "info", "timestamp": "2026-09-26T23:18:57.323124Z"}
{"updated": 14, "event": "sync_traffic.done", "level": "info", "timestamp": "2026-09-26T23:33:57.363111Z"}
{"updated": 14, "event": "sync_traffic.done", "level": "info", "timestamp": "2026-09-26T23:48:57.315199Z"}
{"updated": 14, "event": "sync_traffic.done", "level": "info", "timestamp": "2026-09-27T00:03:57.370637Z"}
{"updated": 14, "event": "sync_traffic.done", "level": "info", "timestamp": "2026-09-27T00:18:57.327954Z"}
{"updated": 14, "event": "sync_traffic.done", "level": "info", "timestamp": "2026-09-27T00:33:57.282548Z"}
{"updated": 14, "event": "sync_traffic.done", "level": "info", "timestamp": "2026-09-27T00:48:57.242833Z"}
{"updated": 14, "event": "sync_traffic.done", "level": "info", "timestamp": "2026-09-27T01:03:57.364554Z"}
{"updated": 14, "event": "sync_traffic.done", "level": "info", "timestamp": "2026-09-27T01:18:57.342374Z"}
{"updated": 14, "event": "sync_traffic.done", "level": "info", "timestamp": "2026-09-27T01:33:57.349127Z"}
{"updated": 14, "event": "sync_traffic.done", "level": "info", "timestamp": "2026-09-27T01:48:57.307012Z"}
{"updated": 14, "event": "sync_traffic.done", "level": "info", "timestamp": "2026-09-27T02:03:57.338522Z"}
{"updated": 14, "event": "sync_traffic.done", "level": "info", "timestamp": "2026-09-27T02:18:57.213707Z"}
{"updated": 14, "event": "sync_traffic.done", "level": "info", "timestamp": "2026-09-27T02:33:57.318836Z"}
{"updated": 14, "event": "sync_traffic.done", "level": "info", "timestamp": "2026-09-27T02:48:57.239125Z"}
{"updated": 14, "event": "sync_traffic.done", "level": "info", "timestamp": "2026-09-27T03:03:57.350232Z"}
{"updated": 14, "event": "sync_traffic.done", "level": "info", "timestamp": "2026-09-27T03:18:57.197772Z"}
{"updated": 14, "event": "sync_traffic.done", "level": "info", "timestamp": "2026-09-27T03:33:57.344626Z"}
{"updated": 14, "event": "sync_traffic.done", "level": "info", "timestamp": "2026-09-27T03:48:57.239998Z"}
{"updated": 14, "event": "sync_traffic.done", "level": "info", "timestamp": "2026-09-27T04:03:57.296956Z"}
{"updated": 14, "event": "sync_traffic.done", "level": "info", "timestamp": "2026-09-27T04:18:57.319945Z"}
{"updated": 14, "event": "sync_traffic.done", "level": "info", "timestamp": "2026-09-27T04:33:58.042041Z"}
{"updated": 14, "event": "sync_traffic.done", "level": "info", "timestamp": "2026-09-27T04:48:57.358278Z"}
{"updated": 14, "event": "sync_traffic.done", "level": "info", "timestamp": "2026-09-27T05:03:57.329592Z"}
{"updated": 14, "event": "sync_traffic.done", "level": "info", "timestamp": "2026-09-27T05:18:57.314072Z"}
{"updated": 14, "event": "sync_traffic.done", "level": "info", "timestamp": "2026-09-27T05:33:57.403763Z"}
{"updated": 14, "event": "sync_traffic.done", "level": "info", "timestamp": "2026-09-27T05:48:57.393940Z"}
{"updated": 14, "event": "sync_traffic.done", "level": "info", "timestamp": "2026-09-27T06:03:57.359434Z"}
{"updated": 14, "event": "sync_traffic.done", "level": "info", "timestamp": "2026-09-27T06:18:57.346064Z"}
{"updated": 14, "event": "sync_traffic.done", "level": "info", "timestamp": "2026-09-27T06:33:57.382099Z"}
{"updated": 14, "event": "sync_traffic.done", "level": "info", "timestamp": "2026-09-27T06:48:57.381008Z"}
{"updated": 14, "event": "sync_traffic.done", "level": "info", "timestamp": "2026-09-27T07:03:57.342385Z"}
{"updated": 14, "event": "sync_traffic.done", "level": "info", "timestamp": "2026-09-27T07:18:57.381081Z"}
{"updated": 14, "event": "sync_traffic.done", "level": "info", "timestamp": "2026-09-27T07:33:57.459442Z"}
{"updated": 14, "event": "sync_traffic.done", "level": "info", "timestamp": "2026-09-27T07:48:57.372751Z"}
{"updated": 14, "event": "sync_traffic.done", "level": "info", "timestamp": "2026-09-27T08:03:57.425461Z"}
{"updated": 14, "event": "sync_traffic.done", "level": "info", "timestamp": "2026-09-27T08:18:57.377676Z"}
{"updated": 14, "event": "sync_traffic.done", "level": "info", "timestamp": "2026-09-27T08:33:57.353740Z"}
{"updated": 14, "event": "sync_traffic.done", "level": "info", "timestamp": "2026-09-27T08:48:57.305475Z"}
{"updated": 14, "event": "sync_traffic.done", "level": "info", "timestamp": "2026-09-27T09:03:57.513681Z"}
{"updated": 14, "event": "sync_traffic.done", "level": "info", "timestamp": "2026-09-27T09:18:57.405236Z"}
{"updated": 14, "event": "sync_traffic.done", "level": "info", "timestamp": "2026-09-27T09:33:57.434537Z"}
{"updated": 14, "event": "sync_traffic.done", "level": "info", "timestamp": "2026-09-27T09:48:57.363142Z"}
{"updated": 14, "event": "sync_traffic.done", "level": "info", "timestamp": "2026-09-27T10:03:57.524800Z"}
{"updated": 14, "event": "sync_traffic.done", "level": "info", "timestamp": "2026-09-27T10:18:57.389765Z"}
{"updated": 14, "event": "sync_traffic.done", "level": "info", "timestamp": "2026-09-27T10:33:57.707223Z"}
{"updated": 14, "event": "sync_traffic.done", "level": "info", "timestamp": "2026-09-27T10:48:57.452096Z"}
{"updated": 14, "event": "sync_traffic.done", "level": "info", "timestamp": "2026-09-27T11:03:57.491079Z"}
{"updated": 14, "event": "sync_traffic.done", "level": "info", "timestamp": "2026-09-27T11:18:57.437981Z"}
{"updated": 14, "event": "sync_traffic.done", "level": "info", "timestamp": "2026-09-27T11:33:57.466227Z"}
{"updated": 14, "event": "sync_traffic.done", "level": "info", "timestamp": "2026-09-27T11:48:57.320404Z"}
{"updated": 14, "event": "sync_traffic.done", "level": "info", "timestamp": "2026-09-27T12:03:57.465947Z"}
{"updated": 14, "event": "sync_traffic.done", "level": "info", "timestamp": "2026-09-27T12:18:57.380089Z"}
{"updated": 14, "event": "sync_traffic.done", "level": "info", "timestamp": "2026-09-27T12:33:57.409702Z"}
{"updated": 14, "event": "sync_traffic.done", "level": "info", "timestamp": "2026-09-27T12:48:57.420721Z"}
{"updated": 14, "event": "sync_traffic.done", "level": "info", "timestamp": "2026-09-27T13:03:57.451675Z"}
{"updated": 14, "event": "sync_traffic.done", "level": "info", "timestamp": "2026-09-27T13:18:57.473920Z"}
{"updated": 14, "event": "sync_traffic.done", "level": "info", "timestamp": "2026-09-27T13:33:57.437652Z"}
{"updated": 14, "event": "sync_traffic.done", "level": "info", "timestamp": "2026-09-27T13:48:57.412091Z"}
{"updated": 14, "event": "sync_traffic.done", "level": "info", "timestamp": "2026-09-27T14:03:57.430336Z"}
{"updated": 14, "event": "sync_traffic.done", "level": "info", "timestamp": "2026-09-27T14:18:57.417654Z"}
{"updated": 14, "event": "sync_traffic.done", "level": "info", "timestamp": "2026-09-27T14:33:57.441207Z"}
{"updated": 14, "event": "sync_traffic.done", "level": "info", "timestamp": "2026-09-27T14:48:57.407174Z"}
{"updated": 14, "event": "sync_traffic.done", "level": "info", "timestamp": "2026-09-27T15:03:57.530210Z"}
{"updated": 14, "event": "sync_traffic.done", "level": "info", "timestamp": "2026-09-27T15:18:57.348387Z"}
{"updated": 14, "event": "sync_traffic.done", "level": "info", "timestamp": "2026-09-27T15:33:57.547339Z"}
{"updated": 14, "event": "sync_traffic.done", "level": "info", "timestamp": "2026-09-27T15:48:57.390187Z"}
{"updated": 14, "event": "sync_traffic.done", "level": "info", "timestamp": "2026-09-27T16:03:57.438744Z"}
{"updated": 14, "event": "sync_traffic.done", "level": "info", "timestamp": "2026-09-27T16:18:57.354914Z"}
{"updated": 14, "event": "sync_traffic.done", "level": "info", "timestamp": "2026-09-27T16:33:57.774092Z"}
{"updated": 14, "event": "sync_traffic.done", "level": "info", "timestamp": "2026-09-27T16:48:57.422069Z"}
{"updated": 14, "event": "sync_traffic.done", "level": "info", "timestamp": "2026-09-27T17:03:57.464220Z"}
{"updated": 14, "event": "sync_traffic.done", "level": "info", "timestamp": "2026-09-27T17:18:57.315647Z"}
{"updated": 14, "event": "sync_traffic.done", "level": "info", "timestamp": "2026-09-27T17:33:57.392278Z"}
{"updated": 14, "event": "sync_traffic.done", "level": "info", "timestamp": "2026-09-27T17:48:57.310136Z"}
{"updated": 14, "event": "sync_traffic.done", "level": "info", "timestamp": "2026-09-27T18:03:57.410396Z"}
{"updated": 14, "event": "sync_traffic.done", "level": "info", "timestamp": "2026-09-27T18:18:57.299317Z"}
{"updated": 14, "event": "sync_traffic.done", "level": "info", "timestamp": "2026-09-27T18:33:57.540702Z"}
{"updated": 14, "event": "sync_traffic.done", "level": "info", "timestamp": "2026-09-27T18:48:57.303426Z"}
{"updated": 14, "event": "sync_traffic.done", "level": "info", "timestamp": "2026-09-27T19:03:57.422790Z"}
{"updated": 14, "event": "sync_traffic.done", "level": "info", "timestamp": "2026-09-27T19:18:57.310129Z"}
{"updated": 14, "event": "sync_traffic.done", "level": "info", "timestamp": "2026-09-27T19:33:57.391380Z"}
{"updated": 14, "event": "sync_traffic.done", "level": "info", "timestamp": "2026-09-27T19:48:57.322120Z"}
{"updated": 14, "event": "sync_traffic.done", "level": "info", "timestamp": "2026-09-27T20:03:57.396558Z"}
{"updated": 14, "event": "sync_traffic.done", "level": "info", "timestamp": "2026-09-27T20:18:57.284934Z"}
{"updated": 14, "event": "sync_traffic.done", "level": "info", "timestamp": "2026-09-27T20:33:57.370142Z"}
{"updated": 14, "event": "sync_traffic.done", "level": "info", "timestamp": "2026-09-27T20:48:57.227362Z"}
{"updated": 14, "event": "sync_traffic.done", "level": "info", "timestamp": "2026-09-27T21:03:57.324831Z"}
{"updated": 14, "event": "sync_traffic.done", "level": "info", "timestamp": "2026-09-27T21:18:57.297376Z"}
Update id=711252599 is handled. Duration 175 ms by bot id=8746092424
Update id=711252600 is handled. Duration 236 ms by bot id=8746092424
Update id=711252601 is handled. Duration 147 ms by bot id=8746092424
Update id=711252602 is handled. Duration 178 ms by bot id=8746092424
{"sub_id": 34, "server": "nl", "event": "panel.replicated", "level": "info", "timestamp": "2026-09-27T21:30:16.186178Z"}
{"sub_id": 34, "email": "tg8468512348-5971502c", "server": "lv", "plan": "1m", "event": "grant.ok", "level": "info", "timestamp": "2026-09-27T21:30:16.186727Z"}
Update id=711252603 is handled. Duration 819 ms by bot id=8746092424
{"updated": 15, "event": "sync_traffic.done", "level": "info", "timestamp": "2026-09-27T21:33:56.909993Z"}
{"updated": 15, "event": "sync_traffic.done", "level": "info", "timestamp": "2026-09-27T21:48:57.268746Z"}
{"email": "tg5435975876-5b782c49", "err": "All connection attempts failed", "event": "sync.traffic_failed", "level": "warning", "timestamp": "2026-09-27T22:03:56.635158Z"}
{"email": "web-ad78af6c", "err": "All connection attempts failed", "event": "sync.traffic_failed", "level": "warning", "timestamp": "2026-09-27T22:03:56.638959Z"}
{"email": "tg8468512348-fdeabd2c", "err": "All connection attempts failed", "event": "sync.traffic_failed", "level": "warning", "timestamp": "2026-09-27T22:03:56.641401Z"}
{"email": "tg8468512348-aa6853d6", "err": "All connection attempts failed", "event": "sync.traffic_failed", "level": "warning", "timestamp": "2026-09-27T22:03:56.645268Z"}
{"email": "tg8468512348-64f025a5", "err": "All connection attempts failed", "event": "sync.traffic_failed", "level": "warning", "timestamp": "2026-09-27T22:03:56.646546Z"}
{"email": "tg8468512348-ccebd3fa", "err": "All connection attempts failed", "event": "sync.traffic_failed", "level": "warning", "timestamp": "2026-09-27T22:03:56.649200Z"}
{"email": "tg8468512348-b7febaa3", "err": "All connection attempts failed", "event": "sync.traffic_failed", "level": "warning", "timestamp": "2026-09-27T22:03:56.651328Z"}
{"email": "tg8468512348-ca791fcc", "err": "All connection attempts failed", "event": "sync.traffic_failed", "level": "warning", "timestamp": "2026-09-27T22:03:56.653657Z"}
{"email": "tg8468512348-414763c5", "err": "All connection attempts failed", "event": "sync.traffic_failed", "level": "warning", "timestamp": "2026-09-27T22:03:56.656580Z"}
{"email": "tg8468512348-401776d8", "err": "All connection attempts failed", "event": "sync.traffic_failed", "level": "warning", "timestamp": "2026-09-27T22:03:56.657763Z"}
{"email": "tg8468512348-0799d731", "err": "All connection attempts failed", "event": "sync.traffic_failed", "level": "warning", "timestamp": "2026-09-27T22:03:56.658773Z"}
{"email": "tg8468512348-7a60e445", "err": "All connection attempts failed", "event": "sync.traffic_failed", "level": "warning", "timestamp": "2026-09-27T22:03:56.659933Z"}
{"email": "tg8468512348-b36fde64", "err": "All connection attempts failed", "event": "sync.traffic_failed", "level": "warning", "timestamp": "2026-09-27T22:03:56.661491Z"}
{"email": "tg8468512348-0a8dd48c", "err": "All connection attempts failed", "event": "sync.traffic_failed", "level": "warning", "timestamp": "2026-09-27T22:03:56.662314Z"}
{"email": "tg8468512348-0fe1b387", "err": "All connection attempts failed", "event": "sync.traffic_failed", "level": "warning", "timestamp": "2026-09-27T22:03:56.663105Z"}
{"email": "tg8468512348-5971502c", "err": "All connection attempts failed", "event": "sync.traffic_failed", "level": "warning", "timestamp": "2026-09-27T22:03:56.663987Z"}
{"updated": 5, "event": "sync_traffic.done", "level": "info", "timestamp": "2026-09-27T22:03:57.144436Z"}
{"email": "tg5435975876-5b782c49", "err": "All connection attempts failed", "event": "sync.traffic_failed", "level": "warning", "timestamp": "2026-09-27T22:18:56.617774Z"}
{"email": "web-ad78af6c", "err": "All connection attempts failed", "event": "sync.traffic_failed", "level": "warning", "timestamp": "2026-09-27T22:18:56.620841Z"}
{"email": "tg8468512348-fdeabd2c", "err": "All connection attempts failed", "event": "sync.traffic_failed", "level": "warning", "timestamp": "2026-09-27T22:18:56.622353Z"}
{"email": "tg8468512348-aa6853d6", "err": "All connection attempts failed", "event": "sync.traffic_failed", "level": "warning", "timestamp": "2026-09-27T22:18:56.623712Z"}
{"email": "tg8468512348-64f025a5", "err": "All connection attempts failed", "event": "sync.traffic_failed", "level": "warning", "timestamp": "2026-09-27T22:18:56.625186Z"}
{"email": "tg8468512348-ccebd3fa", "err": "All connection attempts failed", "event": "sync.traffic_failed", "level": "warning", "timestamp": "2026-09-27T22:18:56.626064Z"}
{"email": "tg8468512348-b7febaa3", "err": "All connection attempts failed", "event": "sync.traffic_failed", "level": "warning", "timestamp": "2026-09-27T22:18:56.626987Z"}
{"email": "tg8468512348-ca791fcc", "err": "All connection attempts failed", "event": "sync.traffic_failed", "level": "warning", "timestamp": "2026-09-27T22:18:56.628139Z"}
{"email": "tg8468512348-414763c5", "err": "All connection attempts failed", "event": "sync.traffic_failed", "level": "warning", "timestamp": "2026-09-27T22:18:56.629296Z"}
{"email": "tg8468512348-401776d8", "err": "All connection attempts failed", "event": "sync.traffic_failed", "level": "warning", "timestamp": "2026-09-27T22:18:56.630397Z"}
{"email": "tg8468512348-0799d731", "err": "All connection attempts failed", "event": "sync.traffic_failed", "level": "warning", "timestamp": "2026-09-27T22:18:56.632565Z"}
{"email": "tg8468512348-7a60e445", "err": "All connection attempts failed", "event": "sync.traffic_failed", "level": "warning", "timestamp": "2026-09-27T22:18:56.634466Z"}
{"email": "tg8468512348-b36fde64", "err": "All connection attempts failed", "event": "sync.traffic_failed", "level": "warning", "timestamp": "2026-09-27T22:18:56.635792Z"}
{"email": "tg8468512348-0a8dd48c", "err": "All connection attempts failed", "event": "sync.traffic_failed", "level": "warning", "timestamp": "2026-09-27T22:18:56.636809Z"}
{"email": "tg8468512348-0fe1b387", "err": "All connection attempts failed", "event": "sync.traffic_failed", "level": "warning", "timestamp": "2026-09-27T22:18:56.638382Z"}
{"email": "tg8468512348-5971502c", "err": "All connection attempts failed", "event": "sync.traffic_failed", "level": "warning", "timestamp": "2026-09-27T22:18:56.639605Z"}
{"updated": 5, "event": "sync_traffic.done", "level": "info", "timestamp": "2026-09-27T22:18:57.130434Z"}
{"email": "tg5435975876-5b782c49", "err": "All connection attempts failed", "event": "sync.traffic_failed", "level": "warning", "timestamp": "2026-09-27T22:33:56.712662Z"}
{"email": "web-ad78af6c", "err": "All connection attempts failed", "event": "sync.traffic_failed", "level": "warning", "timestamp": "2026-09-27T22:33:56.716807Z"}
{"email": "tg8468512348-fdeabd2c", "err": "All connection attempts failed", "event": "sync.traffic_failed", "level": "warning", "timestamp": "2026-09-27T22:33:56.719601Z"}
{"server": "lv", "err": "All connection attempts failed", "event": "reconcile.panel_unreachable", "level": "warning", "timestamp": "2026-09-27T22:33:56.721680Z"}
{"email": "tg8468512348-aa6853d6", "err": "All connection attempts failed", "event": "sync.traffic_failed", "level": "warning", "timestamp": "2026-09-27T22:33:56.779794Z"}
{"email": "tg8468512348-64f025a5", "err": "All connection attempts failed", "event": "sync.traffic_failed", "level": "warning", "timestamp": "2026-09-27T22:33:56.781956Z"}
{"email": "tg8468512348-ccebd3fa", "err": "All connection attempts failed", "event": "sync.traffic_failed", "level": "warning", "timestamp": "2026-09-27T22:33:56.785458Z"}
{"email": "tg8468512348-b7febaa3", "err": "All connection attempts failed", "event": "sync.traffic_failed", "level": "warning", "timestamp": "2026-09-27T22:33:56.787153Z"}
{"email": "tg8468512348-ca791fcc", "err": "All connection attempts failed", "event": "sync.traffic_failed", "level": "warning", "timestamp": "2026-09-27T22:33:56.789351Z"}
{"email": "tg8468512348-414763c5", "err": "All connection attempts failed", "event": "sync.traffic_failed", "level": "warning", "timestamp": "2026-09-27T22:33:56.791358Z"}
{"email": "tg8468512348-401776d8", "err": "All connection attempts failed", "event": "sync.traffic_failed", "level": "warning", "timestamp": "2026-09-27T22:33:56.793046Z"}
{"email": "tg8468512348-0799d731", "err": "All connection attempts failed", "event": "sync.traffic_failed", "level": "warning", "timestamp": "2026-09-27T22:33:56.794611Z"}
{"email": "tg8468512348-7a60e445", "err": "All connection attempts failed", "event": "sync.traffic_failed", "level": "warning", "timestamp": "2026-09-27T22:33:56.796038Z"}
{"email": "tg8468512348-b36fde64", "err": "All connection attempts failed", "event": "sync.traffic_failed", "level": "warning", "timestamp": "2026-09-27T22:33:56.797574Z"}
{"email": "tg8468512348-0a8dd48c", "err": "All connection attempts failed", "event": "sync.traffic_failed", "level": "warning", "timestamp": "2026-09-27T22:33:56.799856Z"}
{"email": "tg8468512348-0fe1b387", "err": "All connection attempts failed", "event": "sync.traffic_failed", "level": "warning", "timestamp": "2026-09-27T22:33:56.801112Z"}
{"email": "tg8468512348-5971502c", "err": "All connection attempts failed", "event": "sync.traffic_failed", "level": "warning", "timestamp": "2026-09-27T22:33:56.802022Z"}
{"updated": 5, "event": "sync_traffic.done", "level": "info", "timestamp": "2026-09-27T22:33:57.397398Z"}
{"email": "tg5435975876-5b782c49", "err": "All connection attempts failed", "event": "sync.traffic_failed", "level": "warning", "timestamp": "2026-09-27T22:48:56.590803Z"}
{"email": "web-ad78af6c", "err": "All connection attempts failed", "event": "sync.traffic_failed", "level": "warning", "timestamp": "2026-09-27T22:48:56.592948Z"}
{"email": "tg8468512348-fdeabd2c", "err": "All connection attempts failed", "event": "sync.traffic_failed", "level": "warning", "timestamp": "2026-09-27T22:48:56.594148Z"}
{"email": "tg8468512348-aa6853d6", "err": "All connection attempts failed", "event": "sync.traffic_failed", "level": "warning", "timestamp": "2026-09-27T22:48:56.595162Z"}
{"email": "tg8468512348-64f025a5", "err": "All connection attempts failed", "event": "sync.traffic_failed", "level": "warning", "timestamp": "2026-09-27T22:48:56.597054Z"}
{"email": "tg8468512348-ccebd3fa", "err": "All connection attempts failed", "event": "sync.traffic_failed", "level": "warning", "timestamp": "2026-09-27T22:48:56.598163Z"}
{"email": "tg8468512348-b7febaa3", "err": "All connection attempts failed", "event": "sync.traffic_failed", "level": "warning", "timestamp": "2026-09-27T22:48:56.599216Z"}
{"email": "tg8468512348-ca791fcc", "err": "All connection attempts failed", "event": "sync.traffic_failed", "level": "warning", "timestamp": "2026-09-27T22:48:56.600180Z"}
{"email": "tg8468512348-414763c5", "err": "All connection attempts failed", "event": "sync.traffic_failed", "level": "warning", "timestamp": "2026-09-27T22:48:56.600976Z"}
{"email": "tg8468512348-401776d8", "err": "All connection attempts failed", "event": "sync.traffic_failed", "level": "warning", "timestamp": "2026-09-27T22:48:56.602188Z"}
{"email": "tg8468512348-0799d731", "err": "All connection attempts failed", "event": "sync.traffic_failed", "level": "warning", "timestamp": "2026-09-27T22:48:56.602965Z"}
{"email": "tg8468512348-7a60e445", "err": "All connection attempts failed", "event": "sync.traffic_failed", "level": "warning", "timestamp": "2026-09-27T22:48:56.603905Z"}
{"email": "tg8468512348-b36fde64", "err": "All connection attempts failed", "event": "sync.traffic_failed", "level": "warning", "timestamp": "2026-09-27T22:48:56.604689Z"}
{"email": "tg8468512348-0a8dd48c", "err": "All connection attempts failed", "event": "sync.traffic_failed", "level": "warning", "timestamp": "2026-09-27T22:48:56.605430Z"}
{"email": "tg8468512348-0fe1b387", "err": "All connection attempts failed", "event": "sync.traffic_failed", "level": "warning", "timestamp": "2026-09-27T22:48:56.606391Z"}
{"email": "tg8468512348-5971502c", "err": "All connection attempts failed", "event": "sync.traffic_failed", "level": "warning", "timestamp": "2026-09-27T22:48:56.608422Z"}
{"updated": 5, "event": "sync_traffic.done", "level": "info", "timestamp": "2026-09-27T22:48:57.085399Z"}
{"email": "tg5435975876-5b782c49", "err": "All connection attempts failed", "event": "sync.traffic_failed", "level": "warning", "timestamp": "2026-09-27T23:03:56.603468Z"}
{"email": "web-ad78af6c", "err": "All connection attempts failed", "event": "sync.traffic_failed", "level": "warning", "timestamp": "2026-09-27T23:03:56.606222Z"}
{"email": "tg8468512348-fdeabd2c", "err": "All connection attempts failed", "event": "sync.traffic_failed", "level": "warning", "timestamp": "2026-09-27T23:03:56.609161Z"}
{"email": "tg8468512348-aa6853d6", "err": "All connection attempts failed", "event": "sync.traffic_failed", "level": "warning", "timestamp": "2026-09-27T23:03:56.611409Z"}
{"email": "tg8468512348-64f025a5", "err": "All connection attempts failed", "event": "sync.traffic_failed", "level": "warning", "timestamp": "2026-09-27T23:03:56.614138Z"}
{"email": "tg8468512348-ccebd3fa", "err": "All connection attempts failed", "event": "sync.traffic_failed", "level": "warning", "timestamp": "2026-09-27T23:03:56.616312Z"}
{"email": "tg8468512348-b7febaa3", "err": "All connection attempts failed", "event": "sync.traffic_failed", "level": "warning", "timestamp": "2026-09-27T23:03:56.619246Z"}
{"email": "tg8468512348-ca791fcc", "err": "All connection attempts failed", "event": "sync.traffic_failed", "level": "warning", "timestamp": "2026-09-27T23:03:56.620489Z"}
{"email": "tg8468512348-414763c5", "err": "All connection attempts failed", "event": "sync.traffic_failed", "level": "warning", "timestamp": "2026-09-27T23:03:56.621485Z"}
{"email": "tg8468512348-401776d8", "err": "All connection attempts failed", "event": "sync.traffic_failed", "level": "warning", "timestamp": "2026-09-27T23:03:56.622316Z"}
{"email": "tg8468512348-0799d731", "err": "All connection attempts failed", "event": "sync.traffic_failed", "level": "warning", "timestamp": "2026-09-27T23:03:56.623129Z"}
{"email": "tg8468512348-7a60e445", "err": "All connection attempts failed", "event": "sync.traffic_failed", "level": "warning", "timestamp": "2026-09-27T23:03:56.624029Z"}
{"email": "tg8468512348-b36fde64", "err": "All connection attempts failed", "event": "sync.traffic_failed", "level": "warning", "timestamp": "2026-09-27T23:03:56.625394Z"}
{"email": "tg8468512348-0a8dd48c", "err": "All connection attempts failed", "event": "sync.traffic_failed", "level": "warning", "timestamp": "2026-09-27T23:03:56.626180Z"}
{"email": "tg8468512348-0fe1b387", "err": "All connection attempts failed", "event": "sync.traffic_failed", "level": "warning", "timestamp": "2026-09-27T23:03:56.626977Z"}
{"email": "tg8468512348-5971502c", "err": "All connection attempts failed", "event": "sync.traffic_failed", "level": "warning", "timestamp": "2026-09-27T23:03:56.627830Z"}
{"updated": 5, "event": "sync_traffic.done", "level": "info", "timestamp": "2026-09-27T23:03:57.057114Z"}
{"email": "tg5435975876-5b782c49", "err": "All connection attempts failed", "event": "sync.traffic_failed", "level": "warning", "timestamp": "2026-09-27T23:18:56.629240Z"}
{"email": "web-ad78af6c", "err": "All connection attempts failed", "event": "sync.traffic_failed", "level": "warning", "timestamp": "2026-09-27T23:18:56.631094Z"}
{"email": "tg8468512348-fdeabd2c", "err": "All connection attempts failed", "event": "sync.traffic_failed", "level": "warning", "timestamp": "2026-09-27T23:18:56.632491Z"}
{"email": "tg8468512348-aa6853d6", "err": "All connection attempts failed", "event": "sync.traffic_failed", "level": "warning", "timestamp": "2026-09-27T23:18:56.634002Z"}
{"email": "tg8468512348-64f025a5", "err": "All connection attempts failed", "event": "sync.traffic_failed", "level": "warning", "timestamp": "2026-09-27T23:18:56.636042Z"}
{"email": "tg8468512348-ccebd3fa", "err": "All connection attempts failed", "event": "sync.traffic_failed", "level": "warning", "timestamp": "2026-09-27T23:18:56.637288Z"}
{"email": "tg8468512348-b7febaa3", "err": "All connection attempts failed", "event": "sync.traffic_failed", "level": "warning", "timestamp": "2026-09-27T23:18:56.638560Z"}
{"email": "tg8468512348-ca791fcc", "err": "All connection attempts failed", "event": "sync.traffic_failed", "level": "warning", "timestamp": "2026-09-27T23:18:56.639830Z"}
{"email": "tg8468512348-414763c5", "err": "All connection attempts failed", "event": "sync.traffic_failed", "level": "warning", "timestamp": "2026-09-27T23:18:56.641076Z"}
{"email": "tg8468512348-401776d8", "err": "All connection attempts failed", "event": "sync.traffic_failed", "level": "warning", "timestamp": "2026-09-27T23:18:56.642543Z"}
{"email": "tg8468512348-0799d731", "err": "All connection attempts failed", "event": "sync.traffic_failed", "level": "warning", "timestamp": "2026-09-27T23:18:56.644268Z"}
{"email": "tg8468512348-7a60e445", "err": "All connection attempts failed", "event": "sync.traffic_failed", "level": "warning", "timestamp": "2026-09-27T23:18:56.645442Z"}
{"email": "tg8468512348-b36fde64", "err": "All connection attempts failed", "event": "sync.traffic_failed", "level": "warning", "timestamp": "2026-09-27T23:18:56.646772Z"}
{"email": "tg8468512348-0a8dd48c", "err": "All connection attempts failed", "event": "sync.traffic_failed", "level": "warning", "timestamp": "2026-09-27T23:18:56.650065Z"}
{"email": "tg8468512348-0fe1b387", "err": "All connection attempts failed", "event": "sync.traffic_failed", "level": "warning", "timestamp": "2026-09-27T23:18:56.651636Z"}
{"email": "tg8468512348-5971502c", "err": "All connection attempts failed", "event": "sync.traffic_failed", "level": "warning", "timestamp": "2026-09-27T23:18:56.653183Z"}
{"updated": 5, "event": "sync_traffic.done", "level": "info", "timestamp": "2026-09-27T23:18:57.163976Z"}
{"email": "tg5435975876-5b782c49", "err": "All connection attempts failed", "event": "sync.traffic_failed", "level": "warning", "timestamp": "2026-09-27T23:33:56.646801Z"}
{"email": "web-ad78af6c", "err": "All connection attempts failed", "event": "sync.traffic_failed", "level": "warning", "timestamp": "2026-09-27T23:33:56.650171Z"}
{"email": "tg8468512348-fdeabd2c", "err": "All connection attempts failed", "event": "sync.traffic_failed", "level": "warning", "timestamp": "2026-09-27T23:33:56.653211Z"}
{"email": "tg8468512348-aa6853d6", "err": "All connection attempts failed", "event": "sync.traffic_failed", "level": "warning", "timestamp": "2026-09-27T23:33:56.654845Z"}
{"email": "tg8468512348-64f025a5", "err": "All connection attempts failed", "event": "sync.traffic_failed", "level": "warning", "timestamp": "2026-09-27T23:33:56.657880Z"}
{"email": "tg8468512348-ccebd3fa", "err": "All connection attempts failed", "event": "sync.traffic_failed", "level": "warning", "timestamp": "2026-09-27T23:33:56.660010Z"}
{"email": "tg8468512348-b7febaa3", "err": "All connection attempts failed", "event": "sync.traffic_failed", "level": "warning", "timestamp": "2026-09-27T23:33:56.663158Z"}
{"email": "tg8468512348-ca791fcc", "err": "All connection attempts failed", "event": "sync.traffic_failed", "level": "warning", "timestamp": "2026-09-27T23:33:56.665822Z"}
{"email": "tg8468512348-414763c5", "err": "All connection attempts failed", "event": "sync.traffic_failed", "level": "warning", "timestamp": "2026-09-27T23:33:56.667089Z"}
{"email": "tg8468512348-401776d8", "err": "All connection attempts failed", "event": "sync.traffic_failed", "level": "warning", "timestamp": "2026-09-27T23:33:56.668220Z"}
{"email": "tg8468512348-0799d731", "err": "All connection attempts failed", "event": "sync.traffic_failed", "level": "warning", "timestamp": "2026-09-27T23:33:56.669183Z"}
{"email": "tg8468512348-7a60e445", "err": "All connection attempts failed", "event": "sync.traffic_failed", "level": "warning", "timestamp": "2026-09-27T23:33:56.670143Z"}
{"email": "tg8468512348-b36fde64", "err": "All connection attempts failed", "event": "sync.traffic_failed", "level": "warning", "timestamp": "2026-09-27T23:33:56.671251Z"}
{"email": "tg8468512348-0a8dd48c", "err": "All connection attempts failed", "event": "sync.traffic_failed", "level": "warning", "timestamp": "2026-09-27T23:33:56.672443Z"}
{"email": "tg8468512348-0fe1b387", "err": "All connection attempts failed", "event": "sync.traffic_failed", "level": "warning", "timestamp": "2026-09-27T23:33:56.673795Z"}
{"email": "tg8468512348-5971502c", "err": "All connection attempts failed", "event": "sync.traffic_failed", "level": "warning", "timestamp": "2026-09-27T23:33:56.675925Z"}
{"updated": 5, "event": "sync_traffic.done", "level": "info", "timestamp": "2026-09-27T23:33:57.171042Z"}
{"email": "tg5435975876-5b782c49", "err": "All connection attempts failed", "event": "sync.traffic_failed", "level": "warning", "timestamp": "2026-09-27T23:48:56.648221Z"}
{"email": "web-ad78af6c", "err": "All connection attempts failed", "event": "sync.traffic_failed", "level": "warning", "timestamp": "2026-09-27T23:48:56.650750Z"}
{"email": "tg8468512348-fdeabd2c", "err": "All connection attempts failed", "event": "sync.traffic_failed", "level": "warning", "timestamp": "2026-09-27T23:48:56.652687Z"}
{"email": "tg8468512348-aa6853d6", "err": "All connection attempts failed", "event": "sync.traffic_failed", "level": "warning", "timestamp": "2026-09-27T23:48:56.654386Z"}
{"email": "tg8468512348-64f025a5", "err": "All connection attempts failed", "event": "sync.traffic_failed", "level": "warning", "timestamp": "2026-09-27T23:48:56.657772Z"}
{"email": "tg8468512348-ccebd3fa", "err": "All connection attempts failed", "event": "sync.traffic_failed", "level": "warning", "timestamp": "2026-09-27T23:48:56.659313Z"}
{"email": "tg8468512348-b7febaa3", "err": "All connection attempts failed", "event": "sync.traffic_failed", "level": "warning", "timestamp": "2026-09-27T23:48:56.660484Z"}
{"email": "tg8468512348-ca791fcc", "err": "All connection attempts failed", "event": "sync.traffic_failed", "level": "warning", "timestamp": "2026-09-27T23:48:56.661599Z"}
{"email": "tg8468512348-414763c5", "err": "All connection attempts failed", "event": "sync.traffic_failed", "level": "warning", "timestamp": "2026-09-27T23:48:56.662488Z"}
{"email": "tg8468512348-401776d8", "err": "All connection attempts failed", "event": "sync.traffic_failed", "level": "warning", "timestamp": "2026-09-27T23:48:56.664309Z"}
{"email": "tg8468512348-0799d731", "err": "All connection attempts failed", "event": "sync.traffic_failed", "level": "warning", "timestamp": "2026-09-27T23:48:56.665653Z"}
{"email": "tg8468512348-7a60e445", "err": "All connection attempts failed", "event": "sync.traffic_failed", "level": "warning", "timestamp": "2026-09-27T23:48:56.666836Z"}
{"email": "tg8468512348-b36fde64", "err": "All connection attempts failed", "event": "sync.traffic_failed", "level": "warning", "timestamp": "2026-09-27T23:48:56.668909Z"}
{"email": "tg8468512348-0a8dd48c", "err": "All connection attempts failed", "event": "sync.traffic_failed", "level": "warning", "timestamp": "2026-09-27T23:48:56.670361Z"}
{"email": "tg8468512348-0fe1b387", "err": "All connection attempts failed", "event": "sync.traffic_failed", "level": "warning", "timestamp": "2026-09-27T23:48:56.672250Z"}
{"email": "tg8468512348-5971502c", "err": "All connection attempts failed", "event": "sync.traffic_failed", "level": "warning", "timestamp": "2026-09-27T23:48:56.674186Z"}
{"updated": 5, "event": "sync_traffic.done", "level": "info", "timestamp": "2026-09-27T23:48:57.116351Z"}
{"email": "tg5435975876-5b782c49", "err": "All connection attempts failed", "event": "sync.traffic_failed", "level": "warning", "timestamp": "2026-09-28T00:03:56.625908Z"}
{"email": "web-ad78af6c", "err": "All connection attempts failed", "event": "sync.traffic_failed", "level": "warning", "timestamp": "2026-09-28T00:03:56.628402Z"}
{"email": "tg8468512348-fdeabd2c", "err": "All connection attempts failed", "event": "sync.traffic_failed", "level": "warning", "timestamp": "2026-09-28T00:03:56.630299Z"}
{"email": "tg8468512348-aa6853d6", "err": "All connection attempts failed", "event": "sync.traffic_failed", "level": "warning", "timestamp": "2026-09-28T00:03:56.633381Z"}
{"email": "tg8468512348-64f025a5", "err": "All connection attempts failed", "event": "sync.traffic_failed", "level": "warning", "timestamp": "2026-09-28T00:03:56.639532Z"}
{"email": "tg8468512348-ccebd3fa", "err": "All connection attempts failed", "event": "sync.traffic_failed", "level": "warning", "timestamp": "2026-09-28T00:03:56.641299Z"}
{"email": "tg8468512348-b7febaa3", "err": "All connection attempts failed", "event": "sync.traffic_failed", "level": "warning", "timestamp": "2026-09-28T00:03:56.644798Z"}
{"email": "tg8468512348-ca791fcc", "err": "All connection attempts failed", "event": "sync.traffic_failed", "level": "warning", "timestamp": "2026-09-28T00:03:56.646925Z"}
{"email": "tg8468512348-414763c5", "err": "All connection attempts failed", "event": "sync.traffic_failed", "level": "warning", "timestamp": "2026-09-28T00:03:56.649618Z"}
{"email": "tg8468512348-401776d8", "err": "All connection attempts failed", "event": "sync.traffic_failed", "level": "warning", "timestamp": "2026-09-28T00:03:56.653879Z"}
{"email": "tg8468512348-0799d731", "err": "All connection attempts failed", "event": "sync.traffic_failed", "level": "warning", "timestamp": "2026-09-28T00:03:56.655145Z"}
{"email": "tg8468512348-7a60e445", "err": "All connection attempts failed", "event": "sync.traffic_failed", "level": "warning", "timestamp": "2026-09-28T00:03:56.663636Z"}
{"email": "tg8468512348-b36fde64", "err": "All connection attempts failed", "event": "sync.traffic_failed", "level": "warning", "timestamp": "2026-09-28T00:03:56.666386Z"}
{"email": "tg8468512348-0a8dd48c", "err": "All connection attempts failed", "event": "sync.traffic_failed", "level": "warning", "timestamp": "2026-09-28T00:03:56.672456Z"}
{"email": "tg8468512348-0fe1b387", "err": "All connection attempts failed", "event": "sync.traffic_failed", "level": "warning", "timestamp": "2026-09-28T00:03:56.674316Z"}
{"email": "tg8468512348-5971502c", "err": "All connection attempts failed", "event": "sync.traffic_failed", "level": "warning", "timestamp": "2026-09-28T00:03:56.675776Z"}
{"updated": 5, "event": "sync_traffic.done", "level": "info", "timestamp": "2026-09-28T00:03:57.113285Z"}
{"email": "tg5435975876-5b782c49", "err": "All connection attempts failed", "event": "sync.traffic_failed", "level": "warning", "timestamp": "2026-09-28T00:18:56.632054Z"}
{"email": "web-ad78af6c", "err": "All connection attempts failed", "event": "sync.traffic_failed", "level": "warning", "timestamp": "2026-09-28T00:18:56.633952Z"}
{"email": "tg8468512348-fdeabd2c", "err": "All connection attempts failed", "event": "sync.traffic_failed", "level": "warning", "timestamp": "2026-09-28T00:18:56.635767Z"}
{"email": "tg8468512348-aa6853d6", "err": "All connection attempts failed", "event": "sync.traffic_failed", "level": "warning", "timestamp": "2026-09-28T00:18:56.637296Z"}
{"email": "tg8468512348-64f025a5", "err": "All connection attempts failed", "event": "sync.traffic_failed", "level": "warning", "timestamp": "2026-09-28T00:18:56.639707Z"}
{"email": "tg8468512348-ccebd3fa", "err": "All connection attempts failed", "event": "sync.traffic_failed", "level": "warning", "timestamp": "2026-09-28T00:18:56.640971Z"}
{"email": "tg8468512348-b7febaa3", "err": "All connection attempts failed", "event": "sync.traffic_failed", "level": "warning", "timestamp": "2026-09-28T00:18:56.642243Z"}
{"email": "tg8468512348-ca791fcc", "err": "All connection attempts failed", "event": "sync.traffic_failed", "level": "warning", "timestamp": "2026-09-28T00:18:56.643426Z"}
{"email": "tg8468512348-414763c5", "err": "All connection attempts failed", "event": "sync.traffic_failed", "level": "warning", "timestamp": "2026-09-28T00:18:56.644699Z"}
{"email": "tg8468512348-401776d8", "err": "All connection attempts failed", "event": "sync.traffic_failed", "level": "warning", "timestamp": "2026-09-28T00:18:56.647344Z"}
{"email": "tg8468512348-0799d731", "err": "All connection attempts failed", "event": "sync.traffic_failed", "level": "warning", "timestamp": "2026-09-28T00:18:56.649990Z"}
{"email": "tg8468512348-7a60e445", "err": "All connection attempts failed", "event": "sync.traffic_failed", "level": "warning", "timestamp": "2026-09-28T00:18:56.651267Z"}
{"email": "tg8468512348-b36fde64", "err": "All connection attempts failed", "event": "sync.traffic_failed", "level": "warning", "timestamp": "2026-09-28T00:18:56.652362Z"}
{"email": "tg8468512348-0a8dd48c", "err": "All connection attempts failed", "event": "sync.traffic_failed", "level": "warning", "timestamp": "2026-09-28T00:18:56.653382Z"}
{"email": "tg8468512348-0fe1b387", "err": "All connection attempts failed", "event": "sync.traffic_failed", "level": "warning", "timestamp": "2026-09-28T00:18:56.654645Z"}
{"email": "tg8468512348-5971502c", "err": "All connection attempts failed", "event": "sync.traffic_failed", "level": "warning", "timestamp": "2026-09-28T00:18:56.656488Z"}
{"updated": 5, "event": "sync_traffic.done", "level": "info", "timestamp": "2026-09-28T00:18:57.173542Z"}
{"email": "tg5435975876-5b782c49", "err": "All connection attempts failed", "event": "sync.traffic_failed", "level": "warning", "timestamp": "2026-09-28T00:33:56.668777Z"}
{"email": "web-ad78af6c", "err": "All connection attempts failed", "event": "sync.traffic_failed", "level": "warning", "timestamp": "2026-09-28T00:33:56.677465Z"}
{"email": "tg8468512348-fdeabd2c", "err": "All connection attempts failed", "event": "sync.traffic_failed", "level": "warning", "timestamp": "2026-09-28T00:33:56.686251Z"}
{"email": "tg8468512348-aa6853d6", "err": "All connection attempts failed", "event": "sync.traffic_failed", "level": "warning", "timestamp": "2026-09-28T00:33:56.688676Z"}
{"email": "tg8468512348-64f025a5", "err": "All connection attempts failed", "event": "sync.traffic_failed", "level": "warning", "timestamp": "2026-09-28T00:33:56.690930Z"}
{"email": "tg8468512348-ccebd3fa", "err": "All connection attempts failed", "event": "sync.traffic_failed", "level": "warning", "timestamp": "2026-09-28T00:33:56.694703Z"}
{"email": "tg8468512348-b7febaa3", "err": "All connection attempts failed", "event": "sync.traffic_failed", "level": "warning", "timestamp": "2026-09-28T00:33:56.699209Z"}
{"email": "tg8468512348-ca791fcc", "err": "All connection attempts failed", "event": "sync.traffic_failed", "level": "warning", "timestamp": "2026-09-28T00:33:56.701067Z"}
{"email": "tg8468512348-414763c5", "err": "All connection attempts failed", "event": "sync.traffic_failed", "level": "warning", "timestamp": "2026-09-28T00:33:56.703578Z"}
{"email": "tg8468512348-401776d8", "err": "All connection attempts failed", "event": "sync.traffic_failed", "level": "warning", "timestamp": "2026-09-28T00:33:56.705402Z"}
{"email": "tg8468512348-0799d731", "err": "All connection attempts failed", "event": "sync.traffic_failed", "level": "warning", "timestamp": "2026-09-28T00:33:56.707176Z"}
{"email": "tg8468512348-7a60e445", "err": "All connection attempts failed", "event": "sync.traffic_failed", "level": "warning", "timestamp": "2026-09-28T00:33:56.709050Z"}
{"email": "tg8468512348-b36fde64", "err": "All connection attempts failed", "event": "sync.traffic_failed", "level": "warning", "timestamp": "2026-09-28T00:33:56.710860Z"}
{"email": "tg8468512348-0a8dd48c", "err": "All connection attempts failed", "event": "sync.traffic_failed", "level": "warning", "timestamp": "2026-09-28T00:33:56.712410Z"}
{"email": "tg8468512348-0fe1b387", "err": "All connection attempts failed", "event": "sync.traffic_failed", "level": "warning", "timestamp": "2026-09-28T00:33:56.717123Z"}
{"email": "tg8468512348-5971502c", "err": "All connection attempts failed", "event": "sync.traffic_failed", "level": "warning", "timestamp": "2026-09-28T00:33:56.719090Z"}
{"updated": 5, "event": "sync_traffic.done", "level": "info", "timestamp": "2026-09-28T00:33:57.269221Z"}
{"email": "tg5435975876-5b782c49", "err": "All connection attempts failed", "event": "sync.traffic_failed", "level": "warning", "timestamp": "2026-09-28T00:48:56.653277Z"}
{"email": "web-ad78af6c", "err": "All connection attempts failed", "event": "sync.traffic_failed", "level": "warning", "timestamp": "2026-09-28T00:48:56.655020Z"}
{"email": "tg8468512348-fdeabd2c", "err": "All connection attempts failed", "event": "sync.traffic_failed", "level": "warning", "timestamp": "2026-09-28T00:48:56.656254Z"}
{"email": "tg8468512348-aa6853d6", "err": "All connection attempts failed", "event": "sync.traffic_failed", "level": "warning", "timestamp": "2026-09-28T00:48:56.657246Z"}
{"email": "tg8468512348-64f025a5", "err": "All connection attempts failed", "event": "sync.traffic_failed", "level": "warning", "timestamp": "2026-09-28T00:48:56.659793Z"}
{"email": "tg8468512348-ccebd3fa", "err": "All connection attempts failed", "event": "sync.traffic_failed", "level": "warning", "timestamp": "2026-09-28T00:48:56.660725Z"}
{"email": "tg8468512348-b7febaa3", "err": "All connection attempts failed", "event": "sync.traffic_failed", "level": "warning", "timestamp": "2026-09-28T00:48:56.661556Z"}
{"email": "tg8468512348-ca791fcc", "err": "All connection attempts failed", "event": "sync.traffic_failed", "level": "warning", "timestamp": "2026-09-28T00:48:56.662566Z"}
{"email": "tg8468512348-414763c5", "err": "All connection attempts failed", "event": "sync.traffic_failed", "level": "warning", "timestamp": "2026-09-28T00:48:56.663372Z"}
{"email": "tg8468512348-401776d8", "err": "All connection attempts failed", "event": "sync.traffic_failed", "level": "warning", "timestamp": "2026-09-28T00:48:56.664360Z"}
{"email": "tg8468512348-0799d731", "err": "All connection attempts failed", "event": "sync.traffic_failed", "level": "warning", "timestamp": "2026-09-28T00:48:56.665581Z"}
{"email": "tg8468512348-7a60e445", "err": "All connection attempts failed", "event": "sync.traffic_failed", "level": "warning", "timestamp": "2026-09-28T00:48:56.666347Z"}
{"email": "tg8468512348-b36fde64", "err": "All connection attempts failed", "event": "sync.traffic_failed", "level": "warning", "timestamp": "2026-09-28T00:48:56.667124Z"}
{"email": "tg8468512348-0a8dd48c", "err": "All connection attempts failed", "event": "sync.traffic_failed", "level": "warning", "timestamp": "2026-09-28T00:48:56.668096Z"}
{"email": "tg8468512348-0fe1b387", "err": "All connection attempts failed", "event": "sync.traffic_failed", "level": "warning", "timestamp": "2026-09-28T00:48:56.669637Z"}
{"email": "tg8468512348-5971502c", "err": "All connection attempts failed", "event": "sync.traffic_failed", "level": "warning", "timestamp": "2026-09-28T00:48:56.672477Z"}
{"updated": 5, "event": "sync_traffic.done", "level": "info", "timestamp": "2026-09-28T00:48:57.170721Z"}
{"email": "tg5435975876-5b782c49", "err": "All connection attempts failed", "event": "sync.traffic_failed", "level": "warning", "timestamp": "2026-09-28T01:03:56.639112Z"}
{"email": "web-ad78af6c", "err": "All connection attempts failed", "event": "sync.traffic_failed", "level": "warning", "timestamp": "2026-09-28T01:03:56.642762Z"}
{"email": "tg8468512348-fdeabd2c", "err": "All connection attempts failed", "event": "sync.traffic_failed", "level": "warning", "timestamp": "2026-09-28T01:03:56.646350Z"}
{"email": "tg8468512348-aa6853d6", "err": "All connection attempts failed", "event": "sync.traffic_failed", "level": "warning", "timestamp": "2026-09-28T01:03:56.648072Z"}
{"email": "tg8468512348-64f025a5", "err": "All connection attempts failed", "event": "sync.traffic_failed", "level": "warning", "timestamp": "2026-09-28T01:03:56.651300Z"}
{"email": "tg8468512348-ccebd3fa", "err": "All connection attempts failed", "event": "sync.traffic_failed", "level": "warning", "timestamp": "2026-09-28T01:03:56.654046Z"}
{"email": "tg8468512348-b7febaa3", "err": "All connection attempts failed", "event": "sync.traffic_failed", "level": "warning", "timestamp": "2026-09-28T01:03:56.655640Z"}
{"email": "tg8468512348-ca791fcc", "err": "All connection attempts failed", "event": "sync.traffic_failed", "level": "warning", "timestamp": "2026-09-28T01:03:56.657105Z"}
{"email": "tg8468512348-414763c5", "err": "All connection attempts failed", "event": "sync.traffic_failed", "level": "warning", "timestamp": "2026-09-28T01:03:56.657985Z"}
{"email": "tg8468512348-401776d8", "err": "All connection attempts failed", "event": "sync.traffic_failed", "level": "warning", "timestamp": "2026-09-28T01:03:56.658894Z"}
{"email": "tg8468512348-0799d731", "err": "All connection attempts failed", "event": "sync.traffic_failed", "level": "warning", "timestamp": "2026-09-28T01:03:56.659874Z"}
{"email": "tg8468512348-7a60e445", "err": "All connection attempts failed", "event": "sync.traffic_failed", "level": "warning", "timestamp": "2026-09-28T01:03:56.664644Z"}
{"email": "tg8468512348-b36fde64", "err": "All connection attempts failed", "event": "sync.traffic_failed", "level": "warning", "timestamp": "2026-09-28T01:03:56.666148Z"}
{"email": "tg8468512348-0a8dd48c", "err": "All connection attempts failed", "event": "sync.traffic_failed", "level": "warning", "timestamp": "2026-09-28T01:03:56.667023Z"}
{"email": "tg8468512348-0fe1b387", "err": "All connection attempts failed", "event": "sync.traffic_failed", "level": "warning", "timestamp": "2026-09-28T01:03:56.668029Z"}
{"email": "tg8468512348-5971502c", "err": "All connection attempts failed", "event": "sync.traffic_failed", "level": "warning", "timestamp": "2026-09-28T01:03:56.669234Z"}
{"updated": 5, "event": "sync_traffic.done", "level": "info", "timestamp": "2026-09-28T01:03:57.086176Z"}
{"email": "tg5435975876-5b782c49", "err": "All connection attempts failed", "event": "sync.traffic_failed", "level": "warning", "timestamp": "2026-09-28T01:18:56.590087Z"}
{"email": "web-ad78af6c", "err": "All connection attempts failed", "event": "sync.traffic_failed", "level": "warning", "timestamp": "2026-09-28T01:18:56.591892Z"}
{"email": "tg8468512348-fdeabd2c", "err": "All connection attempts failed", "event": "sync.traffic_failed", "level": "warning", "timestamp": "2026-09-28T01:18:56.592998Z"}
{"email": "tg8468512348-aa6853d6", "err": "All connection attempts failed", "event": "sync.traffic_failed", "level": "warning", "timestamp": "2026-09-28T01:18:56.593901Z"}
{"email": "tg8468512348-64f025a5", "err": "All connection attempts failed", "event": "sync.traffic_failed", "level": "warning", "timestamp": "2026-09-28T01:18:56.595569Z"}
{"email": "tg8468512348-ccebd3fa", "err": "All connection attempts failed", "event": "sync.traffic_failed", "level": "warning", "timestamp": "2026-09-28T01:18:56.596410Z"}
{"email": "tg8468512348-b7febaa3", "err": "All connection attempts failed", "event": "sync.traffic_failed", "level": "warning", "timestamp": "2026-09-28T01:18:56.597172Z"}
{"email": "tg8468512348-ca791fcc", "err": "All connection attempts failed", "event": "sync.traffic_failed", "level": "warning", "timestamp": "2026-09-28T01:18:56.597964Z"}
{"email": "tg8468512348-414763c5", "err": "All connection attempts failed", "event": "sync.traffic_failed", "level": "warning", "timestamp": "2026-09-28T01:18:56.598766Z"}
{"email": "tg8468512348-401776d8", "err": "All connection attempts failed", "event": "sync.traffic_failed", "level": "warning", "timestamp": "2026-09-28T01:18:56.599916Z"}
{"email": "tg8468512348-0799d731", "err": "All connection attempts failed", "event": "sync.traffic_failed", "level": "warning", "timestamp": "2026-09-28T01:18:56.600703Z"}
{"email": "tg8468512348-7a60e445", "err": "All connection attempts failed", "event": "sync.traffic_failed", "level": "warning", "timestamp": "2026-09-28T01:18:56.601534Z"}
{"email": "tg8468512348-b36fde64", "err": "All connection attempts failed", "event": "sync.traffic_failed", "level": "warning", "timestamp": "2026-09-28T01:18:56.602297Z"}
{"email": "tg8468512348-0a8dd48c", "err": "All connection attempts failed", "event": "sync.traffic_failed", "level": "warning", "timestamp": "2026-09-28T01:18:56.603211Z"}
{"email": "tg8468512348-0fe1b387", "err": "All connection attempts failed", "event": "sync.traffic_failed", "level": "warning", "timestamp": "2026-09-28T01:18:56.606357Z"}
{"email": "tg8468512348-5971502c", "err": "All connection attempts failed", "event": "sync.traffic_failed", "level": "warning", "timestamp": "2026-09-28T01:18:56.608285Z"}
{"updated": 5, "event": "sync_traffic.done", "level": "info", "timestamp": "2026-09-28T01:18:57.046348Z"}
{"email": "tg5435975876-5b782c49", "err": "All connection attempts failed", "event": "sync.traffic_failed", "level": "warning", "timestamp": "2026-09-28T01:33:56.626401Z"}
{"email": "web-ad78af6c", "err": "All connection attempts failed", "event": "sync.traffic_failed", "level": "warning", "timestamp": "2026-09-28T01:33:56.628397Z"}
{"email": "tg8468512348-fdeabd2c", "err": "All connection attempts failed", "event": "sync.traffic_failed", "level": "warning", "timestamp": "2026-09-28T01:33:56.629964Z"}
{"email": "tg8468512348-aa6853d6", "err": "All connection attempts failed", "event": "sync.traffic_failed", "level": "warning", "timestamp": "2026-09-28T01:33:56.631936Z"}
{"email": "tg8468512348-64f025a5", "err": "All connection attempts failed", "event": "sync.traffic_failed", "level": "warning", "timestamp": "2026-09-28T01:33:56.634235Z"}
{"email": "tg8468512348-ccebd3fa", "err": "All connection attempts failed", "event": "sync.traffic_failed", "level": "warning", "timestamp": "2026-09-28T01:33:56.638584Z"}
{"email": "tg8468512348-b7febaa3", "err": "All connection attempts failed", "event": "sync.traffic_failed", "level": "warning", "timestamp": "2026-09-28T01:33:56.639989Z"}
{"email": "tg8468512348-ca791fcc", "err": "All connection attempts failed", "event": "sync.traffic_failed", "level": "warning", "timestamp": "2026-09-28T01:33:56.641417Z"}
{"email": "tg8468512348-414763c5", "err": "All connection attempts failed", "event": "sync.traffic_failed", "level": "warning", "timestamp": "2026-09-28T01:33:56.643287Z"}
{"email": "tg8468512348-401776d8", "err": "All connection attempts failed", "event": "sync.traffic_failed", "level": "warning", "timestamp": "2026-09-28T01:33:56.645141Z"}
{"email": "tg8468512348-0799d731", "err": "All connection attempts failed", "event": "sync.traffic_failed", "level": "warning", "timestamp": "2026-09-28T01:33:56.646302Z"}
{"email": "tg8468512348-7a60e445", "err": "All connection attempts failed", "event": "sync.traffic_failed", "level": "warning", "timestamp": "2026-09-28T01:33:56.651820Z"}
{"email": "tg8468512348-b36fde64", "err": "All connection attempts failed", "event": "sync.traffic_failed", "level": "warning", "timestamp": "2026-09-28T01:33:56.653114Z"}
{"email": "tg8468512348-0a8dd48c", "err": "All connection attempts failed", "event": "sync.traffic_failed", "level": "warning", "timestamp": "2026-09-28T01:33:56.654766Z"}
{"email": "tg8468512348-0fe1b387", "err": "All connection attempts failed", "event": "sync.traffic_failed", "level": "warning", "timestamp": "2026-09-28T01:33:56.655604Z"}
{"email": "tg8468512348-5971502c", "err": "All connection attempts failed", "event": "sync.traffic_failed", "level": "warning", "timestamp": "2026-09-28T01:33:56.656422Z"}
{"updated": 5, "event": "sync_traffic.done", "level": "info", "timestamp": "2026-09-28T01:33:57.133092Z"}
{"email": "tg5435975876-5b782c49", "err": "All connection attempts failed", "event": "sync.traffic_failed", "level": "warning", "timestamp": "2026-09-28T01:48:56.584791Z"}
{"email": "web-ad78af6c", "err": "All connection attempts failed", "event": "sync.traffic_failed", "level": "warning", "timestamp": "2026-09-28T01:48:56.586457Z"}
{"email": "tg8468512348-fdeabd2c", "err": "All connection attempts failed", "event": "sync.traffic_failed", "level": "warning", "timestamp": "2026-09-28T01:48:56.587631Z"}
{"email": "tg8468512348-aa6853d6", "err": "All connection attempts failed", "event": "sync.traffic_failed", "level": "warning", "timestamp": "2026-09-28T01:48:56.588601Z"}
{"email": "tg8468512348-64f025a5", "err": "All connection attempts failed", "event": "sync.traffic_failed", "level": "warning", "timestamp": "2026-09-28T01:48:56.589866Z"}
{"email": "tg8468512348-ccebd3fa", "err": "All connection attempts failed", "event": "sync.traffic_failed", "level": "warning", "timestamp": "2026-09-28T01:48:56.590686Z"}
{"email": "tg8468512348-b7febaa3", "err": "All connection attempts failed", "event": "sync.traffic_failed", "level": "warning", "timestamp": "2026-09-28T01:48:56.591466Z"}
{"email": "tg8468512348-ca791fcc", "err": "All connection attempts failed", "event": "sync.traffic_failed", "level": "warning", "timestamp": "2026-09-28T01:48:56.592299Z"}
{"email": "tg8468512348-414763c5", "err": "All connection attempts failed", "event": "sync.traffic_failed", "level": "warning", "timestamp": "2026-09-28T01:48:56.593131Z"}
{"email": "tg8468512348-401776d8", "err": "All connection attempts failed", "event": "sync.traffic_failed", "level": "warning", "timestamp": "2026-09-28T01:48:56.594171Z"}
{"email": "tg8468512348-0799d731", "err": "All connection attempts failed", "event": "sync.traffic_failed", "level": "warning", "timestamp": "2026-09-28T01:48:56.597024Z"}
{"email": "tg8468512348-7a60e445", "err": "All connection attempts failed", "event": "sync.traffic_failed", "level": "warning", "timestamp": "2026-09-28T01:48:56.598270Z"}
{"email": "tg8468512348-b36fde64", "err": "All connection attempts failed", "event": "sync.traffic_failed", "level": "warning", "timestamp": "2026-09-28T01:48:56.599080Z"}
{"email": "tg8468512348-0a8dd48c", "err": "All connection attempts failed", "event": "sync.traffic_failed", "level": "warning", "timestamp": "2026-09-28T01:48:56.599889Z"}
{"email": "tg8468512348-0fe1b387", "err": "All connection attempts failed", "event": "sync.traffic_failed", "level": "warning", "timestamp": "2026-09-28T01:48:56.600815Z"}
{"email": "tg8468512348-5971502c", "err": "All connection attempts failed", "event": "sync.traffic_failed", "level": "warning", "timestamp": "2026-09-28T01:48:56.605951Z"}
{"updated": 5, "event": "sync_traffic.done", "level": "info", "timestamp": "2026-09-28T01:48:57.078067Z"}
{"email": "tg5435975876-5b782c49", "err": "All connection attempts failed", "event": "sync.traffic_failed", "level": "warning", "timestamp": "2026-09-28T02:03:56.598004Z"}
{"email": "web-ad78af6c", "err": "All connection attempts failed", "event": "sync.traffic_failed", "level": "warning", "timestamp": "2026-09-28T02:03:56.600425Z"}
{"email": "tg8468512348-fdeabd2c", "err": "All connection attempts failed", "event": "sync.traffic_failed", "level": "warning", "timestamp": "2026-09-28T02:03:56.603301Z"}
{"email": "tg8468512348-aa6853d6", "err": "All connection attempts failed", "event": "sync.traffic_failed", "level": "warning", "timestamp": "2026-09-28T02:03:56.607437Z"}
{"email": "tg8468512348-64f025a5", "err": "All connection attempts failed", "event": "sync.traffic_failed", "level": "warning", "timestamp": "2026-09-28T02:03:56.609116Z"}
{"email": "tg8468512348-ccebd3fa", "err": "All connection attempts failed", "event": "sync.traffic_failed", "level": "warning", "timestamp": "2026-09-28T02:03:56.612343Z"}
{"email": "tg8468512348-b7febaa3", "err": "All connection attempts failed", "event": "sync.traffic_failed", "level": "warning", "timestamp": "2026-09-28T02:03:56.614336Z"}
{"email": "tg8468512348-ca791fcc", "err": "All connection attempts failed", "event": "sync.traffic_failed", "level": "warning", "timestamp": "2026-09-28T02:03:56.616447Z"}
{"email": "tg8468512348-414763c5", "err": "All connection attempts failed", "event": "sync.traffic_failed", "level": "warning", "timestamp": "2026-09-28T02:03:56.619897Z"}
{"email": "tg8468512348-401776d8", "err": "All connection attempts failed", "event": "sync.traffic_failed", "level": "warning", "timestamp": "2026-09-28T02:03:56.620966Z"}
{"email": "tg8468512348-0799d731", "err": "All connection attempts failed", "event": "sync.traffic_failed", "level": "warning", "timestamp": "2026-09-28T02:03:56.621827Z"}
{"email": "tg8468512348-7a60e445", "err": "All connection attempts failed", "event": "sync.traffic_failed", "level": "warning", "timestamp": "2026-09-28T02:03:56.622663Z"}
{"email": "tg8468512348-b36fde64", "err": "All connection attempts failed", "event": "sync.traffic_failed", "level": "warning", "timestamp": "2026-09-28T02:03:56.624087Z"}
{"email": "tg8468512348-0a8dd48c", "err": "All connection attempts failed", "event": "sync.traffic_failed", "level": "warning", "timestamp": "2026-09-28T02:03:56.624882Z"}
{"email": "tg8468512348-0fe1b387", "err": "All connection attempts failed", "event": "sync.traffic_failed", "level": "warning", "timestamp": "2026-09-28T02:03:56.625813Z"}
{"email": "tg8468512348-5971502c", "err": "All connection attempts failed", "event": "sync.traffic_failed", "level": "warning", "timestamp": "2026-09-28T02:03:56.626695Z"}
{"updated": 5, "event": "sync_traffic.done", "level": "info", "timestamp": "2026-09-28T02:03:57.084283Z"}
{"email": "tg5435975876-5b782c49", "err": "All connection attempts failed", "event": "sync.traffic_failed", "level": "warning", "timestamp": "2026-09-28T02:18:56.570390Z"}
{"email": "web-ad78af6c", "err": "All connection attempts failed", "event": "sync.traffic_failed", "level": "warning", "timestamp": "2026-09-28T02:18:56.574315Z"}
{"email": "tg8468512348-fdeabd2c", "err": "All connection attempts failed", "event": "sync.traffic_failed", "level": "warning", "timestamp": "2026-09-28T02:18:56.578320Z"}
{"email": "tg8468512348-aa6853d6", "err": "All connection attempts failed", "event": "sync.traffic_failed", "level": "warning", "timestamp": "2026-09-28T02:18:56.579744Z"}
{"email": "tg8468512348-64f025a5", "err": "All connection attempts failed", "event": "sync.traffic_failed", "level": "warning", "timestamp": "2026-09-28T02:18:56.581317Z"}
{"email": "tg8468512348-ccebd3fa", "err": "All connection attempts failed", "event": "sync.traffic_failed", "level": "warning", "timestamp": "2026-09-28T02:18:56.583086Z"}
{"email": "tg8468512348-b7febaa3", "err": "All connection attempts failed", "event": "sync.traffic_failed", "level": "warning", "timestamp": "2026-09-28T02:18:56.584262Z"}
{"email": "tg8468512348-ca791fcc", "err": "All connection attempts failed", "event": "sync.traffic_failed", "level": "warning", "timestamp": "2026-09-28T02:18:56.585421Z"}
{"email": "tg8468512348-414763c5", "err": "All connection attempts failed", "event": "sync.traffic_failed", "level": "warning", "timestamp": "2026-09-28T02:18:56.586562Z"}
{"email": "tg8468512348-401776d8", "err": "All connection attempts failed", "event": "sync.traffic_failed", "level": "warning", "timestamp": "2026-09-28T02:18:56.588241Z"}
{"email": "tg8468512348-0799d731", "err": "All connection attempts failed", "event": "sync.traffic_failed", "level": "warning", "timestamp": "2026-09-28T02:18:56.589319Z"}
{"email": "tg8468512348-7a60e445", "err": "All connection attempts failed", "event": "sync.traffic_failed", "level": "warning", "timestamp": "2026-09-28T02:18:56.590404Z"}
{"email": "tg8468512348-b36fde64", "err": "All connection attempts failed", "event": "sync.traffic_failed", "level": "warning", "timestamp": "2026-09-28T02:18:56.591217Z"}
{"email": "tg8468512348-0a8dd48c", "err": "All connection attempts failed", "event": "sync.traffic_failed", "level": "warning", "timestamp": "2026-09-28T02:18:56.591993Z"}
{"email": "tg8468512348-0fe1b387", "err": "All connection attempts failed", "event": "sync.traffic_failed", "level": "warning", "timestamp": "2026-09-28T02:18:56.592860Z"}
{"email": "tg8468512348-5971502c", "err": "All connection attempts failed", "event": "sync.traffic_failed", "level": "warning", "timestamp": "2026-09-28T02:18:56.594890Z"}
{"updated": 5, "event": "sync_traffic.done", "level": "info", "timestamp": "2026-09-28T02:18:57.070854Z"}
{"email": "tg5435975876-5b782c49", "err": "All connection attempts failed", "event": "sync.traffic_failed", "level": "warning", "timestamp": "2026-09-28T02:33:56.617116Z"}
{"email": "web-ad78af6c", "err": "All connection attempts failed", "event": "sync.traffic_failed", "level": "warning", "timestamp": "2026-09-28T02:33:56.618908Z"}
{"email": "tg8468512348-fdeabd2c", "err": "All connection attempts failed", "event": "sync.traffic_failed", "level": "warning", "timestamp": "2026-09-28T02:33:56.621578Z"}
{"email": "tg8468512348-aa6853d6", "err": "All connection attempts failed", "event": "sync.traffic_failed", "level": "warning", "timestamp": "2026-09-28T02:33:56.625084Z"}
{"email": "tg8468512348-64f025a5", "err": "All connection attempts failed", "event": "sync.traffic_failed", "level": "warning", "timestamp": "2026-09-28T02:33:56.627648Z"}
{"email": "tg8468512348-ccebd3fa", "err": "All connection attempts failed", "event": "sync.traffic_failed", "level": "warning", "timestamp": "2026-09-28T02:33:56.629002Z"}
{"email": "tg8468512348-b7febaa3", "err": "All connection attempts failed", "event": "sync.traffic_failed", "level": "warning", "timestamp": "2026-09-28T02:33:56.631006Z"}
{"email": "tg8468512348-ca791fcc", "err": "All connection attempts failed", "event": "sync.traffic_failed", "level": "warning", "timestamp": "2026-09-28T02:33:56.632739Z"}
{"email": "tg8468512348-414763c5", "err": "All connection attempts failed", "event": "sync.traffic_failed", "level": "warning", "timestamp": "2026-09-28T02:33:56.633777Z"}
{"email": "tg8468512348-401776d8", "err": "All connection attempts failed", "event": "sync.traffic_failed", "level": "warning", "timestamp": "2026-09-28T02:33:56.634659Z"}
{"email": "tg8468512348-0799d731", "err": "All connection attempts failed", "event": "sync.traffic_failed", "level": "warning", "timestamp": "2026-09-28T02:33:56.635826Z"}
{"email": "tg8468512348-7a60e445", "err": "All connection attempts failed", "event": "sync.traffic_failed", "level": "warning", "timestamp": "2026-09-28T02:33:56.637216Z"}
{"email": "tg8468512348-b36fde64", "err": "All connection attempts failed", "event": "sync.traffic_failed", "level": "warning", "timestamp": "2026-09-28T02:33:56.638718Z"}
{"email": "tg8468512348-0a8dd48c", "err": "All connection attempts failed", "event": "sync.traffic_failed", "level": "warning", "timestamp": "2026-09-28T02:33:56.639779Z"}
{"email": "tg8468512348-0fe1b387", "err": "All connection attempts failed", "event": "sync.traffic_failed", "level": "warning", "timestamp": "2026-09-28T02:33:56.640741Z"}
{"email": "tg8468512348-5971502c", "err": "All connection attempts failed", "event": "sync.traffic_failed", "level": "warning", "timestamp": "2026-09-28T02:33:56.641990Z"}
{"updated": 5, "event": "sync_traffic.done", "level": "info", "timestamp": "2026-09-28T02:33:57.123818Z"}
{"email": "tg5435975876-5b782c49", "err": "All connection attempts failed", "event": "sync.traffic_failed", "level": "warning", "timestamp": "2026-09-28T02:48:56.581293Z"}
{"email": "web-ad78af6c", "err": "All connection attempts failed", "event": "sync.traffic_failed", "level": "warning", "timestamp": "2026-09-28T02:48:56.582905Z"}
{"email": "tg8468512348-fdeabd2c", "err": "All connection attempts failed", "event": "sync.traffic_failed", "level": "warning", "timestamp": "2026-09-28T02:48:56.584081Z"}
{"email": "tg8468512348-aa6853d6", "err": "All connection attempts failed", "event": "sync.traffic_failed", "level": "warning", "timestamp": "2026-09-28T02:48:56.585469Z"}
{"email": "tg8468512348-64f025a5", "err": "All connection attempts failed", "event": "sync.traffic_failed", "level": "warning", "timestamp": "2026-09-28T02:48:56.587148Z"}
{"email": "tg8468512348-ccebd3fa", "err": "All connection attempts failed", "event": "sync.traffic_failed", "level": "warning", "timestamp": "2026-09-28T02:48:56.588028Z"}
{"email": "tg8468512348-b7febaa3", "err": "All connection attempts failed", "event": "sync.traffic_failed", "level": "warning", "timestamp": "2026-09-28T02:48:56.588935Z"}
{"email": "tg8468512348-ca791fcc", "err": "All connection attempts failed", "event": "sync.traffic_failed", "level": "warning", "timestamp": "2026-09-28T02:48:56.589793Z"}
{"email": "tg8468512348-414763c5", "err": "All connection attempts failed", "event": "sync.traffic_failed", "level": "warning", "timestamp": "2026-09-28T02:48:56.590618Z"}
{"email": "tg8468512348-401776d8", "err": "All connection attempts failed", "event": "sync.traffic_failed", "level": "warning", "timestamp": "2026-09-28T02:48:56.592173Z"}
{"email": "tg8468512348-0799d731", "err": "All connection attempts failed", "event": "sync.traffic_failed", "level": "warning", "timestamp": "2026-09-28T02:48:56.593185Z"}
{"email": "tg8468512348-7a60e445", "err": "All connection attempts failed", "event": "sync.traffic_failed", "level": "warning", "timestamp": "2026-09-28T02:48:56.594039Z"}
{"email": "tg8468512348-b36fde64", "err": "All connection attempts failed", "event": "sync.traffic_failed", "level": "warning", "timestamp": "2026-09-28T02:48:56.596403Z"}
{"email": "tg8468512348-0a8dd48c", "err": "All connection attempts failed", "event": "sync.traffic_failed", "level": "warning", "timestamp": "2026-09-28T02:48:56.597739Z"}
{"email": "tg8468512348-0fe1b387", "err": "All connection attempts failed", "event": "sync.traffic_failed", "level": "warning", "timestamp": "2026-09-28T02:48:56.598623Z"}
{"email": "tg8468512348-5971502c", "err": "All connection attempts failed", "event": "sync.traffic_failed", "level": "warning", "timestamp": "2026-09-28T02:48:56.600695Z"}
{"updated": 5, "event": "sync_traffic.done", "level": "info", "timestamp": "2026-09-28T02:48:57.044184Z"}
{"email": "tg5435975876-5b782c49", "err": "All connection attempts failed", "event": "sync.traffic_failed", "level": "warning", "timestamp": "2026-09-28T03:03:56.643725Z"}
{"email": "web-ad78af6c", "err": "All connection attempts failed", "event": "sync.traffic_failed", "level": "warning", "timestamp": "2026-09-28T03:03:56.648805Z"}
{"email": "tg8468512348-fdeabd2c", "err": "All connection attempts failed", "event": "sync.traffic_failed", "level": "warning", "timestamp": "2026-09-28T03:03:56.650687Z"}
{"email": "tg8468512348-aa6853d6", "err": "All connection attempts failed", "event": "sync.traffic_failed", "level": "warning", "timestamp": "2026-09-28T03:03:56.652604Z"}
{"email": "tg8468512348-64f025a5", "err": "All connection attempts failed", "event": "sync.traffic_failed", "level": "warning", "timestamp": "2026-09-28T03:03:56.655101Z"}
{"email": "tg8468512348-ccebd3fa", "err": "All connection attempts failed", "event": "sync.traffic_failed", "level": "warning", "timestamp": "2026-09-28T03:03:56.659812Z"}
{"email": "tg8468512348-b7febaa3", "err": "All connection attempts failed", "event": "sync.traffic_failed", "level": "warning", "timestamp": "2026-09-28T03:03:56.661810Z"}
{"email": "tg8468512348-ca791fcc", "err": "All connection attempts failed", "event": "sync.traffic_failed", "level": "warning", "timestamp": "2026-09-28T03:03:56.665007Z"}
{"email": "tg8468512348-414763c5", "err": "All connection attempts failed", "event": "sync.traffic_failed", "level": "warning", "timestamp": "2026-09-28T03:03:56.666421Z"}
{"email": "tg8468512348-401776d8", "err": "All connection attempts failed", "event": "sync.traffic_failed", "level": "warning", "timestamp": "2026-09-28T03:03:56.669122Z"}
{"email": "tg8468512348-0799d731", "err": "All connection attempts failed", "event": "sync.traffic_failed", "level": "warning", "timestamp": "2026-09-28T03:03:56.671321Z"}
{"email": "tg8468512348-7a60e445", "err": "All connection attempts failed", "event": "sync.traffic_failed", "level": "warning", "timestamp": "2026-09-28T03:03:56.672965Z"}
{"email": "tg8468512348-b36fde64", "err": "All connection attempts failed", "event": "sync.traffic_failed", "level": "warning", "timestamp": "2026-09-28T03:03:56.674258Z"}
{"email": "tg8468512348-0a8dd48c", "err": "All connection attempts failed", "event": "sync.traffic_failed", "level": "warning", "timestamp": "2026-09-28T03:03:56.677283Z"}
{"email": "tg8468512348-0fe1b387", "err": "All connection attempts failed", "event": "sync.traffic_failed", "level": "warning", "timestamp": "2026-09-28T03:03:56.678485Z"}
{"email": "tg8468512348-5971502c", "err": "All connection attempts failed", "event": "sync.traffic_failed", "level": "warning", "timestamp": "2026-09-28T03:03:56.679674Z"}
{"updated": 5, "event": "sync_traffic.done", "level": "info", "timestamp": "2026-09-28T03:03:57.168395Z"}
{"email": "tg5435975876-5b782c49", "err": "All connection attempts failed", "event": "sync.traffic_failed", "level": "warning", "timestamp": "2026-09-28T03:18:56.546379Z"}
{"email": "web-ad78af6c", "err": "All connection attempts failed", "event": "sync.traffic_failed", "level": "warning", "timestamp": "2026-09-28T03:18:56.547898Z"}
{"email": "tg8468512348-fdeabd2c", "err": "All connection attempts failed", "event": "sync.traffic_failed", "level": "warning", "timestamp": "2026-09-28T03:18:56.549028Z"}
{"email": "tg8468512348-aa6853d6", "err": "All connection attempts failed", "event": "sync.traffic_failed", "level": "warning", "timestamp": "2026-09-28T03:18:56.549983Z"}
{"email": "tg8468512348-64f025a5", "err": "All connection attempts failed", "event": "sync.traffic_failed", "level": "warning", "timestamp": "2026-09-28T03:18:56.551303Z"}
{"email": "tg8468512348-ccebd3fa", "err": "All connection attempts failed", "event": "sync.traffic_failed", "level": "warning", "timestamp": "2026-09-28T03:18:56.552146Z"}
{"email": "tg8468512348-b7febaa3", "err": "All connection attempts failed", "event": "sync.traffic_failed", "level": "warning", "timestamp": "2026-09-28T03:18:56.553107Z"}
{"email": "tg8468512348-ca791fcc", "err": "All connection attempts failed", "event": "sync.traffic_failed", "level": "warning", "timestamp": "2026-09-28T03:18:56.553892Z"}
{"email": "tg8468512348-414763c5", "err": "All connection attempts failed", "event": "sync.traffic_failed", "level": "warning", "timestamp": "2026-09-28T03:18:56.554696Z"}
{"email": "tg8468512348-401776d8", "err": "All connection attempts failed", "event": "sync.traffic_failed", "level": "warning", "timestamp": "2026-09-28T03:18:56.555446Z"}
{"email": "tg8468512348-0799d731", "err": "All connection attempts failed", "event": "sync.traffic_failed", "level": "warning", "timestamp": "2026-09-28T03:18:56.556633Z"}
{"email": "tg8468512348-7a60e445", "err": "All connection attempts failed", "event": "sync.traffic_failed", "level": "warning", "timestamp": "2026-09-28T03:18:56.557373Z"}
{"email": "tg8468512348-b36fde64", "err": "All connection attempts failed", "event": "sync.traffic_failed", "level": "warning", "timestamp": "2026-09-28T03:18:56.558151Z"}
{"email": "tg8468512348-0a8dd48c", "err": "All connection attempts failed", "event": "sync.traffic_failed", "level": "warning", "timestamp": "2026-09-28T03:18:56.558919Z"}
{"email": "tg8468512348-0fe1b387", "err": "All connection attempts failed", "event": "sync.traffic_failed", "level": "warning", "timestamp": "2026-09-28T03:18:56.559677Z"}
{"email": "tg8468512348-5971502c", "err": "All connection attempts failed", "event": "sync.traffic_failed", "level": "warning", "timestamp": "2026-09-28T03:18:56.560792Z"}
{"updated": 5, "event": "sync_traffic.done", "level": "info", "timestamp": "2026-09-28T03:18:57.042954Z"}
{"email": "tg5435975876-5b782c49", "err": "All connection attempts failed", "event": "sync.traffic_failed", "level": "warning", "timestamp": "2026-09-28T03:33:56.593238Z"}
{"email": "web-ad78af6c", "err": "All connection attempts failed", "event": "sync.traffic_failed", "level": "warning", "timestamp": "2026-09-28T03:33:56.595035Z"}
{"email": "tg8468512348-fdeabd2c", "err": "All connection attempts failed", "event": "sync.traffic_failed", "level": "warning", "timestamp": "2026-09-28T03:33:56.596761Z"}
{"email": "tg8468512348-aa6853d6", "err": "All connection attempts failed", "event": "sync.traffic_failed", "level": "warning", "timestamp": "2026-09-28T03:33:56.598654Z"}
{"email": "tg8468512348-64f025a5", "err": "All connection attempts failed", "event": "sync.traffic_failed", "level": "warning", "timestamp": "2026-09-28T03:33:56.601258Z"}
{"email": "tg8468512348-ccebd3fa", "err": "All connection attempts failed", "event": "sync.traffic_failed", "level": "warning", "timestamp": "2026-09-28T03:33:56.604200Z"}
{"email": "tg8468512348-b7febaa3", "err": "All connection attempts failed", "event": "sync.traffic_failed", "level": "warning", "timestamp": "2026-09-28T03:33:56.605541Z"}
{"email": "tg8468512348-ca791fcc", "err": "All connection attempts failed", "event": "sync.traffic_failed", "level": "warning", "timestamp": "2026-09-28T03:33:56.607299Z"}
{"email": "tg8468512348-414763c5", "err": "All connection attempts failed", "event": "sync.traffic_failed", "level": "warning", "timestamp": "2026-09-28T03:33:56.610122Z"}
{"email": "tg8468512348-401776d8", "err": "All connection attempts failed", "event": "sync.traffic_failed", "level": "warning", "timestamp": "2026-09-28T03:33:56.611320Z"}
{"email": "tg8468512348-0799d731", "err": "All connection attempts failed", "event": "sync.traffic_failed", "level": "warning", "timestamp": "2026-09-28T03:33:56.612358Z"}
{"email": "tg8468512348-7a60e445", "err": "All connection attempts failed", "event": "sync.traffic_failed", "level": "warning", "timestamp": "2026-09-28T03:33:56.613475Z"}
{"email": "tg8468512348-b36fde64", "err": "All connection attempts failed", "event": "sync.traffic_failed", "level": "warning", "timestamp": "2026-09-28T03:33:56.614573Z"}
{"email": "tg8468512348-0a8dd48c", "err": "All connection attempts failed", "event": "sync.traffic_failed", "level": "warning", "timestamp": "2026-09-28T03:33:56.615685Z"}
{"email": "tg8468512348-0fe1b387", "err": "All connection attempts failed", "event": "sync.traffic_failed", "level": "warning", "timestamp": "2026-09-28T03:33:56.617163Z"}
{"email": "tg8468512348-5971502c", "err": "All connection attempts failed", "event": "sync.traffic_failed", "level": "warning", "timestamp": "2026-09-28T03:33:56.617954Z"}
{"updated": 5, "event": "sync_traffic.done", "level": "info", "timestamp": "2026-09-28T03:33:57.089946Z"}
{"email": "tg5435975876-5b782c49", "err": "All connection attempts failed", "event": "sync.traffic_failed", "level": "warning", "timestamp": "2026-09-28T03:48:56.584155Z"}
{"email": "web-ad78af6c", "err": "All connection attempts failed", "event": "sync.traffic_failed", "level": "warning", "timestamp": "2026-09-28T03:48:56.585764Z"}
{"email": "tg8468512348-fdeabd2c", "err": "All connection attempts failed", "event": "sync.traffic_failed", "level": "warning", "timestamp": "2026-09-28T03:48:56.586768Z"}
{"email": "tg8468512348-aa6853d6", "err": "All connection attempts failed", "event": "sync.traffic_failed", "level": "warning", "timestamp": "2026-09-28T03:48:56.587886Z"}
{"email": "tg8468512348-64f025a5", "err": "All connection attempts failed", "event": "sync.traffic_failed", "level": "warning", "timestamp": "2026-09-28T03:48:56.589443Z"}
{"email": "tg8468512348-ccebd3fa", "err": "All connection attempts failed", "event": "sync.traffic_failed", "level": "warning", "timestamp": "2026-09-28T03:48:56.590290Z"}
{"email": "tg8468512348-b7febaa3", "err": "All connection attempts failed", "event": "sync.traffic_failed", "level": "warning", "timestamp": "2026-09-28T03:48:56.591083Z"}
{"email": "tg8468512348-ca791fcc", "err": "All connection attempts failed", "event": "sync.traffic_failed", "level": "warning", "timestamp": "2026-09-28T03:48:56.591863Z"}
{"email": "tg8468512348-414763c5", "err": "All connection attempts failed", "event": "sync.traffic_failed", "level": "warning", "timestamp": "2026-09-28T03:48:56.592708Z"}
{"email": "tg8468512348-401776d8", "err": "All connection attempts failed", "event": "sync.traffic_failed", "level": "warning", "timestamp": "2026-09-28T03:48:56.593539Z"}
{"email": "tg8468512348-0799d731", "err": "All connection attempts failed", "event": "sync.traffic_failed", "level": "warning", "timestamp": "2026-09-28T03:48:56.594656Z"}
{"email": "tg8468512348-7a60e445", "err": "All connection attempts failed", "event": "sync.traffic_failed", "level": "warning", "timestamp": "2026-09-28T03:48:56.595785Z"}
{"email": "tg8468512348-b36fde64", "err": "All connection attempts failed", "event": "sync.traffic_failed", "level": "warning", "timestamp": "2026-09-28T03:48:56.596823Z"}
{"email": "tg8468512348-0a8dd48c", "err": "All connection attempts failed", "event": "sync.traffic_failed", "level": "warning", "timestamp": "2026-09-28T03:48:56.597668Z"}
{"email": "tg8468512348-0fe1b387", "err": "All connection attempts failed", "event": "sync.traffic_failed", "level": "warning", "timestamp": "2026-09-28T03:48:56.598413Z"}
{"email": "tg8468512348-5971502c", "err": "All connection attempts failed", "event": "sync.traffic_failed", "level": "warning", "timestamp": "2026-09-28T03:48:56.599237Z"}
{"updated": 5, "event": "sync_traffic.done", "level": "info", "timestamp": "2026-09-28T03:48:57.079435Z"}
{"email": "tg5435975876-5b782c49", "err": "All connection attempts failed", "event": "sync.traffic_failed", "level": "warning", "timestamp": "2026-09-28T04:03:56.637576Z"}
{"email": "web-ad78af6c", "err": "All connection attempts failed", "event": "sync.traffic_failed", "level": "warning", "timestamp": "2026-09-28T04:03:56.639631Z"}
{"email": "tg8468512348-fdeabd2c", "err": "All connection attempts failed", "event": "sync.traffic_failed", "level": "warning", "timestamp": "2026-09-28T04:03:56.642187Z"}
{"email": "tg8468512348-aa6853d6", "err": "All connection attempts failed", "event": "sync.traffic_failed", "level": "warning", "timestamp": "2026-09-28T04:03:56.644152Z"}
{"email": "tg8468512348-64f025a5", "err": "All connection attempts failed", "event": "sync.traffic_failed", "level": "warning", "timestamp": "2026-09-28T04:03:56.648697Z"}
{"email": "tg8468512348-ccebd3fa", "err": "All connection attempts failed", "event": "sync.traffic_failed", "level": "warning", "timestamp": "2026-09-28T04:03:56.651668Z"}
{"email": "tg8468512348-b7febaa3", "err": "All connection attempts failed", "event": "sync.traffic_failed", "level": "warning", "timestamp": "2026-09-28T04:03:56.653479Z"}
{"email": "tg8468512348-ca791fcc", "err": "All connection attempts failed", "event": "sync.traffic_failed", "level": "warning", "timestamp": "2026-09-28T04:03:56.655454Z"}
{"email": "tg8468512348-414763c5", "err": "All connection attempts failed", "event": "sync.traffic_failed", "level": "warning", "timestamp": "2026-09-28T04:03:56.657224Z"}
{"email": "tg8468512348-401776d8", "err": "All connection attempts failed", "event": "sync.traffic_failed", "level": "warning", "timestamp": "2026-09-28T04:03:56.658345Z"}
{"email": "tg8468512348-0799d731", "err": "All connection attempts failed", "event": "sync.traffic_failed", "level": "warning", "timestamp": "2026-09-28T04:03:56.659162Z"}
{"email": "tg8468512348-7a60e445", "err": "All connection attempts failed", "event": "sync.traffic_failed", "level": "warning", "timestamp": "2026-09-28T04:03:56.660280Z"}
{"email": "tg8468512348-b36fde64", "err": "All connection attempts failed", "event": "sync.traffic_failed", "level": "warning", "timestamp": "2026-09-28T04:03:56.662238Z"}
{"email": "tg8468512348-0a8dd48c", "err": "All connection attempts failed", "event": "sync.traffic_failed", "level": "warning", "timestamp": "2026-09-28T04:03:56.663421Z"}
{"email": "tg8468512348-0fe1b387", "err": "All connection attempts failed", "event": "sync.traffic_failed", "level": "warning", "timestamp": "2026-09-28T04:03:56.664445Z"}
{"email": "tg8468512348-5971502c", "err": "All connection attempts failed", "event": "sync.traffic_failed", "level": "warning", "timestamp": "2026-09-28T04:03:56.665613Z"}
{"updated": 5, "event": "sync_traffic.done", "level": "info", "timestamp": "2026-09-28T04:03:57.137693Z"}
{"email": "tg5435975876-5b782c49", "err": "All connection attempts failed", "event": "sync.traffic_failed", "level": "warning", "timestamp": "2026-09-28T04:18:56.585915Z"}
{"email": "web-ad78af6c", "err": "All connection attempts failed", "event": "sync.traffic_failed", "level": "warning", "timestamp": "2026-09-28T04:18:56.587471Z"}
{"email": "tg8468512348-fdeabd2c", "err": "All connection attempts failed", "event": "sync.traffic_failed", "level": "warning", "timestamp": "2026-09-28T04:18:56.588734Z"}
{"email": "tg8468512348-aa6853d6", "err": "All connection attempts failed", "event": "sync.traffic_failed", "level": "warning", "timestamp": "2026-09-28T04:18:56.589839Z"}
{"email": "tg8468512348-64f025a5", "err": "All connection attempts failed", "event": "sync.traffic_failed", "level": "warning", "timestamp": "2026-09-28T04:18:56.591464Z"}
{"email": "tg8468512348-ccebd3fa", "err": "All connection attempts failed", "event": "sync.traffic_failed", "level": "warning", "timestamp": "2026-09-28T04:18:56.592530Z"}
{"email": "tg8468512348-b7febaa3", "err": "All connection attempts failed", "event": "sync.traffic_failed", "level": "warning", "timestamp": "2026-09-28T04:18:56.593551Z"}
{"email": "tg8468512348-ca791fcc", "err": "All connection attempts failed", "event": "sync.traffic_failed", "level": "warning", "timestamp": "2026-09-28T04:18:56.594450Z"}
{"email": "tg8468512348-414763c5", "err": "All connection attempts failed", "event": "sync.traffic_failed", "level": "warning", "timestamp": "2026-09-28T04:18:56.595545Z"}
{"email": "tg8468512348-401776d8", "err": "All connection attempts failed", "event": "sync.traffic_failed", "level": "warning", "timestamp": "2026-09-28T04:18:56.596947Z"}
{"email": "tg8468512348-0799d731", "err": "All connection attempts failed", "event": "sync.traffic_failed", "level": "warning", "timestamp": "2026-09-28T04:18:56.597756Z"}
{"email": "tg8468512348-7a60e445", "err": "All connection attempts failed", "event": "sync.traffic_failed", "level": "warning", "timestamp": "2026-09-28T04:18:56.598564Z"}
{"email": "tg8468512348-b36fde64", "err": "All connection attempts failed", "event": "sync.traffic_failed", "level": "warning", "timestamp": "2026-09-28T04:18:56.599375Z"}
{"email": "tg8468512348-0a8dd48c", "err": "All connection attempts failed", "event": "sync.traffic_failed", "level": "warning", "timestamp": "2026-09-28T04:18:56.600386Z"}
{"email": "tg8468512348-0fe1b387", "err": "All connection attempts failed", "event": "sync.traffic_failed", "level": "warning", "timestamp": "2026-09-28T04:18:56.601615Z"}
{"email": "tg8468512348-5971502c", "err": "All connection attempts failed", "event": "sync.traffic_failed", "level": "warning", "timestamp": "2026-09-28T04:18:56.603324Z"}
{"updated": 5, "event": "sync_traffic.done", "level": "info", "timestamp": "2026-09-28T04:18:57.079151Z"}
{"email": "tg5435975876-5b782c49", "err": "All connection attempts failed", "event": "sync.traffic_failed", "level": "warning", "timestamp": "2026-09-28T04:33:56.607358Z"}
{"email": "web-ad78af6c", "err": "All connection attempts failed", "event": "sync.traffic_failed", "level": "warning", "timestamp": "2026-09-28T04:33:56.620901Z"}
{"server": "lv", "err": "All connection attempts failed", "event": "reconcile.panel_unreachable", "level": "warning", "timestamp": "2026-09-28T04:33:56.625454Z"}
{"email": "tg8468512348-fdeabd2c", "err": "All connection attempts failed", "event": "sync.traffic_failed", "level": "warning", "timestamp": "2026-09-28T04:33:56.679586Z"}
{"email": "tg8468512348-aa6853d6", "err": "All connection attempts failed", "event": "sync.traffic_failed", "level": "warning", "timestamp": "2026-09-28T04:33:56.682971Z"}
{"email": "tg8468512348-64f025a5", "err": "All connection attempts failed", "event": "sync.traffic_failed", "level": "warning", "timestamp": "2026-09-28T04:33:56.686951Z"}
{"email": "tg8468512348-ccebd3fa", "err": "All connection attempts failed", "event": "sync.traffic_failed", "level": "warning", "timestamp": "2026-09-28T04:33:56.688535Z"}
{"email": "tg8468512348-b7febaa3", "err": "All connection attempts failed", "event": "sync.traffic_failed", "level": "warning", "timestamp": "2026-09-28T04:33:56.690531Z"}
{"email": "tg8468512348-ca791fcc", "err": "All connection attempts failed", "event": "sync.traffic_failed", "level": "warning", "timestamp": "2026-09-28T04:33:56.692293Z"}
{"email": "tg8468512348-414763c5", "err": "All connection attempts failed", "event": "sync.traffic_failed", "level": "warning", "timestamp": "2026-09-28T04:33:56.693269Z"}
{"email": "tg8468512348-401776d8", "err": "All connection attempts failed", "event": "sync.traffic_failed", "level": "warning", "timestamp": "2026-09-28T04:33:56.694307Z"}
{"email": "tg8468512348-0799d731", "err": "All connection attempts failed", "event": "sync.traffic_failed", "level": "warning", "timestamp": "2026-09-28T04:33:56.695151Z"}
{"email": "tg8468512348-7a60e445", "err": "All connection attempts failed", "event": "sync.traffic_failed", "level": "warning", "timestamp": "2026-09-28T04:33:56.696404Z"}
{"email": "tg8468512348-b36fde64", "err": "All connection attempts failed", "event": "sync.traffic_failed", "level": "warning", "timestamp": "2026-09-28T04:33:56.698050Z"}
{"email": "tg8468512348-0a8dd48c", "err": "All connection attempts failed", "event": "sync.traffic_failed", "level": "warning", "timestamp": "2026-09-28T04:33:56.699209Z"}
{"email": "tg8468512348-0fe1b387", "err": "All connection attempts failed", "event": "sync.traffic_failed", "level": "warning", "timestamp": "2026-09-28T04:33:56.700340Z"}
{"email": "tg8468512348-5971502c", "err": "All connection attempts failed", "event": "sync.traffic_failed", "level": "warning", "timestamp": "2026-09-28T04:33:56.701381Z"}
{"updated": 5, "event": "sync_traffic.done", "level": "info", "timestamp": "2026-09-28T04:33:57.248748Z"}
{"email": "tg5435975876-5b782c49", "err": "All connection attempts failed", "event": "sync.traffic_failed", "level": "warning", "timestamp": "2026-09-28T04:48:56.594928Z"}
{"email": "web-ad78af6c", "err": "All connection attempts failed", "event": "sync.traffic_failed", "level": "warning", "timestamp": "2026-09-28T04:48:56.596697Z"}
{"email": "tg8468512348-fdeabd2c", "err": "All connection attempts failed", "event": "sync.traffic_failed", "level": "warning", "timestamp": "2026-09-28T04:48:56.597774Z"}
{"email": "tg8468512348-aa6853d6", "err": "All connection attempts failed", "event": "sync.traffic_failed", "level": "warning", "timestamp": "2026-09-28T04:48:56.598860Z"}
{"email": "tg8468512348-64f025a5", "err": "All connection attempts failed", "event": "sync.traffic_failed", "level": "warning", "timestamp": "2026-09-28T04:48:56.600281Z"}
{"email": "tg8468512348-ccebd3fa", "err": "All connection attempts failed", "event": "sync.traffic_failed", "level": "warning", "timestamp": "2026-09-28T04:48:56.601125Z"}
{"email": "tg8468512348-b7febaa3", "err": "All connection attempts failed", "event": "sync.traffic_failed", "level": "warning", "timestamp": "2026-09-28T04:48:56.602075Z"}
{"email": "tg8468512348-ca791fcc", "err": "All connection attempts failed", "event": "sync.traffic_failed", "level": "warning", "timestamp": "2026-09-28T04:48:56.602911Z"}
{"email": "tg8468512348-414763c5", "err": "All connection attempts failed", "event": "sync.traffic_failed", "level": "warning", "timestamp": "2026-09-28T04:48:56.604028Z"}
{"email": "tg8468512348-401776d8", "err": "All connection attempts failed", "event": "sync.traffic_failed", "level": "warning", "timestamp": "2026-09-28T04:48:56.605829Z"}
{"email": "tg8468512348-0799d731", "err": "All connection attempts failed", "event": "sync.traffic_failed", "level": "warning", "timestamp": "2026-09-28T04:48:56.606831Z"}
{"email": "tg8468512348-7a60e445", "err": "All connection attempts failed", "event": "sync.traffic_failed", "level": "warning", "timestamp": "2026-09-28T04:48:56.607899Z"}
{"email": "tg8468512348-b36fde64", "err": "All connection attempts failed", "event": "sync.traffic_failed", "level": "warning", "timestamp": "2026-09-28T04:48:56.609703Z"}
{"email": "tg8468512348-0a8dd48c", "err": "All connection attempts failed", "event": "sync.traffic_failed", "level": "warning", "timestamp": "2026-09-28T04:48:56.611601Z"}
{"email": "tg8468512348-0fe1b387", "err": "All connection attempts failed", "event": "sync.traffic_failed", "level": "warning", "timestamp": "2026-09-28T04:48:56.613003Z"}
{"email": "tg8468512348-5971502c", "err": "All connection attempts failed", "event": "sync.traffic_failed", "level": "warning", "timestamp": "2026-09-28T04:48:56.614310Z"}
{"updated": 5, "event": "sync_traffic.done", "level": "info", "timestamp": "2026-09-28T04:48:57.036016Z"}
{"email": "tg5435975876-5b782c49", "err": "All connection attempts failed", "event": "sync.traffic_failed", "level": "warning", "timestamp": "2026-09-28T05:03:56.599231Z"}
{"email": "web-ad78af6c", "err": "All connection attempts failed", "event": "sync.traffic_failed", "level": "warning", "timestamp": "2026-09-28T05:03:56.601257Z"}
{"email": "tg8468512348-fdeabd2c", "err": "All connection attempts failed", "event": "sync.traffic_failed", "level": "warning", "timestamp": "2026-09-28T05:03:56.603224Z"}
{"email": "tg8468512348-aa6853d6", "err": "All connection attempts failed", "event": "sync.traffic_failed", "level": "warning", "timestamp": "2026-09-28T05:03:56.606640Z"}
{"email": "tg8468512348-64f025a5", "err": "All connection attempts failed", "event": "sync.traffic_failed", "level": "warning", "timestamp": "2026-09-28T05:03:56.610362Z"}
{"email": "tg8468512348-ccebd3fa", "err": "All connection attempts failed", "event": "sync.traffic_failed", "level": "warning", "timestamp": "2026-09-28T05:03:56.613062Z"}
{"email": "tg8468512348-b7febaa3", "err": "All connection attempts failed", "event": "sync.traffic_failed", "level": "warning", "timestamp": "2026-09-28T05:03:56.615058Z"}
{"email": "tg8468512348-ca791fcc", "err": "All connection attempts failed", "event": "sync.traffic_failed", "level": "warning", "timestamp": "2026-09-28T05:03:56.616446Z"}
{"email": "tg8468512348-414763c5", "err": "All connection attempts failed", "event": "sync.traffic_failed", "level": "warning", "timestamp": "2026-09-28T05:03:56.618324Z"}
{"email": "tg8468512348-401776d8", "err": "All connection attempts failed", "event": "sync.traffic_failed", "level": "warning", "timestamp": "2026-09-28T05:03:56.619748Z"}
{"email": "tg8468512348-0799d731", "err": "All connection attempts failed", "event": "sync.traffic_failed", "level": "warning", "timestamp": "2026-09-28T05:03:56.620896Z"}
{"email": "tg8468512348-7a60e445", "err": "All connection attempts failed", "event": "sync.traffic_failed", "level": "warning", "timestamp": "2026-09-28T05:03:56.622026Z"}
{"email": "tg8468512348-b36fde64", "err": "All connection attempts failed", "event": "sync.traffic_failed", "level": "warning", "timestamp": "2026-09-28T05:03:56.623923Z"}
{"email": "tg8468512348-0a8dd48c", "err": "All connection attempts failed", "event": "sync.traffic_failed", "level": "warning", "timestamp": "2026-09-28T05:03:56.624952Z"}
{"email": "tg8468512348-0fe1b387", "err": "All connection attempts failed", "event": "sync.traffic_failed", "level": "warning", "timestamp": "2026-09-28T05:03:56.625775Z"}
{"email": "tg8468512348-5971502c", "err": "All connection attempts failed", "event": "sync.traffic_failed", "level": "warning", "timestamp": "2026-09-28T05:03:56.626600Z"}
{"updated": 5, "event": "sync_traffic.done", "level": "info", "timestamp": "2026-09-28T05:03:57.050397Z"}
{"email": "tg5435975876-5b782c49", "err": "All connection attempts failed", "event": "sync.traffic_failed", "level": "warning", "timestamp": "2026-09-28T05:18:56.610356Z"}
{"email": "web-ad78af6c", "err": "All connection attempts failed", "event": "sync.traffic_failed", "level": "warning", "timestamp": "2026-09-28T05:18:56.611721Z"}
{"email": "tg8468512348-fdeabd2c", "err": "All connection attempts failed", "event": "sync.traffic_failed", "level": "warning", "timestamp": "2026-09-28T05:18:56.612883Z"}
{"email": "tg8468512348-aa6853d6", "err": "All connection attempts failed", "event": "sync.traffic_failed", "level": "warning", "timestamp": "2026-09-28T05:18:56.613836Z"}
{"email": "tg8468512348-64f025a5", "err": "All connection attempts failed", "event": "sync.traffic_failed", "level": "warning", "timestamp": "2026-09-28T05:18:56.615193Z"}
{"email": "tg8468512348-ccebd3fa", "err": "All connection attempts failed", "event": "sync.traffic_failed", "level": "warning", "timestamp": "2026-09-28T05:18:56.615992Z"}
{"email": "tg8468512348-b7febaa3", "err": "All connection attempts failed", "event": "sync.traffic_failed", "level": "warning", "timestamp": "2026-09-28T05:18:56.617042Z"}
{"email": "tg8468512348-ca791fcc", "err": "All connection attempts failed", "event": "sync.traffic_failed", "level": "warning", "timestamp": "2026-09-28T05:18:56.618032Z"}
{"email": "tg8468512348-414763c5", "err": "All connection attempts failed", "event": "sync.traffic_failed", "level": "warning", "timestamp": "2026-09-28T05:18:56.619332Z"}
{"email": "tg8468512348-401776d8", "err": "All connection attempts failed", "event": "sync.traffic_failed", "level": "warning", "timestamp": "2026-09-28T05:18:56.621348Z"}
{"email": "tg8468512348-0799d731", "err": "All connection attempts failed", "event": "sync.traffic_failed", "level": "warning", "timestamp": "2026-09-28T05:18:56.622557Z"}
{"email": "tg8468512348-7a60e445", "err": "All connection attempts failed", "event": "sync.traffic_failed", "level": "warning", "timestamp": "2026-09-28T05:18:56.623826Z"}
{"email": "tg8468512348-b36fde64", "err": "All connection attempts failed", "event": "sync.traffic_failed", "level": "warning", "timestamp": "2026-09-28T05:18:56.624969Z"}
{"email": "tg8468512348-0a8dd48c", "err": "All connection attempts failed", "event": "sync.traffic_failed", "level": "warning", "timestamp": "2026-09-28T05:18:56.626132Z"}
{"email": "tg8468512348-0fe1b387", "err": "All connection attempts failed", "event": "sync.traffic_failed", "level": "warning", "timestamp": "2026-09-28T05:18:56.627313Z"}
{"email": "tg8468512348-5971502c", "err": "All connection attempts failed", "event": "sync.traffic_failed", "level": "warning", "timestamp": "2026-09-28T05:18:56.629212Z"}
{"updated": 5, "event": "sync_traffic.done", "level": "info", "timestamp": "2026-09-28T05:18:57.068763Z"}
Failed to fetch updates - TelegramNetworkError: HTTP Client says - ClientOSError: [Errno 104] Connection reset by peer
Sleep for 1.000000 seconds and try again... (tryings = 0, bot id = 8746092424)
Connection established (tryings = 1, bot id = 8746092424)
{"email": "tg5435975876-5b782c49", "err": "All connection attempts failed", "event": "sync.traffic_failed", "level": "warning", "timestamp": "2026-09-28T05:33:56.627243Z"}
{"email": "web-ad78af6c", "err": "All connection attempts failed", "event": "sync.traffic_failed", "level": "warning", "timestamp": "2026-09-28T05:33:56.629396Z"}
{"email": "tg8468512348-fdeabd2c", "err": "All connection attempts failed", "event": "sync.traffic_failed", "level": "warning", "timestamp": "2026-09-28T05:33:56.632008Z"}
{"email": "tg8468512348-aa6853d6", "err": "All connection attempts failed", "event": "sync.traffic_failed", "level": "warning", "timestamp": "2026-09-28T05:33:56.633373Z"}
{"email": "tg8468512348-64f025a5", "err": "All connection attempts failed", "event": "sync.traffic_failed", "level": "warning", "timestamp": "2026-09-28T05:33:56.636023Z"}
{"email": "tg8468512348-ccebd3fa", "err": "All connection attempts failed", "event": "sync.traffic_failed", "level": "warning", "timestamp": "2026-09-28T05:33:56.639332Z"}
{"email": "tg8468512348-b7febaa3", "err": "All connection attempts failed", "event": "sync.traffic_failed", "level": "warning", "timestamp": "2026-09-28T05:33:56.641379Z"}
{"email": "tg8468512348-ca791fcc", "err": "All connection attempts failed", "event": "sync.traffic_failed", "level": "warning", "timestamp": "2026-09-28T05:33:56.642543Z"}
{"email": "tg8468512348-414763c5", "err": "All connection attempts failed", "event": "sync.traffic_failed", "level": "warning", "timestamp": "2026-09-28T05:33:56.643919Z"}
{"email": "tg8468512348-401776d8", "err": "All connection attempts failed", "event": "sync.traffic_failed", "level": "warning", "timestamp": "2026-09-28T05:33:56.645010Z"}
{"email": "tg8468512348-0799d731", "err": "All connection attempts failed", "event": "sync.traffic_failed", "level": "warning", "timestamp": "2026-09-28T05:33:56.646046Z"}
{"email": "tg8468512348-7a60e445", "err": "All connection attempts failed", "event": "sync.traffic_failed", "level": "warning", "timestamp": "2026-09-28T05:33:56.646988Z"}
{"email": "tg8468512348-b36fde64", "err": "All connection attempts failed", "event": "sync.traffic_failed", "level": "warning", "timestamp": "2026-09-28T05:33:56.647963Z"}
{"email": "tg8468512348-0a8dd48c", "err": "All connection attempts failed", "event": "sync.traffic_failed", "level": "warning", "timestamp": "2026-09-28T05:33:56.650547Z"}
{"email": "tg8468512348-0fe1b387", "err": "All connection attempts failed", "event": "sync.traffic_failed", "level": "warning", "timestamp": "2026-09-28T05:33:56.651307Z"}
{"email": "tg8468512348-5971502c", "err": "All connection attempts failed", "event": "sync.traffic_failed", "level": "warning", "timestamp": "2026-09-28T05:33:56.652170Z"}
{"updated": 5, "event": "sync_traffic.done", "level": "info", "timestamp": "2026-09-28T05:33:57.098976Z"}
{"email": "tg5435975876-5b782c49", "err": "All connection attempts failed", "event": "sync.traffic_failed", "level": "warning", "timestamp": "2026-09-28T05:48:56.627383Z"}
{"email": "web-ad78af6c", "err": "All connection attempts failed", "event": "sync.traffic_failed", "level": "warning", "timestamp": "2026-09-28T05:48:56.629589Z"}
{"email": "tg8468512348-fdeabd2c", "err": "All connection attempts failed", "event": "sync.traffic_failed", "level": "warning", "timestamp": "2026-09-28T05:48:56.631121Z"}
{"email": "tg8468512348-aa6853d6", "err": "All connection attempts failed", "event": "sync.traffic_failed", "level": "warning", "timestamp": "2026-09-28T05:48:56.632794Z"}
{"email": "tg8468512348-64f025a5", "err": "All connection attempts failed", "event": "sync.traffic_failed", "level": "warning", "timestamp": "2026-09-28T05:48:56.635005Z"}
{"email": "tg8468512348-ccebd3fa", "err": "All connection attempts failed", "event": "sync.traffic_failed", "level": "warning", "timestamp": "2026-09-28T05:48:56.636405Z"}
{"email": "tg8468512348-b7febaa3", "err": "All connection attempts failed", "event": "sync.traffic_failed", "level": "warning", "timestamp": "2026-09-28T05:48:56.637977Z"}
{"email": "tg8468512348-ca791fcc", "err": "All connection attempts failed", "event": "sync.traffic_failed", "level": "warning", "timestamp": "2026-09-28T05:48:56.639356Z"}
{"email": "tg8468512348-414763c5", "err": "All connection attempts failed", "event": "sync.traffic_failed", "level": "warning", "timestamp": "2026-09-28T05:48:56.640845Z"}
{"email": "tg8468512348-401776d8", "err": "All connection attempts failed", "event": "sync.traffic_failed", "level": "warning", "timestamp": "2026-09-28T05:48:56.643019Z"}
{"email": "tg8468512348-0799d731", "err": "All connection attempts failed", "event": "sync.traffic_failed", "level": "warning", "timestamp": "2026-09-28T05:48:56.644399Z"}
{"email": "tg8468512348-7a60e445", "err": "All connection attempts failed", "event": "sync.traffic_failed", "level": "warning", "timestamp": "2026-09-28T05:48:56.646451Z"}
{"email": "tg8468512348-b36fde64", "err": "All connection attempts failed", "event": "sync.traffic_failed", "level": "warning", "timestamp": "2026-09-28T05:48:56.649291Z"}
{"email": "tg8468512348-0a8dd48c", "err": "All connection attempts failed", "event": "sync.traffic_failed", "level": "warning", "timestamp": "2026-09-28T05:48:56.650736Z"}
{"email": "tg8468512348-0fe1b387", "err": "All connection attempts failed", "event": "sync.traffic_failed", "level": "warning", "timestamp": "2026-09-28T05:48:56.652146Z"}
{"email": "tg8468512348-5971502c", "err": "All connection attempts failed", "event": "sync.traffic_failed", "level": "warning", "timestamp": "2026-09-28T05:48:56.653577Z"}
{"updated": 5, "event": "sync_traffic.done", "level": "info", "timestamp": "2026-09-28T05:48:57.155378Z"}
{"email": "tg5435975876-5b782c49", "err": "All connection attempts failed", "event": "sync.traffic_failed", "level": "warning", "timestamp": "2026-09-28T06:03:56.640659Z"}
{"email": "web-ad78af6c", "err": "All connection attempts failed", "event": "sync.traffic_failed", "level": "warning", "timestamp": "2026-09-28T06:03:56.642946Z"}
{"email": "tg8468512348-fdeabd2c", "err": "All connection attempts failed", "event": "sync.traffic_failed", "level": "warning", "timestamp": "2026-09-28T06:03:56.645405Z"}
{"email": "tg8468512348-aa6853d6", "err": "All connection attempts failed", "event": "sync.traffic_failed", "level": "warning", "timestamp": "2026-09-28T06:03:56.646970Z"}
{"email": "tg8468512348-64f025a5", "err": "All connection attempts failed", "event": "sync.traffic_failed", "level": "warning", "timestamp": "2026-09-28T06:03:56.651005Z"}
{"email": "tg8468512348-ccebd3fa", "err": "All connection attempts failed", "event": "sync.traffic_failed", "level": "warning", "timestamp": "2026-09-28T06:03:56.654264Z"}
{"email": "tg8468512348-b7febaa3", "err": "All connection attempts failed", "event": "sync.traffic_failed", "level": "warning", "timestamp": "2026-09-28T06:03:56.657480Z"}
{"email": "tg8468512348-ca791fcc", "err": "All connection attempts failed", "event": "sync.traffic_failed", "level": "warning", "timestamp": "2026-09-28T06:03:56.659803Z"}
{"email": "tg8468512348-414763c5", "err": "All connection attempts failed", "event": "sync.traffic_failed", "level": "warning", "timestamp": "2026-09-28T06:03:56.661554Z"}
{"email": "tg8468512348-401776d8", "err": "All connection attempts failed", "event": "sync.traffic_failed", "level": "warning", "timestamp": "2026-09-28T06:03:56.662894Z"}
{"email": "tg8468512348-0799d731", "err": "All connection attempts failed", "event": "sync.traffic_failed", "level": "warning", "timestamp": "2026-09-28T06:03:56.663839Z"}
{"email": "tg8468512348-7a60e445", "err": "All connection attempts failed", "event": "sync.traffic_failed", "level": "warning", "timestamp": "2026-09-28T06:03:56.664754Z"}
{"email": "tg8468512348-b36fde64", "err": "All connection attempts failed", "event": "sync.traffic_failed", "level": "warning", "timestamp": "2026-09-28T06:03:56.666283Z"}
{"email": "tg8468512348-0a8dd48c", "err": "All connection attempts failed", "event": "sync.traffic_failed", "level": "warning", "timestamp": "2026-09-28T06:03:56.667099Z"}
{"email": "tg8468512348-0fe1b387", "err": "All connection attempts failed", "event": "sync.traffic_failed", "level": "warning", "timestamp": "2026-09-28T06:03:56.668242Z"}
{"email": "tg8468512348-5971502c", "err": "All connection attempts failed", "event": "sync.traffic_failed", "level": "warning", "timestamp": "2026-09-28T06:03:56.669184Z"}
{"updated": 5, "event": "sync_traffic.done", "level": "info", "timestamp": "2026-09-28T06:03:57.152943Z"}
{"email": "tg5435975876-5b782c49", "err": "All connection attempts failed", "event": "sync.traffic_failed", "level": "warning", "timestamp": "2026-09-28T06:18:56.611974Z"}
{"email": "web-ad78af6c", "err": "All connection attempts failed", "event": "sync.traffic_failed", "level": "warning", "timestamp": "2026-09-28T06:18:56.613623Z"}
{"email": "tg8468512348-fdeabd2c", "err": "All connection attempts failed", "event": "sync.traffic_failed", "level": "warning", "timestamp": "2026-09-28T06:18:56.614924Z"}
{"email": "tg8468512348-aa6853d6", "err": "All connection attempts failed", "event": "sync.traffic_failed", "level": "warning", "timestamp": "2026-09-28T06:18:56.616123Z"}
{"email": "tg8468512348-64f025a5", "err": "All connection attempts failed", "event": "sync.traffic_failed", "level": "warning", "timestamp": "2026-09-28T06:18:56.617541Z"}
{"email": "tg8468512348-ccebd3fa", "err": "All connection attempts failed", "event": "sync.traffic_failed", "level": "warning", "timestamp": "2026-09-28T06:18:56.618663Z"}
{"email": "tg8468512348-b7febaa3", "err": "All connection attempts failed", "event": "sync.traffic_failed", "level": "warning", "timestamp": "2026-09-28T06:18:56.619767Z"}
{"email": "tg8468512348-ca791fcc", "err": "All connection attempts failed", "event": "sync.traffic_failed", "level": "warning", "timestamp": "2026-09-28T06:18:56.620568Z"}
{"email": "tg8468512348-414763c5", "err": "All connection attempts failed", "event": "sync.traffic_failed", "level": "warning", "timestamp": "2026-09-28T06:18:56.621451Z"}
{"email": "tg8468512348-401776d8", "err": "All connection attempts failed", "event": "sync.traffic_failed", "level": "warning", "timestamp": "2026-09-28T06:18:56.622269Z"}
{"email": "tg8468512348-0799d731", "err": "All connection attempts failed", "event": "sync.traffic_failed", "level": "warning", "timestamp": "2026-09-28T06:18:56.623447Z"}
{"email": "tg8468512348-7a60e445", "err": "All connection attempts failed", "event": "sync.traffic_failed", "level": "warning", "timestamp": "2026-09-28T06:18:56.624389Z"}
{"email": "tg8468512348-b36fde64", "err": "All connection attempts failed", "event": "sync.traffic_failed", "level": "warning", "timestamp": "2026-09-28T06:18:56.625290Z"}
{"email": "tg8468512348-0a8dd48c", "err": "All connection attempts failed", "event": "sync.traffic_failed", "level": "warning", "timestamp": "2026-09-28T06:18:56.626158Z"}
{"email": "tg8468512348-0fe1b387", "err": "All connection attempts failed", "event": "sync.traffic_failed", "level": "warning", "timestamp": "2026-09-28T06:18:56.627098Z"}
{"email": "tg8468512348-5971502c", "err": "All connection attempts failed", "event": "sync.traffic_failed", "level": "warning", "timestamp": "2026-09-28T06:18:56.632009Z"}
{"updated": 5, "event": "sync_traffic.done", "level": "info", "timestamp": "2026-09-28T06:18:57.111317Z"}
{"email": "tg5435975876-5b782c49", "err": "All connection attempts failed", "event": "sync.traffic_failed", "level": "warning", "timestamp": "2026-09-28T06:33:56.644627Z"}
{"email": "web-ad78af6c", "err": "All connection attempts failed", "event": "sync.traffic_failed", "level": "warning", "timestamp": "2026-09-28T06:33:56.646966Z"}
{"email": "tg8468512348-fdeabd2c", "err": "All connection attempts failed", "event": "sync.traffic_failed", "level": "warning", "timestamp": "2026-09-28T06:33:56.649625Z"}
{"email": "tg8468512348-aa6853d6", "err": "All connection attempts failed", "event": "sync.traffic_failed", "level": "warning", "timestamp": "2026-09-28T06:33:56.653581Z"}
{"email": "tg8468512348-64f025a5", "err": "All connection attempts failed", "event": "sync.traffic_failed", "level": "warning", "timestamp": "2026-09-28T06:33:56.655414Z"}
{"email": "tg8468512348-ccebd3fa", "err": "All connection attempts failed", "event": "sync.traffic_failed", "level": "warning", "timestamp": "2026-09-28T06:33:56.658793Z"}
{"email": "tg8468512348-b7febaa3", "err": "All connection attempts failed", "event": "sync.traffic_failed", "level": "warning", "timestamp": "2026-09-28T06:33:56.661250Z"}
{"email": "tg8468512348-ca791fcc", "err": "All connection attempts failed", "event": "sync.traffic_failed", "level": "warning", "timestamp": "2026-09-28T06:33:56.666116Z"}
{"email": "tg8468512348-414763c5", "err": "All connection attempts failed", "event": "sync.traffic_failed", "level": "warning", "timestamp": "2026-09-28T06:33:56.668126Z"}
{"email": "tg8468512348-401776d8", "err": "All connection attempts failed", "event": "sync.traffic_failed", "level": "warning", "timestamp": "2026-09-28T06:33:56.669807Z"}
{"email": "tg8468512348-0799d731", "err": "All connection attempts failed", "event": "sync.traffic_failed", "level": "warning", "timestamp": "2026-09-28T06:33:56.671423Z"}
{"email": "tg8468512348-7a60e445", "err": "All connection attempts failed", "event": "sync.traffic_failed", "level": "warning", "timestamp": "2026-09-28T06:33:56.672989Z"}
{"email": "tg8468512348-b36fde64", "err": "All connection attempts failed", "event": "sync.traffic_failed", "level": "warning", "timestamp": "2026-09-28T06:33:56.675453Z"}
{"email": "tg8468512348-0a8dd48c", "err": "All connection attempts failed", "event": "sync.traffic_failed", "level": "warning", "timestamp": "2026-09-28T06:33:56.676883Z"}
{"email": "tg8468512348-0fe1b387", "err": "All connection attempts failed", "event": "sync.traffic_failed", "level": "warning", "timestamp": "2026-09-28T06:33:56.678246Z"}
{"email": "tg8468512348-5971502c", "err": "All connection attempts failed", "event": "sync.traffic_failed", "level": "warning", "timestamp": "2026-09-28T06:33:56.679698Z"}
{"updated": 5, "event": "sync_traffic.done", "level": "info", "timestamp": "2026-09-28T06:33:57.175226Z"}
{"email": "tg5435975876-5b782c49", "err": "All connection attempts failed", "event": "sync.traffic_failed", "level": "warning", "timestamp": "2026-09-28T06:48:56.585897Z"}
{"email": "web-ad78af6c", "err": "All connection attempts failed", "event": "sync.traffic_failed", "level": "warning", "timestamp": "2026-09-28T06:48:56.587936Z"}
{"email": "tg8468512348-fdeabd2c", "err": "All connection attempts failed", "event": "sync.traffic_failed", "level": "warning", "timestamp": "2026-09-28T06:48:56.589011Z"}
{"email": "tg8468512348-aa6853d6", "err": "All connection attempts failed", "event": "sync.traffic_failed", "level": "warning", "timestamp": "2026-09-28T06:48:56.590053Z"}
{"email": "tg8468512348-64f025a5", "err": "All connection attempts failed", "event": "sync.traffic_failed", "level": "warning", "timestamp": "2026-09-28T06:48:56.593003Z"}
{"email": "tg8468512348-ccebd3fa", "err": "All connection attempts failed", "event": "sync.traffic_failed", "level": "warning", "timestamp": "2026-09-28T06:48:56.594117Z"}
{"email": "tg8468512348-b7febaa3", "err": "All connection attempts failed", "event": "sync.traffic_failed", "level": "warning", "timestamp": "2026-09-28T06:48:56.595216Z"}
{"email": "tg8468512348-ca791fcc", "err": "All connection attempts failed", "event": "sync.traffic_failed", "level": "warning", "timestamp": "2026-09-28T06:48:56.596329Z"}
{"email": "tg8468512348-414763c5", "err": "All connection attempts failed", "event": "sync.traffic_failed", "level": "warning", "timestamp": "2026-09-28T06:48:56.597638Z"}
{"email": "tg8468512348-401776d8", "err": "All connection attempts failed", "event": "sync.traffic_failed", "level": "warning", "timestamp": "2026-09-28T06:48:56.598958Z"}
{"email": "tg8468512348-0799d731", "err": "All connection attempts failed", "event": "sync.traffic_failed", "level": "warning", "timestamp": "2026-09-28T06:48:56.600040Z"}
{"email": "tg8468512348-7a60e445", "err": "All connection attempts failed", "event": "sync.traffic_failed", "level": "warning", "timestamp": "2026-09-28T06:48:56.600825Z"}
{"email": "tg8468512348-b36fde64", "err": "All connection attempts failed", "event": "sync.traffic_failed", "level": "warning", "timestamp": "2026-09-28T06:48:56.601857Z"}
{"email": "tg8468512348-0a8dd48c", "err": "All connection attempts failed", "event": "sync.traffic_failed", "level": "warning", "timestamp": "2026-09-28T06:48:56.602963Z"}
{"email": "tg8468512348-0fe1b387", "err": "All connection attempts failed", "event": "sync.traffic_failed", "level": "warning", "timestamp": "2026-09-28T06:48:56.604157Z"}
{"email": "tg8468512348-5971502c", "err": "All connection attempts failed", "event": "sync.traffic_failed", "level": "warning", "timestamp": "2026-09-28T06:48:56.605959Z"}
{"updated": 5, "event": "sync_traffic.done", "level": "info", "timestamp": "2026-09-28T06:48:57.121975Z"}
{"email": "tg5435975876-5b782c49", "err": "All connection attempts failed", "event": "sync.traffic_failed", "level": "warning", "timestamp": "2026-09-28T07:03:56.637483Z"}
{"email": "web-ad78af6c", "err": "All connection attempts failed", "event": "sync.traffic_failed", "level": "warning", "timestamp": "2026-09-28T07:03:56.641469Z"}
{"email": "tg8468512348-fdeabd2c", "err": "All connection attempts failed", "event": "sync.traffic_failed", "level": "warning", "timestamp": "2026-09-28T07:03:56.643121Z"}
{"email": "tg8468512348-aa6853d6", "err": "All connection attempts failed", "event": "sync.traffic_failed", "level": "warning", "timestamp": "2026-09-28T07:03:56.644602Z"}
{"email": "tg8468512348-64f025a5", "err": "All connection attempts failed", "event": "sync.traffic_failed", "level": "warning", "timestamp": "2026-09-28T07:03:56.648049Z"}
{"email": "tg8468512348-ccebd3fa", "err": "All connection attempts failed", "event": "sync.traffic_failed", "level": "warning", "timestamp": "2026-09-28T07:03:56.652710Z"}
{"email": "tg8468512348-b7febaa3", "err": "All connection attempts failed", "event": "sync.traffic_failed", "level": "warning", "timestamp": "2026-09-28T07:03:56.654679Z"}
{"email": "tg8468512348-ca791fcc", "err": "All connection attempts failed", "event": "sync.traffic_failed", "level": "warning", "timestamp": "2026-09-28T07:03:56.659793Z"}
{"email": "tg8468512348-414763c5", "err": "All connection attempts failed", "event": "sync.traffic_failed", "level": "warning", "timestamp": "2026-09-28T07:03:56.662309Z"}
{"email": "tg8468512348-401776d8", "err": "All connection attempts failed", "event": "sync.traffic_failed", "level": "warning", "timestamp": "2026-09-28T07:03:56.664063Z"}
{"email": "tg8468512348-0799d731", "err": "All connection attempts failed", "event": "sync.traffic_failed", "level": "warning", "timestamp": "2026-09-28T07:03:56.666842Z"}
{"email": "tg8468512348-7a60e445", "err": "All connection attempts failed", "event": "sync.traffic_failed", "level": "warning", "timestamp": "2026-09-28T07:03:56.668323Z"}
{"email": "tg8468512348-b36fde64", "err": "All connection attempts failed", "event": "sync.traffic_failed", "level": "warning", "timestamp": "2026-09-28T07:03:56.669689Z"}
{"email": "tg8468512348-0a8dd48c", "err": "All connection attempts failed", "event": "sync.traffic_failed", "level": "warning", "timestamp": "2026-09-28T07:03:56.670932Z"}
{"email": "tg8468512348-0fe1b387", "err": "All connection attempts failed", "event": "sync.traffic_failed", "level": "warning", "timestamp": "2026-09-28T07:03:56.672310Z"}
{"email": "tg8468512348-5971502c", "err": "All connection attempts failed", "event": "sync.traffic_failed", "level": "warning", "timestamp": "2026-09-28T07:03:56.674454Z"}
{"updated": 5, "event": "sync_traffic.done", "level": "info", "timestamp": "2026-09-28T07:03:57.156928Z"}
{"email": "tg5435975876-5b782c49", "err": "All connection attempts failed", "event": "sync.traffic_failed", "level": "warning", "timestamp": "2026-09-28T07:18:56.605061Z"}
{"email": "web-ad78af6c", "err": "All connection attempts failed", "event": "sync.traffic_failed", "level": "warning", "timestamp": "2026-09-28T07:18:56.606945Z"}
{"email": "tg8468512348-fdeabd2c", "err": "All connection attempts failed", "event": "sync.traffic_failed", "level": "warning", "timestamp": "2026-09-28T07:18:56.608542Z"}
{"email": "tg8468512348-aa6853d6", "err": "All connection attempts failed", "event": "sync.traffic_failed", "level": "warning", "timestamp": "2026-09-28T07:18:56.609910Z"}
{"email": "tg8468512348-64f025a5", "err": "All connection attempts failed", "event": "sync.traffic_failed", "level": "warning", "timestamp": "2026-09-28T07:18:56.611761Z"}
{"email": "tg8468512348-ccebd3fa", "err": "All connection attempts failed", "event": "sync.traffic_failed", "level": "warning", "timestamp": "2026-09-28T07:18:56.613033Z"}
{"email": "tg8468512348-b7febaa3", "err": "All connection attempts failed", "event": "sync.traffic_failed", "level": "warning", "timestamp": "2026-09-28T07:18:56.614007Z"}
{"email": "tg8468512348-ca791fcc", "err": "All connection attempts failed", "event": "sync.traffic_failed", "level": "warning", "timestamp": "2026-09-28T07:18:56.614992Z"}
{"email": "tg8468512348-414763c5", "err": "All connection attempts failed", "event": "sync.traffic_failed", "level": "warning", "timestamp": "2026-09-28T07:18:56.616235Z"}
{"email": "tg8468512348-401776d8", "err": "All connection attempts failed", "event": "sync.traffic_failed", "level": "warning", "timestamp": "2026-09-28T07:18:56.617413Z"}
{"email": "tg8468512348-0799d731", "err": "All connection attempts failed", "event": "sync.traffic_failed", "level": "warning", "timestamp": "2026-09-28T07:18:56.618809Z"}
{"email": "tg8468512348-7a60e445", "err": "All connection attempts failed", "event": "sync.traffic_failed", "level": "warning", "timestamp": "2026-09-28T07:18:56.621260Z"}
{"email": "tg8468512348-b36fde64", "err": "All connection attempts failed", "event": "sync.traffic_failed", "level": "warning", "timestamp": "2026-09-28T07:18:56.622657Z"}
{"email": "tg8468512348-0a8dd48c", "err": "All connection attempts failed", "event": "sync.traffic_failed", "level": "warning", "timestamp": "2026-09-28T07:18:56.623837Z"}
{"email": "tg8468512348-0fe1b387", "err": "All connection attempts failed", "event": "sync.traffic_failed", "level": "warning", "timestamp": "2026-09-28T07:18:56.624928Z"}
{"email": "tg8468512348-5971502c", "err": "All connection attempts failed", "event": "sync.traffic_failed", "level": "warning", "timestamp": "2026-09-28T07:18:56.625927Z"}
{"updated": 5, "event": "sync_traffic.done", "level": "info", "timestamp": "2026-09-28T07:18:57.142388Z"}
{"email": "tg5435975876-5b782c49", "err": "All connection attempts failed", "event": "sync.traffic_failed", "level": "warning", "timestamp": "2026-09-28T07:33:56.640274Z"}
{"email": "web-ad78af6c", "err": "All connection attempts failed", "event": "sync.traffic_failed", "level": "warning", "timestamp": "2026-09-28T07:33:56.643256Z"}
{"email": "tg8468512348-fdeabd2c", "err": "All connection attempts failed", "event": "sync.traffic_failed", "level": "warning", "timestamp": "2026-09-28T07:33:56.645256Z"}
{"email": "tg8468512348-aa6853d6", "err": "All connection attempts failed", "event": "sync.traffic_failed", "level": "warning", "timestamp": "2026-09-28T07:33:56.647404Z"}
{"email": "tg8468512348-64f025a5", "err": "All connection attempts failed", "event": "sync.traffic_failed", "level": "warning", "timestamp": "2026-09-28T07:33:56.649205Z"}
{"email": "tg8468512348-ccebd3fa", "err": "All connection attempts failed", "event": "sync.traffic_failed", "level": "warning", "timestamp": "2026-09-28T07:33:56.653114Z"}
{"email": "tg8468512348-b7febaa3", "err": "All connection attempts failed", "event": "sync.traffic_failed", "level": "warning", "timestamp": "2026-09-28T07:33:56.660641Z"}
{"email": "tg8468512348-ca791fcc", "err": "All connection attempts failed", "event": "sync.traffic_failed", "level": "warning", "timestamp": "2026-09-28T07:33:56.662555Z"}
{"email": "tg8468512348-414763c5", "err": "All connection attempts failed", "event": "sync.traffic_failed", "level": "warning", "timestamp": "2026-09-28T07:33:56.663718Z"}
{"email": "tg8468512348-401776d8", "err": "All connection attempts failed", "event": "sync.traffic_failed", "level": "warning", "timestamp": "2026-09-28T07:33:56.665631Z"}
{"email": "tg8468512348-0799d731", "err": "All connection attempts failed", "event": "sync.traffic_failed", "level": "warning", "timestamp": "2026-09-28T07:33:56.666578Z"}
{"email": "tg8468512348-7a60e445", "err": "All connection attempts failed", "event": "sync.traffic_failed", "level": "warning", "timestamp": "2026-09-28T07:33:56.668388Z"}
{"email": "tg8468512348-b36fde64", "err": "All connection attempts failed", "event": "sync.traffic_failed", "level": "warning", "timestamp": "2026-09-28T07:33:56.669351Z"}
{"email": "tg8468512348-0a8dd48c", "err": "All connection attempts failed", "event": "sync.traffic_failed", "level": "warning", "timestamp": "2026-09-28T07:33:56.670270Z"}
{"email": "tg8468512348-0fe1b387", "err": "All connection attempts failed", "event": "sync.traffic_failed", "level": "warning", "timestamp": "2026-09-28T07:33:56.671677Z"}
{"email": "tg8468512348-5971502c", "err": "All connection attempts failed", "event": "sync.traffic_failed", "level": "warning", "timestamp": "2026-09-28T07:33:56.673491Z"}
{"updated": 5, "event": "sync_traffic.done", "level": "info", "timestamp": "2026-09-28T07:33:57.163150Z"}
{"email": "tg5435975876-5b782c49", "err": "All connection attempts failed", "event": "sync.traffic_failed", "level": "warning", "timestamp": "2026-09-28T07:48:56.622432Z"}
{"email": "web-ad78af6c", "err": "All connection attempts failed", "event": "sync.traffic_failed", "level": "warning", "timestamp": "2026-09-28T07:48:56.624405Z"}
{"email": "tg8468512348-fdeabd2c", "err": "All connection attempts failed", "event": "sync.traffic_failed", "level": "warning", "timestamp": "2026-09-28T07:48:56.625777Z"}
{"email": "tg8468512348-aa6853d6", "err": "All connection attempts failed", "event": "sync.traffic_failed", "level": "warning", "timestamp": "2026-09-28T07:48:56.627021Z"}
{"email": "tg8468512348-64f025a5", "err": "All connection attempts failed", "event": "sync.traffic_failed", "level": "warning", "timestamp": "2026-09-28T07:48:56.629813Z"}
{"email": "tg8468512348-ccebd3fa", "err": "All connection attempts failed", "event": "sync.traffic_failed", "level": "warning", "timestamp": "2026-09-28T07:48:56.630997Z"}
{"email": "tg8468512348-b7febaa3", "err": "All connection attempts failed", "event": "sync.traffic_failed", "level": "warning", "timestamp": "2026-09-28T07:48:56.632191Z"}
{"email": "tg8468512348-ca791fcc", "err": "All connection attempts failed", "event": "sync.traffic_failed", "level": "warning", "timestamp": "2026-09-28T07:48:56.633057Z"}
{"email": "tg8468512348-414763c5", "err": "All connection attempts failed", "event": "sync.traffic_failed", "level": "warning", "timestamp": "2026-09-28T07:48:56.633936Z"}
{"email": "tg8468512348-401776d8", "err": "All connection attempts failed", "event": "sync.traffic_failed", "level": "warning", "timestamp": "2026-09-28T07:48:56.635274Z"}
{"email": "tg8468512348-0799d731", "err": "All connection attempts failed", "event": "sync.traffic_failed", "level": "warning", "timestamp": "2026-09-28T07:48:56.636488Z"}
{"email": "tg8468512348-7a60e445", "err": "All connection attempts failed", "event": "sync.traffic_failed", "level": "warning", "timestamp": "2026-09-28T07:48:56.637586Z"}
{"email": "tg8468512348-b36fde64", "err": "All connection attempts failed", "event": "sync.traffic_failed", "level": "warning", "timestamp": "2026-09-28T07:48:56.638445Z"}
{"email": "tg8468512348-0a8dd48c", "err": "All connection attempts failed", "event": "sync.traffic_failed", "level": "warning", "timestamp": "2026-09-28T07:48:56.639621Z"}
{"email": "tg8468512348-0fe1b387", "err": "All connection attempts failed", "event": "sync.traffic_failed", "level": "warning", "timestamp": "2026-09-28T07:48:56.640869Z"}
{"email": "tg8468512348-5971502c", "err": "All connection attempts failed", "event": "sync.traffic_failed", "level": "warning", "timestamp": "2026-09-28T07:48:56.642308Z"}
{"updated": 5, "event": "sync_traffic.done", "level": "info", "timestamp": "2026-09-28T07:48:57.076891Z"}
{"email": "tg5435975876-5b782c49", "err": "All connection attempts failed", "event": "sync.traffic_failed", "level": "warning", "timestamp": "2026-09-28T08:03:56.594695Z"}
{"email": "web-ad78af6c", "err": "All connection attempts failed", "event": "sync.traffic_failed", "level": "warning", "timestamp": "2026-09-28T08:03:56.596553Z"}
{"email": "tg8468512348-fdeabd2c", "err": "All connection attempts failed", "event": "sync.traffic_failed", "level": "warning", "timestamp": "2026-09-28T08:03:56.599141Z"}
{"email": "tg8468512348-aa6853d6", "err": "All connection attempts failed", "event": "sync.traffic_failed", "level": "warning", "timestamp": "2026-09-28T08:03:56.601193Z"}
{"email": "tg8468512348-64f025a5", "err": "All connection attempts failed", "event": "sync.traffic_failed", "level": "warning", "timestamp": "2026-09-28T08:03:56.603605Z"}
{"email": "tg8468512348-ccebd3fa", "err": "All connection attempts failed", "event": "sync.traffic_failed", "level": "warning", "timestamp": "2026-09-28T08:03:56.605568Z"}
{"email": "tg8468512348-b7febaa3", "err": "All connection attempts failed", "event": "sync.traffic_failed", "level": "warning", "timestamp": "2026-09-28T08:03:56.607267Z"}
{"email": "tg8468512348-ca791fcc", "err": "All connection attempts failed", "event": "sync.traffic_failed", "level": "warning", "timestamp": "2026-09-28T08:03:56.615572Z"}
{"email": "tg8468512348-414763c5", "err": "All connection attempts failed", "event": "sync.traffic_failed", "level": "warning", "timestamp": "2026-09-28T08:03:56.619121Z"}
{"email": "tg8468512348-401776d8", "err": "All connection attempts failed", "event": "sync.traffic_failed", "level": "warning", "timestamp": "2026-09-28T08:03:56.620230Z"}
{"email": "tg8468512348-0799d731", "err": "All connection attempts failed", "event": "sync.traffic_failed", "level": "warning", "timestamp": "2026-09-28T08:03:56.621148Z"}
{"email": "tg8468512348-7a60e445", "err": "All connection attempts failed", "event": "sync.traffic_failed", "level": "warning", "timestamp": "2026-09-28T08:03:56.622017Z"}
{"email": "tg8468512348-b36fde64", "err": "All connection attempts failed", "event": "sync.traffic_failed", "level": "warning", "timestamp": "2026-09-28T08:03:56.623577Z"}
{"email": "tg8468512348-0a8dd48c", "err": "All connection attempts failed", "event": "sync.traffic_failed", "level": "warning", "timestamp": "2026-09-28T08:03:56.624381Z"}
{"email": "tg8468512348-0fe1b387", "err": "All connection attempts failed", "event": "sync.traffic_failed", "level": "warning", "timestamp": "2026-09-28T08:03:56.625165Z"}
{"email": "tg8468512348-5971502c", "err": "All connection attempts failed", "event": "sync.traffic_failed", "level": "warning", "timestamp": "2026-09-28T08:03:56.625934Z"}
{"updated": 5, "event": "sync_traffic.done", "level": "info", "timestamp": "2026-09-28T08:03:57.084572Z"}
{"email": "tg5435975876-5b782c49", "err": "All connection attempts failed", "event": "sync.traffic_failed", "level": "warning", "timestamp": "2026-09-28T08:18:56.613448Z"}
{"email": "web-ad78af6c", "err": "All connection attempts failed", "event": "sync.traffic_failed", "level": "warning", "timestamp": "2026-09-28T08:18:56.615290Z"}
{"email": "tg8468512348-fdeabd2c", "err": "All connection attempts failed", "event": "sync.traffic_failed", "level": "warning", "timestamp": "2026-09-28T08:18:56.616916Z"}
{"email": "tg8468512348-aa6853d6", "err": "All connection attempts failed", "event": "sync.traffic_failed", "level": "warning", "timestamp": "2026-09-28T08:18:56.618440Z"}
{"email": "tg8468512348-64f025a5", "err": "All connection attempts failed", "event": "sync.traffic_failed", "level": "warning", "timestamp": "2026-09-28T08:18:56.620711Z"}
{"email": "tg8468512348-ccebd3fa", "err": "All connection attempts failed", "event": "sync.traffic_failed", "level": "warning", "timestamp": "2026-09-28T08:18:56.622043Z"}
{"email": "tg8468512348-b7febaa3", "err": "All connection attempts failed", "event": "sync.traffic_failed", "level": "warning", "timestamp": "2026-09-28T08:18:56.623242Z"}
{"email": "tg8468512348-ca791fcc", "err": "All connection attempts failed", "event": "sync.traffic_failed", "level": "warning", "timestamp": "2026-09-28T08:18:56.624116Z"}
{"email": "tg8468512348-414763c5", "err": "All connection attempts failed", "event": "sync.traffic_failed", "level": "warning", "timestamp": "2026-09-28T08:18:56.625276Z"}
{"email": "tg8468512348-401776d8", "err": "All connection attempts failed", "event": "sync.traffic_failed", "level": "warning", "timestamp": "2026-09-28T08:18:56.627268Z"}
{"email": "tg8468512348-0799d731", "err": "All connection attempts failed", "event": "sync.traffic_failed", "level": "warning", "timestamp": "2026-09-28T08:18:56.628088Z"}
{"email": "tg8468512348-7a60e445", "err": "All connection attempts failed", "event": "sync.traffic_failed", "level": "warning", "timestamp": "2026-09-28T08:18:56.629038Z"}
{"email": "tg8468512348-b36fde64", "err": "All connection attempts failed", "event": "sync.traffic_failed", "level": "warning", "timestamp": "2026-09-28T08:18:56.629939Z"}
{"email": "tg8468512348-0a8dd48c", "err": "All connection attempts failed", "event": "sync.traffic_failed", "level": "warning", "timestamp": "2026-09-28T08:18:56.630899Z"}
{"email": "tg8468512348-0fe1b387", "err": "All connection attempts failed", "event": "sync.traffic_failed", "level": "warning", "timestamp": "2026-09-28T08:18:56.633317Z"}
{"email": "tg8468512348-5971502c", "err": "All connection attempts failed", "event": "sync.traffic_failed", "level": "warning", "timestamp": "2026-09-28T08:18:56.634243Z"}
{"updated": 5, "event": "sync_traffic.done", "level": "info", "timestamp": "2026-09-28T08:18:57.104160Z"}
{"email": "tg5435975876-5b782c49", "err": "All connection attempts failed", "event": "sync.traffic_failed", "level": "warning", "timestamp": "2026-09-28T08:33:56.617915Z"}
{"email": "web-ad78af6c", "err": "All connection attempts failed", "event": "sync.traffic_failed", "level": "warning", "timestamp": "2026-09-28T08:33:56.619853Z"}
{"email": "tg8468512348-fdeabd2c", "err": "All connection attempts failed", "event": "sync.traffic_failed", "level": "warning", "timestamp": "2026-09-28T08:33:56.621745Z"}
{"email": "tg8468512348-aa6853d6", "err": "All connection attempts failed", "event": "sync.traffic_failed", "level": "warning", "timestamp": "2026-09-28T08:33:56.622992Z"}
{"email": "tg8468512348-64f025a5", "err": "All connection attempts failed", "event": "sync.traffic_failed", "level": "warning", "timestamp": "2026-09-28T08:33:56.626384Z"}
{"email": "tg8468512348-ccebd3fa", "err": "All connection attempts failed", "event": "sync.traffic_failed", "level": "warning", "timestamp": "2026-09-28T08:33:56.627951Z"}
{"email": "tg8468512348-b7febaa3", "err": "All connection attempts failed", "event": "sync.traffic_failed", "level": "warning", "timestamp": "2026-09-28T08:33:56.630885Z"}
{"email": "tg8468512348-ca791fcc", "err": "All connection attempts failed", "event": "sync.traffic_failed", "level": "warning", "timestamp": "2026-09-28T08:33:56.633066Z"}
{"email": "tg8468512348-414763c5", "err": "All connection attempts failed", "event": "sync.traffic_failed", "level": "warning", "timestamp": "2026-09-28T08:33:56.634316Z"}
{"email": "tg8468512348-401776d8", "err": "All connection attempts failed", "event": "sync.traffic_failed", "level": "warning", "timestamp": "2026-09-28T08:33:56.635764Z"}
{"email": "tg8468512348-0799d731", "err": "All connection attempts failed", "event": "sync.traffic_failed", "level": "warning", "timestamp": "2026-09-28T08:33:56.638271Z"}
{"email": "tg8468512348-7a60e445", "err": "All connection attempts failed", "event": "sync.traffic_failed", "level": "warning", "timestamp": "2026-09-28T08:33:56.639759Z"}
{"email": "tg8468512348-b36fde64", "err": "All connection attempts failed", "event": "sync.traffic_failed", "level": "warning", "timestamp": "2026-09-28T08:33:56.641441Z"}
{"email": "tg8468512348-0a8dd48c", "err": "All connection attempts failed", "event": "sync.traffic_failed", "level": "warning", "timestamp": "2026-09-28T08:33:56.642636Z"}
{"email": "tg8468512348-0fe1b387", "err": "All connection attempts failed", "event": "sync.traffic_failed", "level": "warning", "timestamp": "2026-09-28T08:33:56.643558Z"}
{"email": "tg8468512348-5971502c", "err": "All connection attempts failed", "event": "sync.traffic_failed", "level": "warning", "timestamp": "2026-09-28T08:33:56.644692Z"}
{"updated": 5, "event": "sync_traffic.done", "level": "info", "timestamp": "2026-09-28T08:33:57.100587Z"}
{"email": "tg5435975876-5b782c49", "err": "All connection attempts failed", "event": "sync.traffic_failed", "level": "warning", "timestamp": "2026-09-28T08:48:56.562584Z"}
{"email": "web-ad78af6c", "err": "All connection attempts failed", "event": "sync.traffic_failed", "level": "warning", "timestamp": "2026-09-28T08:48:56.566201Z"}
{"email": "tg8468512348-fdeabd2c", "err": "All connection attempts failed", "event": "sync.traffic_failed", "level": "warning", "timestamp": "2026-09-28T08:48:56.570071Z"}
{"email": "tg8468512348-aa6853d6", "err": "All connection attempts failed", "event": "sync.traffic_failed", "level": "warning", "timestamp": "2026-09-28T08:48:56.575450Z"}
{"email": "tg8468512348-64f025a5", "err": "All connection attempts failed", "event": "sync.traffic_failed", "level": "warning", "timestamp": "2026-09-28T08:48:56.579056Z"}
{"email": "tg8468512348-ccebd3fa", "err": "All connection attempts failed", "event": "sync.traffic_failed", "level": "warning", "timestamp": "2026-09-28T08:48:56.582063Z"}
{"email": "tg8468512348-b7febaa3", "err": "All connection attempts failed", "event": "sync.traffic_failed", "level": "warning", "timestamp": "2026-09-28T08:48:56.583442Z"}
{"email": "tg8468512348-ca791fcc", "err": "All connection attempts failed", "event": "sync.traffic_failed", "level": "warning", "timestamp": "2026-09-28T08:48:56.584769Z"}
{"email": "tg8468512348-414763c5", "err": "All connection attempts failed", "event": "sync.traffic_failed", "level": "warning", "timestamp": "2026-09-28T08:48:56.585831Z"}
{"email": "tg8468512348-401776d8", "err": "All connection attempts failed", "event": "sync.traffic_failed", "level": "warning", "timestamp": "2026-09-28T08:48:56.587631Z"}
{"email": "tg8468512348-0799d731", "err": "All connection attempts failed", "event": "sync.traffic_failed", "level": "warning", "timestamp": "2026-09-28T08:48:56.588856Z"}
{"email": "tg8468512348-7a60e445", "err": "All connection attempts failed", "event": "sync.traffic_failed", "level": "warning", "timestamp": "2026-09-28T08:48:56.589921Z"}
{"email": "tg8468512348-b36fde64", "err": "All connection attempts failed", "event": "sync.traffic_failed", "level": "warning", "timestamp": "2026-09-28T08:48:56.590767Z"}
{"email": "tg8468512348-0a8dd48c", "err": "All connection attempts failed", "event": "sync.traffic_failed", "level": "warning", "timestamp": "2026-09-28T08:48:56.591543Z"}
{"email": "tg8468512348-0fe1b387", "err": "All connection attempts failed", "event": "sync.traffic_failed", "level": "warning", "timestamp": "2026-09-28T08:48:56.592456Z"}
{"email": "tg8468512348-5971502c", "err": "All connection attempts failed", "event": "sync.traffic_failed", "level": "warning", "timestamp": "2026-09-28T08:48:56.595809Z"}
{"updated": 5, "event": "sync_traffic.done", "level": "info", "timestamp": "2026-09-28T08:48:57.018940Z"}
{"email": "tg5435975876-5b782c49", "err": "All connection attempts failed", "event": "sync.traffic_failed", "level": "warning", "timestamp": "2026-09-28T09:03:56.642036Z"}
{"email": "web-ad78af6c", "err": "All connection attempts failed", "event": "sync.traffic_failed", "level": "warning", "timestamp": "2026-09-28T09:03:56.644664Z"}
{"email": "tg8468512348-fdeabd2c", "err": "All connection attempts failed", "event": "sync.traffic_failed", "level": "warning", "timestamp": "2026-09-28T09:03:56.646152Z"}
{"email": "tg8468512348-aa6853d6", "err": "All connection attempts failed", "event": "sync.traffic_failed", "level": "warning", "timestamp": "2026-09-28T09:03:56.648821Z"}
{"email": "tg8468512348-64f025a5", "err": "All connection attempts failed", "event": "sync.traffic_failed", "level": "warning", "timestamp": "2026-09-28T09:03:56.652876Z"}
{"email": "tg8468512348-ccebd3fa", "err": "All connection attempts failed", "event": "sync.traffic_failed", "level": "warning", "timestamp": "2026-09-28T09:03:56.655463Z"}
{"email": "tg8468512348-b7febaa3", "err": "All connection attempts failed", "event": "sync.traffic_failed", "level": "warning", "timestamp": "2026-09-28T09:03:56.657219Z"}
{"email": "tg8468512348-ca791fcc", "err": "All connection attempts failed", "event": "sync.traffic_failed", "level": "warning", "timestamp": "2026-09-28T09:03:56.659662Z"}
{"email": "tg8468512348-414763c5", "err": "All connection attempts failed", "event": "sync.traffic_failed", "level": "warning", "timestamp": "2026-09-28T09:03:56.663915Z"}
{"email": "tg8468512348-401776d8", "err": "All connection attempts failed", "event": "sync.traffic_failed", "level": "warning", "timestamp": "2026-09-28T09:03:56.665733Z"}
{"email": "tg8468512348-0799d731", "err": "All connection attempts failed", "event": "sync.traffic_failed", "level": "warning", "timestamp": "2026-09-28T09:03:56.666932Z"}
{"email": "tg8468512348-7a60e445", "err": "All connection attempts failed", "event": "sync.traffic_failed", "level": "warning", "timestamp": "2026-09-28T09:03:56.668195Z"}
{"email": "tg8468512348-b36fde64", "err": "All connection attempts failed", "event": "sync.traffic_failed", "level": "warning", "timestamp": "2026-09-28T09:03:56.670181Z"}
{"email": "tg8468512348-0a8dd48c", "err": "All connection attempts failed", "event": "sync.traffic_failed", "level": "warning", "timestamp": "2026-09-28T09:03:56.671218Z"}
{"email": "tg8468512348-0fe1b387", "err": "All connection attempts failed", "event": "sync.traffic_failed", "level": "warning", "timestamp": "2026-09-28T09:03:56.672265Z"}
{"email": "tg8468512348-5971502c", "err": "All connection attempts failed", "event": "sync.traffic_failed", "level": "warning", "timestamp": "2026-09-28T09:03:56.673080Z"}
{"updated": 5, "event": "sync_traffic.done", "level": "info", "timestamp": "2026-09-28T09:03:57.141428Z"}
{"email": "tg5435975876-5b782c49", "err": "All connection attempts failed", "event": "sync.traffic_failed", "level": "warning", "timestamp": "2026-09-28T09:18:56.579414Z"}
{"email": "web-ad78af6c", "err": "All connection attempts failed", "event": "sync.traffic_failed", "level": "warning", "timestamp": "2026-09-28T09:18:56.580946Z"}
{"email": "tg8468512348-fdeabd2c", "err": "All connection attempts failed", "event": "sync.traffic_failed", "level": "warning", "timestamp": "2026-09-28T09:18:56.581928Z"}
{"email": "tg8468512348-aa6853d6", "err": "All connection attempts failed", "event": "sync.traffic_failed", "level": "warning", "timestamp": "2026-09-28T09:18:56.583365Z"}
{"email": "tg8468512348-64f025a5", "err": "All connection attempts failed", "event": "sync.traffic_failed", "level": "warning", "timestamp": "2026-09-28T09:18:56.584886Z"}
{"email": "tg8468512348-ccebd3fa", "err": "All connection attempts failed", "event": "sync.traffic_failed", "level": "warning", "timestamp": "2026-09-28T09:18:56.585722Z"}
{"email": "tg8468512348-b7febaa3", "err": "All connection attempts failed", "event": "sync.traffic_failed", "level": "warning", "timestamp": "2026-09-28T09:18:56.586473Z"}
{"email": "tg8468512348-ca791fcc", "err": "All connection attempts failed", "event": "sync.traffic_failed", "level": "warning", "timestamp": "2026-09-28T09:18:56.587402Z"}
{"email": "tg8468512348-414763c5", "err": "All connection attempts failed", "event": "sync.traffic_failed", "level": "warning", "timestamp": "2026-09-28T09:18:56.588480Z"}
{"email": "tg8468512348-401776d8", "err": "All connection attempts failed", "event": "sync.traffic_failed", "level": "warning", "timestamp": "2026-09-28T09:18:56.589711Z"}
{"email": "tg8468512348-0799d731", "err": "All connection attempts failed", "event": "sync.traffic_failed", "level": "warning", "timestamp": "2026-09-28T09:18:56.590699Z"}
{"email": "tg8468512348-7a60e445", "err": "All connection attempts failed", "event": "sync.traffic_failed", "level": "warning", "timestamp": "2026-09-28T09:18:56.591555Z"}
{"email": "tg8468512348-b36fde64", "err": "All connection attempts failed", "event": "sync.traffic_failed", "level": "warning", "timestamp": "2026-09-28T09:18:56.592292Z"}
{"email": "tg8468512348-0a8dd48c", "err": "All connection attempts failed", "event": "sync.traffic_failed", "level": "warning", "timestamp": "2026-09-28T09:18:56.593136Z"}
{"email": "tg8468512348-0fe1b387", "err": "All connection attempts failed", "event": "sync.traffic_failed", "level": "warning", "timestamp": "2026-09-28T09:18:56.593922Z"}
{"email": "tg8468512348-5971502c", "err": "All connection attempts failed", "event": "sync.traffic_failed", "level": "warning", "timestamp": "2026-09-28T09:18:56.595076Z"}
{"updated": 5, "event": "sync_traffic.done", "level": "info", "timestamp": "2026-09-28T09:18:57.071084Z"}
{"email": "tg5435975876-5b782c49", "err": "All connection attempts failed", "event": "sync.traffic_failed", "level": "warning", "timestamp": "2026-09-28T09:33:56.623057Z"}
{"email": "web-ad78af6c", "err": "All connection attempts failed", "event": "sync.traffic_failed", "level": "warning", "timestamp": "2026-09-28T09:33:56.632520Z"}
{"email": "tg8468512348-fdeabd2c", "err": "All connection attempts failed", "event": "sync.traffic_failed", "level": "warning", "timestamp": "2026-09-28T09:33:56.635734Z"}
{"email": "tg8468512348-aa6853d6", "err": "All connection attempts failed", "event": "sync.traffic_failed", "level": "warning", "timestamp": "2026-09-28T09:33:56.639546Z"}
{"email": "tg8468512348-64f025a5", "err": "All connection attempts failed", "event": "sync.traffic_failed", "level": "warning", "timestamp": "2026-09-28T09:33:56.643485Z"}
{"email": "tg8468512348-ccebd3fa", "err": "All connection attempts failed", "event": "sync.traffic_failed", "level": "warning", "timestamp": "2026-09-28T09:33:56.647300Z"}
{"email": "tg8468512348-b7febaa3", "err": "All connection attempts failed", "event": "sync.traffic_failed", "level": "warning", "timestamp": "2026-09-28T09:33:56.649057Z"}
{"email": "tg8468512348-ca791fcc", "err": "All connection attempts failed", "event": "sync.traffic_failed", "level": "warning", "timestamp": "2026-09-28T09:33:56.652983Z"}
{"email": "tg8468512348-414763c5", "err": "All connection attempts failed", "event": "sync.traffic_failed", "level": "warning", "timestamp": "2026-09-28T09:33:56.655154Z"}
{"email": "tg8468512348-401776d8", "err": "All connection attempts failed", "event": "sync.traffic_failed", "level": "warning", "timestamp": "2026-09-28T09:33:56.656669Z"}
{"email": "tg8468512348-0799d731", "err": "All connection attempts failed", "event": "sync.traffic_failed", "level": "warning", "timestamp": "2026-09-28T09:33:56.657957Z"}
{"email": "tg8468512348-7a60e445", "err": "All connection attempts failed", "event": "sync.traffic_failed", "level": "warning", "timestamp": "2026-09-28T09:33:56.658881Z"}
{"email": "tg8468512348-b36fde64", "err": "All connection attempts failed", "event": "sync.traffic_failed", "level": "warning", "timestamp": "2026-09-28T09:33:56.659967Z"}
{"email": "tg8468512348-0a8dd48c", "err": "All connection attempts failed", "event": "sync.traffic_failed", "level": "warning", "timestamp": "2026-09-28T09:33:56.661023Z"}
{"email": "tg8468512348-0fe1b387", "err": "All connection attempts failed", "event": "sync.traffic_failed", "level": "warning", "timestamp": "2026-09-28T09:33:56.661985Z"}
{"email": "tg8468512348-5971502c", "err": "All connection attempts failed", "event": "sync.traffic_failed", "level": "warning", "timestamp": "2026-09-28T09:33:56.663087Z"}
{"updated": 5, "event": "sync_traffic.done", "level": "info", "timestamp": "2026-09-28T09:33:57.138463Z"}
{"email": "tg5435975876-5b782c49", "err": "All connection attempts failed", "event": "sync.traffic_failed", "level": "warning", "timestamp": "2026-09-28T09:48:56.614968Z"}
{"email": "web-ad78af6c", "err": "All connection attempts failed", "event": "sync.traffic_failed", "level": "warning", "timestamp": "2026-09-28T09:48:56.617626Z"}
{"email": "tg8468512348-fdeabd2c", "err": "All connection attempts failed", "event": "sync.traffic_failed", "level": "warning", "timestamp": "2026-09-28T09:48:56.619388Z"}
{"email": "tg8468512348-aa6853d6", "err": "All connection attempts failed", "event": "sync.traffic_failed", "level": "warning", "timestamp": "2026-09-28T09:48:56.621270Z"}
{"email": "tg8468512348-64f025a5", "err": "All connection attempts failed", "event": "sync.traffic_failed", "level": "warning", "timestamp": "2026-09-28T09:48:56.624215Z"}
{"email": "tg8468512348-ccebd3fa", "err": "All connection attempts failed", "event": "sync.traffic_failed", "level": "warning", "timestamp": "2026-09-28T09:48:56.625867Z"}
{"email": "tg8468512348-b7febaa3", "err": "All connection attempts failed", "event": "sync.traffic_failed", "level": "warning", "timestamp": "2026-09-28T09:48:56.627405Z"}
{"email": "tg8468512348-ca791fcc", "err": "All connection attempts failed", "event": "sync.traffic_failed", "level": "warning", "timestamp": "2026-09-28T09:48:56.629108Z"}
{"email": "tg8468512348-414763c5", "err": "All connection attempts failed", "event": "sync.traffic_failed", "level": "warning", "timestamp": "2026-09-28T09:48:56.630662Z"}
{"email": "tg8468512348-401776d8", "err": "All connection attempts failed", "event": "sync.traffic_failed", "level": "warning", "timestamp": "2026-09-28T09:48:56.632178Z"}
{"email": "tg8468512348-0799d731", "err": "All connection attempts failed", "event": "sync.traffic_failed", "level": "warning", "timestamp": "2026-09-28T09:48:56.634309Z"}
{"email": "tg8468512348-7a60e445", "err": "All connection attempts failed", "event": "sync.traffic_failed", "level": "warning", "timestamp": "2026-09-28T09:48:56.642658Z"}
{"email": "tg8468512348-b36fde64", "err": "All connection attempts failed", "event": "sync.traffic_failed", "level": "warning", "timestamp": "2026-09-28T09:48:56.644605Z"}
{"email": "tg8468512348-0a8dd48c", "err": "All connection attempts failed", "event": "sync.traffic_failed", "level": "warning", "timestamp": "2026-09-28T09:48:56.646290Z"}
{"email": "tg8468512348-0fe1b387", "err": "All connection attempts failed", "event": "sync.traffic_failed", "level": "warning", "timestamp": "2026-09-28T09:48:56.648201Z"}
{"email": "tg8468512348-5971502c", "err": "All connection attempts failed", "event": "sync.traffic_failed", "level": "warning", "timestamp": "2026-09-28T09:48:56.649973Z"}
{"updated": 5, "event": "sync_traffic.done", "level": "info", "timestamp": "2026-09-28T09:48:57.075447Z"}
{"email": "tg5435975876-5b782c49", "err": "All connection attempts failed", "event": "sync.traffic_failed", "level": "warning", "timestamp": "2026-09-28T10:03:56.614804Z"}
{"email": "web-ad78af6c", "err": "All connection attempts failed", "event": "sync.traffic_failed", "level": "warning", "timestamp": "2026-09-28T10:03:56.617347Z"}
{"email": "tg8468512348-fdeabd2c", "err": "All connection attempts failed", "event": "sync.traffic_failed", "level": "warning", "timestamp": "2026-09-28T10:03:56.620567Z"}
{"email": "tg8468512348-aa6853d6", "err": "All connection attempts failed", "event": "sync.traffic_failed", "level": "warning", "timestamp": "2026-09-28T10:03:56.624101Z"}
{"email": "tg8468512348-64f025a5", "err": "All connection attempts failed", "event": "sync.traffic_failed", "level": "warning", "timestamp": "2026-09-28T10:03:56.627129Z"}
{"email": "tg8468512348-ccebd3fa", "err": "All connection attempts failed", "event": "sync.traffic_failed", "level": "warning", "timestamp": "2026-09-28T10:03:56.630728Z"}
{"email": "tg8468512348-b7febaa3", "err": "All connection attempts failed", "event": "sync.traffic_failed", "level": "warning", "timestamp": "2026-09-28T10:03:56.633477Z"}
{"email": "tg8468512348-ca791fcc", "err": "All connection attempts failed", "event": "sync.traffic_failed", "level": "warning", "timestamp": "2026-09-28T10:03:56.637636Z"}
{"email": "tg8468512348-414763c5", "err": "All connection attempts failed", "event": "sync.traffic_failed", "level": "warning", "timestamp": "2026-09-28T10:03:56.639641Z"}
{"email": "tg8468512348-401776d8", "err": "All connection attempts failed", "event": "sync.traffic_failed", "level": "warning", "timestamp": "2026-09-28T10:03:56.641041Z"}
{"email": "tg8468512348-0799d731", "err": "All connection attempts failed", "event": "sync.traffic_failed", "level": "warning", "timestamp": "2026-09-28T10:03:56.642288Z"}
{"email": "tg8468512348-7a60e445", "err": "All connection attempts failed", "event": "sync.traffic_failed", "level": "warning", "timestamp": "2026-09-28T10:03:56.643644Z"}
{"email": "tg8468512348-b36fde64", "err": "All connection attempts failed", "event": "sync.traffic_failed", "level": "warning", "timestamp": "2026-09-28T10:03:56.645889Z"}
{"email": "tg8468512348-0a8dd48c", "err": "All connection attempts failed", "event": "sync.traffic_failed", "level": "warning", "timestamp": "2026-09-28T10:03:56.647584Z"}
{"email": "tg8468512348-0fe1b387", "err": "All connection attempts failed", "event": "sync.traffic_failed", "level": "warning", "timestamp": "2026-09-28T10:03:56.648820Z"}
{"email": "tg8468512348-5971502c", "err": "All connection attempts failed", "event": "sync.traffic_failed", "level": "warning", "timestamp": "2026-09-28T10:03:56.649785Z"}
{"updated": 5, "event": "sync_traffic.done", "level": "info", "timestamp": "2026-09-28T10:03:57.105293Z"}
{"email": "tg5435975876-5b782c49", "err": "All connection attempts failed", "event": "sync.traffic_failed", "level": "warning", "timestamp": "2026-09-28T10:18:56.601402Z"}
{"email": "web-ad78af6c", "err": "All connection attempts failed", "event": "sync.traffic_failed", "level": "warning", "timestamp": "2026-09-28T10:18:56.603644Z"}
{"email": "tg8468512348-fdeabd2c", "err": "All connection attempts failed", "event": "sync.traffic_failed", "level": "warning", "timestamp": "2026-09-28T10:18:56.605369Z"}
{"email": "tg8468512348-aa6853d6", "err": "All connection attempts failed", "event": "sync.traffic_failed", "level": "warning", "timestamp": "2026-09-28T10:18:56.606640Z"}
{"email": "tg8468512348-64f025a5", "err": "All connection attempts failed", "event": "sync.traffic_failed", "level": "warning", "timestamp": "2026-09-28T10:18:56.612193Z"}
{"email": "tg8468512348-ccebd3fa", "err": "All connection attempts failed", "event": "sync.traffic_failed", "level": "warning", "timestamp": "2026-09-28T10:18:56.614253Z"}
{"email": "tg8468512348-b7febaa3", "err": "All connection attempts failed", "event": "sync.traffic_failed", "level": "warning", "timestamp": "2026-09-28T10:18:56.615850Z"}
{"email": "tg8468512348-ca791fcc", "err": "All connection attempts failed", "event": "sync.traffic_failed", "level": "warning", "timestamp": "2026-09-28T10:18:56.617169Z"}
{"email": "tg8468512348-414763c5", "err": "All connection attempts failed", "event": "sync.traffic_failed", "level": "warning", "timestamp": "2026-09-28T10:18:56.618233Z"}
{"email": "tg8468512348-401776d8", "err": "All connection attempts failed", "event": "sync.traffic_failed", "level": "warning", "timestamp": "2026-09-28T10:18:56.619429Z"}
{"email": "tg8468512348-0799d731", "err": "All connection attempts failed", "event": "sync.traffic_failed", "level": "warning", "timestamp": "2026-09-28T10:18:56.621166Z"}
{"email": "tg8468512348-7a60e445", "err": "All connection attempts failed", "event": "sync.traffic_failed", "level": "warning", "timestamp": "2026-09-28T10:18:56.628990Z"}
{"email": "tg8468512348-b36fde64", "err": "All connection attempts failed", "event": "sync.traffic_failed", "level": "warning", "timestamp": "2026-09-28T10:18:56.630133Z"}
{"email": "tg8468512348-0a8dd48c", "err": "All connection attempts failed", "event": "sync.traffic_failed", "level": "warning", "timestamp": "2026-09-28T10:18:56.631350Z"}
{"email": "tg8468512348-0fe1b387", "err": "All connection attempts failed", "event": "sync.traffic_failed", "level": "warning", "timestamp": "2026-09-28T10:18:56.632644Z"}
{"email": "tg8468512348-5971502c", "err": "All connection attempts failed", "event": "sync.traffic_failed", "level": "warning", "timestamp": "2026-09-28T10:18:56.633657Z"}
{"updated": 5, "event": "sync_traffic.done", "level": "info", "timestamp": "2026-09-28T10:18:57.134667Z"}
{"email": "tg5435975876-5b782c49", "err": "All connection attempts failed", "event": "sync.traffic_failed", "level": "warning", "timestamp": "2026-09-28T10:33:56.649575Z"}
{"server": "lv", "err": "All connection attempts failed", "event": "reconcile.panel_unreachable", "level": "warning", "timestamp": "2026-09-28T10:33:56.652286Z"}
{"email": "web-ad78af6c", "err": "All connection attempts failed", "event": "sync.traffic_failed", "level": "warning", "timestamp": "2026-09-28T10:33:56.691401Z"}
{"email": "tg8468512348-fdeabd2c", "err": "All connection attempts failed", "event": "sync.traffic_failed", "level": "warning", "timestamp": "2026-09-28T10:33:56.694012Z"}
{"email": "tg8468512348-aa6853d6", "err": "All connection attempts failed", "event": "sync.traffic_failed", "level": "warning", "timestamp": "2026-09-28T10:33:56.698829Z"}
{"email": "tg8468512348-64f025a5", "err": "All connection attempts failed", "event": "sync.traffic_failed", "level": "warning", "timestamp": "2026-09-28T10:33:56.701400Z"}
{"email": "tg8468512348-ccebd3fa", "err": "All connection attempts failed", "event": "sync.traffic_failed", "level": "warning", "timestamp": "2026-09-28T10:33:56.704234Z"}
{"email": "tg8468512348-b7febaa3", "err": "All connection attempts failed", "event": "sync.traffic_failed", "level": "warning", "timestamp": "2026-09-28T10:33:56.706650Z"}
{"email": "tg8468512348-ca791fcc", "err": "All connection attempts failed", "event": "sync.traffic_failed", "level": "warning", "timestamp": "2026-09-28T10:33:56.711390Z"}
{"email": "tg8468512348-414763c5", "err": "All connection attempts failed", "event": "sync.traffic_failed", "level": "warning", "timestamp": "2026-09-28T10:33:56.714413Z"}
{"email": "tg8468512348-401776d8", "err": "All connection attempts failed", "event": "sync.traffic_failed", "level": "warning", "timestamp": "2026-09-28T10:33:56.715774Z"}
{"email": "tg8468512348-0799d731", "err": "All connection attempts failed", "event": "sync.traffic_failed", "level": "warning", "timestamp": "2026-09-28T10:33:56.717034Z"}
{"email": "tg8468512348-7a60e445", "err": "All connection attempts failed", "event": "sync.traffic_failed", "level": "warning", "timestamp": "2026-09-28T10:33:56.718162Z"}
{"email": "tg8468512348-b36fde64", "err": "All connection attempts failed", "event": "sync.traffic_failed", "level": "warning", "timestamp": "2026-09-28T10:33:56.719998Z"}
{"email": "tg8468512348-0a8dd48c", "err": "All connection attempts failed", "event": "sync.traffic_failed", "level": "warning", "timestamp": "2026-09-28T10:33:56.721137Z"}
{"email": "tg8468512348-0fe1b387", "err": "All connection attempts failed", "event": "sync.traffic_failed", "level": "warning", "timestamp": "2026-09-28T10:33:56.722685Z"}
{"email": "tg8468512348-5971502c", "err": "All connection attempts failed", "event": "sync.traffic_failed", "level": "warning", "timestamp": "2026-09-28T10:33:56.724664Z"}
{"updated": 5, "event": "sync_traffic.done", "level": "info", "timestamp": "2026-09-28T10:33:57.351326Z"}
{"email": "tg5435975876-5b782c49", "err": "All connection attempts failed", "event": "sync.traffic_failed", "level": "warning", "timestamp": "2026-09-28T10:48:56.593154Z"}
{"email": "web-ad78af6c", "err": "All connection attempts failed", "event": "sync.traffic_failed", "level": "warning", "timestamp": "2026-09-28T10:48:56.594852Z"}
{"email": "tg8468512348-fdeabd2c", "err": "All connection attempts failed", "event": "sync.traffic_failed", "level": "warning", "timestamp": "2026-09-28T10:48:56.595895Z"}
{"email": "tg8468512348-aa6853d6", "err": "All connection attempts failed", "event": "sync.traffic_failed", "level": "warning", "timestamp": "2026-09-28T10:48:56.597025Z"}
{"email": "tg8468512348-64f025a5", "err": "All connection attempts failed", "event": "sync.traffic_failed", "level": "warning", "timestamp": "2026-09-28T10:48:56.599060Z"}
{"email": "tg8468512348-ccebd3fa", "err": "All connection attempts failed", "event": "sync.traffic_failed", "level": "warning", "timestamp": "2026-09-28T10:48:56.600334Z"}
{"email": "tg8468512348-b7febaa3", "err": "All connection attempts failed", "event": "sync.traffic_failed", "level": "warning", "timestamp": "2026-09-28T10:48:56.601559Z"}
{"email": "tg8468512348-ca791fcc", "err": "All connection attempts failed", "event": "sync.traffic_failed", "level": "warning", "timestamp": "2026-09-28T10:48:56.602733Z"}
{"email": "tg8468512348-414763c5", "err": "All connection attempts failed", "event": "sync.traffic_failed", "level": "warning", "timestamp": "2026-09-28T10:48:56.603864Z"}
{"email": "tg8468512348-401776d8", "err": "All connection attempts failed", "event": "sync.traffic_failed", "level": "warning", "timestamp": "2026-09-28T10:48:56.605871Z"}
{"email": "tg8468512348-0799d731", "err": "All connection attempts failed", "event": "sync.traffic_failed", "level": "warning", "timestamp": "2026-09-28T10:48:56.609132Z"}
{"email": "tg8468512348-7a60e445", "err": "All connection attempts failed", "event": "sync.traffic_failed", "level": "warning", "timestamp": "2026-09-28T10:48:56.610702Z"}
{"email": "tg8468512348-b36fde64", "err": "All connection attempts failed", "event": "sync.traffic_failed", "level": "warning", "timestamp": "2026-09-28T10:48:56.611963Z"}
{"email": "tg8468512348-0a8dd48c", "err": "All connection attempts failed", "event": "sync.traffic_failed", "level": "warning", "timestamp": "2026-09-28T10:48:56.613232Z"}
{"email": "tg8468512348-0fe1b387", "err": "All connection attempts failed", "event": "sync.traffic_failed", "level": "warning", "timestamp": "2026-09-28T10:48:56.614459Z"}
{"email": "tg8468512348-5971502c", "err": "All connection attempts failed", "event": "sync.traffic_failed", "level": "warning", "timestamp": "2026-09-28T10:48:56.615364Z"}
{"updated": 5, "event": "sync_traffic.done", "level": "info", "timestamp": "2026-09-28T10:48:57.109851Z"}
{"email": "tg5435975876-5b782c49", "err": "All connection attempts failed", "event": "sync.traffic_failed", "level": "warning", "timestamp": "2026-09-28T11:03:56.626228Z"}
{"email": "web-ad78af6c", "err": "All connection attempts failed", "event": "sync.traffic_failed", "level": "warning", "timestamp": "2026-09-28T11:03:56.629267Z"}
{"email": "tg8468512348-fdeabd2c", "err": "All connection attempts failed", "event": "sync.traffic_failed", "level": "warning", "timestamp": "2026-09-28T11:03:56.631205Z"}
{"email": "tg8468512348-aa6853d6", "err": "All connection attempts failed", "event": "sync.traffic_failed", "level": "warning", "timestamp": "2026-09-28T11:03:56.634053Z"}
{"email": "tg8468512348-64f025a5", "err": "All connection attempts failed", "event": "sync.traffic_failed", "level": "warning", "timestamp": "2026-09-28T11:03:56.637556Z"}
{"email": "tg8468512348-ccebd3fa", "err": "All connection attempts failed", "event": "sync.traffic_failed", "level": "warning", "timestamp": "2026-09-28T11:03:56.641192Z"}
{"email": "tg8468512348-b7febaa3", "err": "All connection attempts failed", "event": "sync.traffic_failed", "level": "warning", "timestamp": "2026-09-28T11:03:56.645022Z"}
{"email": "tg8468512348-ca791fcc", "err": "All connection attempts failed", "event": "sync.traffic_failed", "level": "warning", "timestamp": "2026-09-28T11:03:56.647791Z"}
{"email": "tg8468512348-414763c5", "err": "All connection attempts failed", "event": "sync.traffic_failed", "level": "warning", "timestamp": "2026-09-28T11:03:56.649662Z"}
{"email": "tg8468512348-401776d8", "err": "All connection attempts failed", "event": "sync.traffic_failed", "level": "warning", "timestamp": "2026-09-28T11:03:56.652024Z"}
{"email": "tg8468512348-0799d731", "err": "All connection attempts failed", "event": "sync.traffic_failed", "level": "warning", "timestamp": "2026-09-28T11:03:56.653349Z"}
{"email": "tg8468512348-7a60e445", "err": "All connection attempts failed", "event": "sync.traffic_failed", "level": "warning", "timestamp": "2026-09-28T11:03:56.654417Z"}
{"email": "tg8468512348-b36fde64", "err": "All connection attempts failed", "event": "sync.traffic_failed", "level": "warning", "timestamp": "2026-09-28T11:03:56.656853Z"}
{"email": "tg8468512348-0a8dd48c", "err": "All connection attempts failed", "event": "sync.traffic_failed", "level": "warning", "timestamp": "2026-09-28T11:03:56.658780Z"}
{"email": "tg8468512348-0fe1b387", "err": "All connection attempts failed", "event": "sync.traffic_failed", "level": "warning", "timestamp": "2026-09-28T11:03:56.659736Z"}
{"email": "tg8468512348-5971502c", "err": "All connection attempts failed", "event": "sync.traffic_failed", "level": "warning", "timestamp": "2026-09-28T11:03:56.660827Z"}
{"updated": 5, "event": "sync_traffic.done", "level": "info", "timestamp": "2026-09-28T11:03:57.251263Z"}
{"email": "tg5435975876-5b782c49", "err": "All connection attempts failed", "event": "sync.traffic_failed", "level": "warning", "timestamp": "2026-09-28T11:18:56.629449Z"}
{"email": "web-ad78af6c", "err": "All connection attempts failed", "event": "sync.traffic_failed", "level": "warning", "timestamp": "2026-09-28T11:18:56.632624Z"}
{"email": "tg8468512348-fdeabd2c", "err": "All connection attempts failed", "event": "sync.traffic_failed", "level": "warning", "timestamp": "2026-09-28T11:18:56.634664Z"}
{"email": "tg8468512348-aa6853d6", "err": "All connection attempts failed", "event": "sync.traffic_failed", "level": "warning", "timestamp": "2026-09-28T11:18:56.636600Z"}
{"email": "tg8468512348-64f025a5", "err": "All connection attempts failed", "event": "sync.traffic_failed", "level": "warning", "timestamp": "2026-09-28T11:18:56.639051Z"}
{"email": "tg8468512348-ccebd3fa", "err": "All connection attempts failed", "event": "sync.traffic_failed", "level": "warning", "timestamp": "2026-09-28T11:18:56.641008Z"}
{"email": "tg8468512348-b7febaa3", "err": "All connection attempts failed", "event": "sync.traffic_failed", "level": "warning", "timestamp": "2026-09-28T11:18:56.642262Z"}
{"email": "tg8468512348-ca791fcc", "err": "All connection attempts failed", "event": "sync.traffic_failed", "level": "warning", "timestamp": "2026-09-28T11:18:56.643615Z"}
{"email": "tg8468512348-414763c5", "err": "All connection attempts failed", "event": "sync.traffic_failed", "level": "warning", "timestamp": "2026-09-28T11:18:56.645391Z"}
{"email": "tg8468512348-401776d8", "err": "All connection attempts failed", "event": "sync.traffic_failed", "level": "warning", "timestamp": "2026-09-28T11:18:56.648304Z"}
{"email": "tg8468512348-0799d731", "err": "All connection attempts failed", "event": "sync.traffic_failed", "level": "warning", "timestamp": "2026-09-28T11:18:56.651615Z"}
{"email": "tg8468512348-7a60e445", "err": "All connection attempts failed", "event": "sync.traffic_failed", "level": "warning", "timestamp": "2026-09-28T11:18:56.653463Z"}
{"email": "tg8468512348-b36fde64", "err": "All connection attempts failed", "event": "sync.traffic_failed", "level": "warning", "timestamp": "2026-09-28T11:18:56.655220Z"}
{"email": "tg8468512348-0a8dd48c", "err": "All connection attempts failed", "event": "sync.traffic_failed", "level": "warning", "timestamp": "2026-09-28T11:18:56.656618Z"}
{"email": "tg8468512348-0fe1b387", "err": "All connection attempts failed", "event": "sync.traffic_failed", "level": "warning", "timestamp": "2026-09-28T11:18:56.657863Z"}
{"email": "tg8468512348-5971502c", "err": "All connection attempts failed", "event": "sync.traffic_failed", "level": "warning", "timestamp": "2026-09-28T11:18:56.659638Z"}
{"updated": 5, "event": "sync_traffic.done", "level": "info", "timestamp": "2026-09-28T11:18:57.169931Z"}
{"email": "tg5435975876-5b782c49", "err": "All connection attempts failed", "event": "sync.traffic_failed", "level": "warning", "timestamp": "2026-09-28T11:33:56.625000Z"}
{"email": "web-ad78af6c", "err": "All connection attempts failed", "event": "sync.traffic_failed", "level": "warning", "timestamp": "2026-09-28T11:33:56.627055Z"}
{"email": "tg8468512348-fdeabd2c", "err": "All connection attempts failed", "event": "sync.traffic_failed", "level": "warning", "timestamp": "2026-09-28T11:33:56.629569Z"}
{"email": "tg8468512348-aa6853d6", "err": "All connection attempts failed", "event": "sync.traffic_failed", "level": "warning", "timestamp": "2026-09-28T11:33:56.632296Z"}
{"email": "tg8468512348-64f025a5", "err": "All connection attempts failed", "event": "sync.traffic_failed", "level": "warning", "timestamp": "2026-09-28T11:33:56.634570Z"}
{"email": "tg8468512348-ccebd3fa", "err": "All connection attempts failed", "event": "sync.traffic_failed", "level": "warning", "timestamp": "2026-09-28T11:33:56.955229Z"}
{"email": "tg8468512348-b7febaa3", "err": "All connection attempts failed", "event": "sync.traffic_failed", "level": "warning", "timestamp": "2026-09-28T11:33:56.958655Z"}
{"email": "tg8468512348-ca791fcc", "err": "All connection attempts failed", "event": "sync.traffic_failed", "level": "warning", "timestamp": "2026-09-28T11:33:56.961065Z"}
{"email": "tg8468512348-414763c5", "err": "All connection attempts failed", "event": "sync.traffic_failed", "level": "warning", "timestamp": "2026-09-28T11:33:56.963036Z"}
{"email": "tg8468512348-401776d8", "err": "All connection attempts failed", "event": "sync.traffic_failed", "level": "warning", "timestamp": "2026-09-28T11:33:56.965044Z"}
{"email": "tg8468512348-0799d731", "err": "All connection attempts failed", "event": "sync.traffic_failed", "level": "warning", "timestamp": "2026-09-28T11:33:56.966389Z"}
{"email": "tg8468512348-7a60e445", "err": "All connection attempts failed", "event": "sync.traffic_failed", "level": "warning", "timestamp": "2026-09-28T11:33:56.968640Z"}
{"email": "tg8468512348-b36fde64", "err": "All connection attempts failed", "event": "sync.traffic_failed", "level": "warning", "timestamp": "2026-09-28T11:33:56.969904Z"}
{"email": "tg8468512348-0a8dd48c", "err": "All connection attempts failed", "event": "sync.traffic_failed", "level": "warning", "timestamp": "2026-09-28T11:33:56.970825Z"}
{"email": "tg8468512348-0fe1b387", "err": "All connection attempts failed", "event": "sync.traffic_failed", "level": "warning", "timestamp": "2026-09-28T11:33:56.971671Z"}
{"email": "tg8468512348-5971502c", "err": "All connection attempts failed", "event": "sync.traffic_failed", "level": "warning", "timestamp": "2026-09-28T11:33:56.972651Z"}
{"updated": 5, "event": "sync_traffic.done", "level": "info", "timestamp": "2026-09-28T11:33:57.491493Z"}
{"email": "tg5435975876-5b782c49", "err": "All connection attempts failed", "event": "sync.traffic_failed", "level": "warning", "timestamp": "2026-09-28T11:48:56.617049Z"}
{"email": "web-ad78af6c", "err": "All connection attempts failed", "event": "sync.traffic_failed", "level": "warning", "timestamp": "2026-09-28T11:48:56.619258Z"}
{"email": "tg8468512348-fdeabd2c", "err": "All connection attempts failed", "event": "sync.traffic_failed", "level": "warning", "timestamp": "2026-09-28T11:48:56.620945Z"}
{"email": "tg8468512348-aa6853d6", "err": "All connection attempts failed", "event": "sync.traffic_failed", "level": "warning", "timestamp": "2026-09-28T11:48:56.621996Z"}
{"email": "tg8468512348-64f025a5", "err": "All connection attempts failed", "event": "sync.traffic_failed", "level": "warning", "timestamp": "2026-09-28T11:48:56.623527Z"}
{"email": "tg8468512348-ccebd3fa", "err": "All connection attempts failed", "event": "sync.traffic_failed", "level": "warning", "timestamp": "2026-09-28T11:48:56.624527Z"}
{"email": "tg8468512348-b7febaa3", "err": "All connection attempts failed", "event": "sync.traffic_failed", "level": "warning", "timestamp": "2026-09-28T11:48:56.625405Z"}
{"email": "tg8468512348-ca791fcc", "err": "All connection attempts failed", "event": "sync.traffic_failed", "level": "warning", "timestamp": "2026-09-28T11:48:56.626326Z"}
{"email": "tg8468512348-414763c5", "err": "All connection attempts failed", "event": "sync.traffic_failed", "level": "warning", "timestamp": "2026-09-28T11:48:56.627174Z"}
{"email": "tg8468512348-401776d8", "err": "All connection attempts failed", "event": "sync.traffic_failed", "level": "warning", "timestamp": "2026-09-28T11:48:56.628393Z"}
{"email": "tg8468512348-0799d731", "err": "All connection attempts failed", "event": "sync.traffic_failed", "level": "warning", "timestamp": "2026-09-28T11:48:56.629910Z"}
{"email": "tg8468512348-7a60e445", "err": "All connection attempts failed", "event": "sync.traffic_failed", "level": "warning", "timestamp": "2026-09-28T11:48:56.631013Z"}
{"email": "tg8468512348-b36fde64", "err": "All connection attempts failed", "event": "sync.traffic_failed", "level": "warning", "timestamp": "2026-09-28T11:48:56.632292Z"}
{"email": "tg8468512348-0a8dd48c", "err": "All connection attempts failed", "event": "sync.traffic_failed", "level": "warning", "timestamp": "2026-09-28T11:48:56.633474Z"}
{"email": "tg8468512348-0fe1b387", "err": "All connection attempts failed", "event": "sync.traffic_failed", "level": "warning", "timestamp": "2026-09-28T11:48:56.634294Z"}
{"email": "tg8468512348-5971502c", "err": "All connection attempts failed", "event": "sync.traffic_failed", "level": "warning", "timestamp": "2026-09-28T11:48:56.635632Z"}
{"updated": 5, "event": "sync_traffic.done", "level": "info", "timestamp": "2026-09-28T11:48:57.091175Z"}
{"email": "tg5435975876-5b782c49", "err": "All connection attempts failed", "event": "sync.traffic_failed", "level": "warning", "timestamp": "2026-09-28T12:03:56.689400Z"}
{"email": "web-ad78af6c", "err": "All connection attempts failed", "event": "sync.traffic_failed", "level": "warning", "timestamp": "2026-09-28T12:03:56.691641Z"}
{"email": "tg8468512348-fdeabd2c", "err": "All connection attempts failed", "event": "sync.traffic_failed", "level": "warning", "timestamp": "2026-09-28T12:03:56.693957Z"}
{"email": "tg8468512348-aa6853d6", "err": "All connection attempts failed", "event": "sync.traffic_failed", "level": "warning", "timestamp": "2026-09-28T12:03:56.697302Z"}
{"email": "tg8468512348-64f025a5", "err": "All connection attempts failed", "event": "sync.traffic_failed", "level": "warning", "timestamp": "2026-09-28T12:03:56.703012Z"}
{"email": "tg8468512348-ccebd3fa", "err": "All connection attempts failed", "event": "sync.traffic_failed", "level": "warning", "timestamp": "2026-09-28T12:03:56.706700Z"}
{"email": "tg8468512348-b7febaa3", "err": "All connection attempts failed", "event": "sync.traffic_failed", "level": "warning", "timestamp": "2026-09-28T12:03:56.712287Z"}
{"email": "tg8468512348-ca791fcc", "err": "All connection attempts failed", "event": "sync.traffic_failed", "level": "warning", "timestamp": "2026-09-28T12:03:56.716112Z"}
{"email": "tg8468512348-414763c5", "err": "All connection attempts failed", "event": "sync.traffic_failed", "level": "warning", "timestamp": "2026-09-28T12:03:56.718782Z"}
{"email": "tg8468512348-401776d8", "err": "All connection attempts failed", "event": "sync.traffic_failed", "level": "warning", "timestamp": "2026-09-28T12:03:56.721101Z"}
{"email": "tg8468512348-0799d731", "err": "All connection attempts failed", "event": "sync.traffic_failed", "level": "warning", "timestamp": "2026-09-28T12:03:56.723034Z"}
{"email": "tg8468512348-7a60e445", "err": "All connection attempts failed", "event": "sync.traffic_failed", "level": "warning", "timestamp": "2026-09-28T12:03:56.724800Z"}
{"email": "tg8468512348-b36fde64", "err": "All connection attempts failed", "event": "sync.traffic_failed", "level": "warning", "timestamp": "2026-09-28T12:03:56.728354Z"}
{"email": "tg8468512348-0a8dd48c", "err": "All connection attempts failed", "event": "sync.traffic_failed", "level": "warning", "timestamp": "2026-09-28T12:03:56.730635Z"}
{"email": "tg8468512348-0fe1b387", "err": "All connection attempts failed", "event": "sync.traffic_failed", "level": "warning", "timestamp": "2026-09-28T12:03:56.733912Z"}
{"email": "tg8468512348-5971502c", "err": "All connection attempts failed", "event": "sync.traffic_failed", "level": "warning", "timestamp": "2026-09-28T12:03:56.735822Z"}
{"updated": 5, "event": "sync_traffic.done", "level": "info", "timestamp": "2026-09-28T12:03:57.188816Z"}
{"email": "tg5435975876-5b782c49", "err": "All connection attempts failed", "event": "sync.traffic_failed", "level": "warning", "timestamp": "2026-09-28T12:18:56.658948Z"}
{"email": "web-ad78af6c", "err": "All connection attempts failed", "event": "sync.traffic_failed", "level": "warning", "timestamp": "2026-09-28T12:18:56.661904Z"}
{"email": "tg8468512348-fdeabd2c", "err": "All connection attempts failed", "event": "sync.traffic_failed", "level": "warning", "timestamp": "2026-09-28T12:18:56.664018Z"}
{"email": "tg8468512348-aa6853d6", "err": "All connection attempts failed", "event": "sync.traffic_failed", "level": "warning", "timestamp": "2026-09-28T12:18:56.666098Z"}
{"email": "tg8468512348-64f025a5", "err": "All connection attempts failed", "event": "sync.traffic_failed", "level": "warning", "timestamp": "2026-09-28T12:18:56.669047Z"}
{"email": "tg8468512348-ccebd3fa", "err": "All connection attempts failed", "event": "sync.traffic_failed", "level": "warning", "timestamp": "2026-09-28T12:18:56.670803Z"}
{"email": "tg8468512348-b7febaa3", "err": "All connection attempts failed", "event": "sync.traffic_failed", "level": "warning", "timestamp": "2026-09-28T12:18:56.672548Z"}
{"email": "tg8468512348-ca791fcc", "err": "All connection attempts failed", "event": "sync.traffic_failed", "level": "warning", "timestamp": "2026-09-28T12:18:56.673972Z"}
{"email": "tg8468512348-414763c5", "err": "All connection attempts failed", "event": "sync.traffic_failed", "level": "warning", "timestamp": "2026-09-28T12:18:56.675234Z"}
{"email": "tg8468512348-401776d8", "err": "All connection attempts failed", "event": "sync.traffic_failed", "level": "warning", "timestamp": "2026-09-28T12:18:56.682141Z"}
{"email": "tg8468512348-0799d731", "err": "All connection attempts failed", "event": "sync.traffic_failed", "level": "warning", "timestamp": "2026-09-28T12:18:56.684804Z"}
{"email": "tg8468512348-7a60e445", "err": "All connection attempts failed", "event": "sync.traffic_failed", "level": "warning", "timestamp": "2026-09-28T12:18:56.686288Z"}
{"email": "tg8468512348-b36fde64", "err": "All connection attempts failed", "event": "sync.traffic_failed", "level": "warning", "timestamp": "2026-09-28T12:18:56.687806Z"}
{"email": "tg8468512348-0a8dd48c", "err": "All connection attempts failed", "event": "sync.traffic_failed", "level": "warning", "timestamp": "2026-09-28T12:18:56.689300Z"}
{"email": "tg8468512348-0fe1b387", "err": "All connection attempts failed", "event": "sync.traffic_failed", "level": "warning", "timestamp": "2026-09-28T12:18:56.690721Z"}
{"email": "tg8468512348-5971502c", "err": "All connection attempts failed", "event": "sync.traffic_failed", "level": "warning", "timestamp": "2026-09-28T12:18:56.692326Z"}
{"updated": 5, "event": "sync_traffic.done", "level": "info", "timestamp": "2026-09-28T12:18:57.188554Z"}
{"email": "tg5435975876-5b782c49", "err": "All connection attempts failed", "event": "sync.traffic_failed", "level": "warning", "timestamp": "2026-09-28T12:33:56.688991Z"}
{"email": "web-ad78af6c", "err": "All connection attempts failed", "event": "sync.traffic_failed", "level": "warning", "timestamp": "2026-09-28T12:33:56.691644Z"}
{"email": "tg8468512348-fdeabd2c", "err": "All connection attempts failed", "event": "sync.traffic_failed", "level": "warning", "timestamp": "2026-09-28T12:33:56.693863Z"}
{"email": "tg8468512348-aa6853d6", "err": "All connection attempts failed", "event": "sync.traffic_failed", "level": "warning", "timestamp": "2026-09-28T12:33:56.697135Z"}
{"email": "tg8468512348-64f025a5", "err": "All connection attempts failed", "event": "sync.traffic_failed", "level": "warning", "timestamp": "2026-09-28T12:33:56.701769Z"}
{"email": "tg8468512348-ccebd3fa", "err": "All connection attempts failed", "event": "sync.traffic_failed", "level": "warning", "timestamp": "2026-09-28T12:33:56.705818Z"}
{"email": "tg8468512348-b7febaa3", "err": "All connection attempts failed", "event": "sync.traffic_failed", "level": "warning", "timestamp": "2026-09-28T12:33:56.709939Z"}
{"email": "tg8468512348-ca791fcc", "err": "All connection attempts failed", "event": "sync.traffic_failed", "level": "warning", "timestamp": "2026-09-28T12:33:56.712934Z"}
{"email": "tg8468512348-414763c5", "err": "All connection attempts failed", "event": "sync.traffic_failed", "level": "warning", "timestamp": "2026-09-28T12:33:56.715663Z"}
{"email": "tg8468512348-401776d8", "err": "All connection attempts failed", "event": "sync.traffic_failed", "level": "warning", "timestamp": "2026-09-28T12:33:56.717343Z"}
{"email": "tg8468512348-0799d731", "err": "All connection attempts failed", "event": "sync.traffic_failed", "level": "warning", "timestamp": "2026-09-28T12:33:56.719037Z"}
{"email": "tg8468512348-7a60e445", "err": "All connection attempts failed", "event": "sync.traffic_failed", "level": "warning", "timestamp": "2026-09-28T12:33:56.722424Z"}
{"email": "tg8468512348-b36fde64", "err": "All connection attempts failed", "event": "sync.traffic_failed", "level": "warning", "timestamp": "2026-09-28T12:33:56.731897Z"}
{"email": "tg8468512348-0a8dd48c", "err": "All connection attempts failed", "event": "sync.traffic_failed", "level": "warning", "timestamp": "2026-09-28T12:33:56.735462Z"}
{"email": "tg8468512348-0fe1b387", "err": "All connection attempts failed", "event": "sync.traffic_failed", "level": "warning", "timestamp": "2026-09-28T12:33:56.738401Z"}
{"email": "tg8468512348-5971502c", "err": "All connection attempts failed", "event": "sync.traffic_failed", "level": "warning", "timestamp": "2026-09-28T12:33:56.740633Z"}
{"updated": 5, "event": "sync_traffic.done", "level": "info", "timestamp": "2026-09-28T12:33:57.235079Z"}
{"email": "tg5435975876-5b782c49", "err": "All connection attempts failed", "event": "sync.traffic_failed", "level": "warning", "timestamp": "2026-09-28T12:48:56.644669Z"}
{"email": "web-ad78af6c", "err": "All connection attempts failed", "event": "sync.traffic_failed", "level": "warning", "timestamp": "2026-09-28T12:48:56.646703Z"}
{"email": "tg8468512348-fdeabd2c", "err": "All connection attempts failed", "event": "sync.traffic_failed", "level": "warning", "timestamp": "2026-09-28T12:48:56.648371Z"}
{"email": "tg8468512348-aa6853d6", "err": "All connection attempts failed", "event": "sync.traffic_failed", "level": "warning", "timestamp": "2026-09-28T12:48:56.650428Z"}
{"email": "tg8468512348-64f025a5", "err": "All connection attempts failed", "event": "sync.traffic_failed", "level": "warning", "timestamp": "2026-09-28T12:48:56.652903Z"}
{"email": "tg8468512348-ccebd3fa", "err": "All connection attempts failed", "event": "sync.traffic_failed", "level": "warning", "timestamp": "2026-09-28T12:48:56.654382Z"}
{"email": "tg8468512348-b7febaa3", "err": "All connection attempts failed", "event": "sync.traffic_failed", "level": "warning", "timestamp": "2026-09-28T12:48:56.655955Z"}
{"email": "tg8468512348-ca791fcc", "err": "All connection attempts failed", "event": "sync.traffic_failed", "level": "warning", "timestamp": "2026-09-28T12:48:56.657456Z"}
{"email": "tg8468512348-414763c5", "err": "All connection attempts failed", "event": "sync.traffic_failed", "level": "warning", "timestamp": "2026-09-28T12:48:56.658598Z"}
{"email": "tg8468512348-401776d8", "err": "All connection attempts failed", "event": "sync.traffic_failed", "level": "warning", "timestamp": "2026-09-28T12:48:56.660893Z"}
{"email": "tg8468512348-0799d731", "err": "All connection attempts failed", "event": "sync.traffic_failed", "level": "warning", "timestamp": "2026-09-28T12:48:56.662371Z"}
{"email": "tg8468512348-7a60e445", "err": "All connection attempts failed", "event": "sync.traffic_failed", "level": "warning", "timestamp": "2026-09-28T12:48:56.663746Z"}
{"email": "tg8468512348-b36fde64", "err": "All connection attempts failed", "event": "sync.traffic_failed", "level": "warning", "timestamp": "2026-09-28T12:48:56.665118Z"}
{"email": "tg8468512348-0a8dd48c", "err": "All connection attempts failed", "event": "sync.traffic_failed", "level": "warning", "timestamp": "2026-09-28T12:48:56.666960Z"}
{"email": "tg8468512348-0fe1b387", "err": "All connection attempts failed", "event": "sync.traffic_failed", "level": "warning", "timestamp": "2026-09-28T12:48:56.668780Z"}
{"email": "tg8468512348-5971502c", "err": "All connection attempts failed", "event": "sync.traffic_failed", "level": "warning", "timestamp": "2026-09-28T12:48:56.671236Z"}
{"updated": 5, "event": "sync_traffic.done", "level": "info", "timestamp": "2026-09-28T12:48:57.162035Z"}
{"email": "tg5435975876-5b782c49", "err": "All connection attempts failed", "event": "sync.traffic_failed", "level": "warning", "timestamp": "2026-09-28T13:03:56.651126Z"}
{"email": "web-ad78af6c", "err": "All connection attempts failed", "event": "sync.traffic_failed", "level": "warning", "timestamp": "2026-09-28T13:03:56.653467Z"}
{"email": "tg8468512348-fdeabd2c", "err": "All connection attempts failed", "event": "sync.traffic_failed", "level": "warning", "timestamp": "2026-09-28T13:03:56.655438Z"}
{"email": "tg8468512348-aa6853d6", "err": "All connection attempts failed", "event": "sync.traffic_failed", "level": "warning", "timestamp": "2026-09-28T13:03:56.658022Z"}
{"email": "tg8468512348-64f025a5", "err": "All connection attempts failed", "event": "sync.traffic_failed", "level": "warning", "timestamp": "2026-09-28T13:03:56.662867Z"}
{"email": "tg8468512348-ccebd3fa", "err": "All connection attempts failed", "event": "sync.traffic_failed", "level": "warning", "timestamp": "2026-09-28T13:03:56.664637Z"}
{"email": "tg8468512348-b7febaa3", "err": "All connection attempts failed", "event": "sync.traffic_failed", "level": "warning", "timestamp": "2026-09-28T13:03:56.669093Z"}
{"email": "tg8468512348-ca791fcc", "err": "All connection attempts failed", "event": "sync.traffic_failed", "level": "warning", "timestamp": "2026-09-28T13:03:56.673744Z"}
{"email": "tg8468512348-414763c5", "err": "All connection attempts failed", "event": "sync.traffic_failed", "level": "warning", "timestamp": "2026-09-28T13:03:56.676414Z"}
{"email": "tg8468512348-401776d8", "err": "All connection attempts failed", "event": "sync.traffic_failed", "level": "warning", "timestamp": "2026-09-28T13:03:56.678549Z"}
{"email": "tg8468512348-0799d731", "err": "All connection attempts failed", "event": "sync.traffic_failed", "level": "warning", "timestamp": "2026-09-28T13:03:56.680477Z"}
{"email": "tg8468512348-7a60e445", "err": "All connection attempts failed", "event": "sync.traffic_failed", "level": "warning", "timestamp": "2026-09-28T13:03:56.682207Z"}
{"email": "tg8468512348-b36fde64", "err": "All connection attempts failed", "event": "sync.traffic_failed", "level": "warning", "timestamp": "2026-09-28T13:03:56.684475Z"}
{"email": "tg8468512348-0a8dd48c", "err": "All connection attempts failed", "event": "sync.traffic_failed", "level": "warning", "timestamp": "2026-09-28T13:03:56.685937Z"}
{"email": "tg8468512348-0fe1b387", "err": "All connection attempts failed", "event": "sync.traffic_failed", "level": "warning", "timestamp": "2026-09-28T13:03:56.687305Z"}
{"email": "tg8468512348-5971502c", "err": "All connection attempts failed", "event": "sync.traffic_failed", "level": "warning", "timestamp": "2026-09-28T13:03:56.688716Z"}
{"updated": 5, "event": "sync_traffic.done", "level": "info", "timestamp": "2026-09-28T13:03:57.200985Z"}
{"email": "tg5435975876-5b782c49", "err": "All connection attempts failed", "event": "sync.traffic_failed", "level": "warning", "timestamp": "2026-09-28T13:18:56.646280Z"}
{"email": "web-ad78af6c", "err": "All connection attempts failed", "event": "sync.traffic_failed", "level": "warning", "timestamp": "2026-09-28T13:18:56.648459Z"}
{"email": "tg8468512348-fdeabd2c", "err": "All connection attempts failed", "event": "sync.traffic_failed", "level": "warning", "timestamp": "2026-09-28T13:18:56.651700Z"}
{"email": "tg8468512348-aa6853d6", "err": "All connection attempts failed", "event": "sync.traffic_failed", "level": "warning", "timestamp": "2026-09-28T13:18:56.654046Z"}
{"email": "tg8468512348-64f025a5", "err": "All connection attempts failed", "event": "sync.traffic_failed", "level": "warning", "timestamp": "2026-09-28T13:18:56.655691Z"}
{"email": "tg8468512348-ccebd3fa", "err": "All connection attempts failed", "event": "sync.traffic_failed", "level": "warning", "timestamp": "2026-09-28T13:18:56.657173Z"}
{"email": "tg8468512348-b7febaa3", "err": "All connection attempts failed", "event": "sync.traffic_failed", "level": "warning", "timestamp": "2026-09-28T13:18:56.660201Z"}
{"email": "tg8468512348-ca791fcc", "err": "All connection attempts failed", "event": "sync.traffic_failed", "level": "warning", "timestamp": "2026-09-28T13:18:56.662094Z"}
{"email": "tg8468512348-414763c5", "err": "All connection attempts failed", "event": "sync.traffic_failed", "level": "warning", "timestamp": "2026-09-28T13:18:56.663932Z"}
{"email": "tg8468512348-401776d8", "err": "All connection attempts failed", "event": "sync.traffic_failed", "level": "warning", "timestamp": "2026-09-28T13:18:56.666440Z"}
{"email": "tg8468512348-0799d731", "err": "All connection attempts failed", "event": "sync.traffic_failed", "level": "warning", "timestamp": "2026-09-28T13:18:56.668209Z"}
{"email": "tg8468512348-7a60e445", "err": "All connection attempts failed", "event": "sync.traffic_failed", "level": "warning", "timestamp": "2026-09-28T13:18:56.673092Z"}
{"email": "tg8468512348-b36fde64", "err": "All connection attempts failed", "event": "sync.traffic_failed", "level": "warning", "timestamp": "2026-09-28T13:18:56.675109Z"}
{"email": "tg8468512348-0a8dd48c", "err": "All connection attempts failed", "event": "sync.traffic_failed", "level": "warning", "timestamp": "2026-09-28T13:18:56.678243Z"}
{"email": "tg8468512348-0fe1b387", "err": "All connection attempts failed", "event": "sync.traffic_failed", "level": "warning", "timestamp": "2026-09-28T13:18:56.680238Z"}
{"email": "tg8468512348-5971502c", "err": "All connection attempts failed", "event": "sync.traffic_failed", "level": "warning", "timestamp": "2026-09-28T13:18:56.691973Z"}
{"updated": 5, "event": "sync_traffic.done", "level": "info", "timestamp": "2026-09-28T13:18:57.261296Z"}
{"email": "tg5435975876-5b782c49", "err": "All connection attempts failed", "event": "sync.traffic_failed", "level": "warning", "timestamp": "2026-09-28T13:33:56.674178Z"}
{"email": "web-ad78af6c", "err": "All connection attempts failed", "event": "sync.traffic_failed", "level": "warning", "timestamp": "2026-09-28T13:33:56.676656Z"}
{"email": "tg8468512348-fdeabd2c", "err": "All connection attempts failed", "event": "sync.traffic_failed", "level": "warning", "timestamp": "2026-09-28T13:33:56.679231Z"}
{"email": "tg8468512348-aa6853d6", "err": "All connection attempts failed", "event": "sync.traffic_failed", "level": "warning", "timestamp": "2026-09-28T13:33:56.681664Z"}
{"email": "tg8468512348-64f025a5", "err": "All connection attempts failed", "event": "sync.traffic_failed", "level": "warning", "timestamp": "2026-09-28T13:33:56.685626Z"}
{"email": "tg8468512348-ccebd3fa", "err": "All connection attempts failed", "event": "sync.traffic_failed", "level": "warning", "timestamp": "2026-09-28T13:33:56.687151Z"}
{"email": "tg8468512348-b7febaa3", "err": "All connection attempts failed", "event": "sync.traffic_failed", "level": "warning", "timestamp": "2026-09-28T13:33:56.690259Z"}
{"email": "tg8468512348-ca791fcc", "err": "All connection attempts failed", "event": "sync.traffic_failed", "level": "warning", "timestamp": "2026-09-28T13:33:56.693079Z"}
{"email": "tg8468512348-414763c5", "err": "All connection attempts failed", "event": "sync.traffic_failed", "level": "warning", "timestamp": "2026-09-28T13:33:56.696909Z"}
{"email": "tg8468512348-401776d8", "err": "All connection attempts failed", "event": "sync.traffic_failed", "level": "warning", "timestamp": "2026-09-28T13:33:56.698810Z"}
{"email": "tg8468512348-0799d731", "err": "All connection attempts failed", "event": "sync.traffic_failed", "level": "warning", "timestamp": "2026-09-28T13:33:56.700092Z"}
{"email": "tg8468512348-7a60e445", "err": "All connection attempts failed", "event": "sync.traffic_failed", "level": "warning", "timestamp": "2026-09-28T13:33:56.701305Z"}
{"email": "tg8468512348-b36fde64", "err": "All connection attempts failed", "event": "sync.traffic_failed", "level": "warning", "timestamp": "2026-09-28T13:33:56.703846Z"}
{"email": "tg8468512348-0a8dd48c", "err": "All connection attempts failed", "event": "sync.traffic_failed", "level": "warning", "timestamp": "2026-09-28T13:33:56.705267Z"}
{"email": "tg8468512348-0fe1b387", "err": "All connection attempts failed", "event": "sync.traffic_failed", "level": "warning", "timestamp": "2026-09-28T13:33:56.706629Z"}
{"email": "tg8468512348-5971502c", "err": "All connection attempts failed", "event": "sync.traffic_failed", "level": "warning", "timestamp": "2026-09-28T13:33:56.708000Z"}
{"updated": 5, "event": "sync_traffic.done", "level": "info", "timestamp": "2026-09-28T13:33:57.188156Z"}
{"email": "tg5435975876-5b782c49", "err": "All connection attempts failed", "event": "sync.traffic_failed", "level": "warning", "timestamp": "2026-09-28T13:48:56.627828Z"}
{"email": "web-ad78af6c", "err": "All connection attempts failed", "event": "sync.traffic_failed", "level": "warning", "timestamp": "2026-09-28T13:48:56.632453Z"}
{"email": "tg8468512348-fdeabd2c", "err": "All connection attempts failed", "event": "sync.traffic_failed", "level": "warning", "timestamp": "2026-09-28T13:48:56.634009Z"}
{"email": "tg8468512348-aa6853d6", "err": "All connection attempts failed", "event": "sync.traffic_failed", "level": "warning", "timestamp": "2026-09-28T13:48:56.636144Z"}
{"email": "tg8468512348-64f025a5", "err": "All connection attempts failed", "event": "sync.traffic_failed", "level": "warning", "timestamp": "2026-09-28T13:48:56.639304Z"}
{"email": "tg8468512348-ccebd3fa", "err": "All connection attempts failed", "event": "sync.traffic_failed", "level": "warning", "timestamp": "2026-09-28T13:48:56.640662Z"}
{"email": "tg8468512348-b7febaa3", "err": "All connection attempts failed", "event": "sync.traffic_failed", "level": "warning", "timestamp": "2026-09-28T13:48:56.641692Z"}
{"email": "tg8468512348-ca791fcc", "err": "All connection attempts failed", "event": "sync.traffic_failed", "level": "warning", "timestamp": "2026-09-28T13:48:56.642557Z"}
{"email": "tg8468512348-414763c5", "err": "All connection attempts failed", "event": "sync.traffic_failed", "level": "warning", "timestamp": "2026-09-28T13:48:56.643804Z"}
{"email": "tg8468512348-401776d8", "err": "All connection attempts failed", "event": "sync.traffic_failed", "level": "warning", "timestamp": "2026-09-28T13:48:56.646860Z"}
{"email": "tg8468512348-0799d731", "err": "All connection attempts failed", "event": "sync.traffic_failed", "level": "warning", "timestamp": "2026-09-28T13:48:56.649034Z"}
{"email": "tg8468512348-7a60e445", "err": "All connection attempts failed", "event": "sync.traffic_failed", "level": "warning", "timestamp": "2026-09-28T13:48:56.650890Z"}
{"email": "tg8468512348-b36fde64", "err": "All connection attempts failed", "event": "sync.traffic_failed", "level": "warning", "timestamp": "2026-09-28T13:48:56.652690Z"}
{"email": "tg8468512348-0a8dd48c", "err": "All connection attempts failed", "event": "sync.traffic_failed", "level": "warning", "timestamp": "2026-09-28T13:48:56.654708Z"}
{"email": "tg8468512348-0fe1b387", "err": "All connection attempts failed", "event": "sync.traffic_failed", "level": "warning", "timestamp": "2026-09-28T13:48:56.656488Z"}
{"email": "tg8468512348-5971502c", "err": "All connection attempts failed", "event": "sync.traffic_failed", "level": "warning", "timestamp": "2026-09-28T13:48:56.660639Z"}
{"updated": 5, "event": "sync_traffic.done", "level": "info", "timestamp": "2026-09-28T13:48:57.099219Z"}
{"email": "tg5435975876-5b782c49", "err": "All connection attempts failed", "event": "sync.traffic_failed", "level": "warning", "timestamp": "2026-09-28T14:03:56.661965Z"}
{"email": "web-ad78af6c", "err": "All connection attempts failed", "event": "sync.traffic_failed", "level": "warning", "timestamp": "2026-09-28T14:03:56.664360Z"}
{"email": "tg8468512348-fdeabd2c", "err": "All connection attempts failed", "event": "sync.traffic_failed", "level": "warning", "timestamp": "2026-09-28T14:03:56.666596Z"}
{"email": "tg8468512348-aa6853d6", "err": "All connection attempts failed", "event": "sync.traffic_failed", "level": "warning", "timestamp": "2026-09-28T14:03:56.669900Z"}
{"email": "tg8468512348-64f025a5", "err": "All connection attempts failed", "event": "sync.traffic_failed", "level": "warning", "timestamp": "2026-09-28T14:03:56.674749Z"}
{"email": "tg8468512348-ccebd3fa", "err": "All connection attempts failed", "event": "sync.traffic_failed", "level": "warning", "timestamp": "2026-09-28T14:03:56.678889Z"}
{"email": "tg8468512348-b7febaa3", "err": "All connection attempts failed", "event": "sync.traffic_failed", "level": "warning", "timestamp": "2026-09-28T14:03:56.682483Z"}
{"email": "tg8468512348-ca791fcc", "err": "All connection attempts failed", "event": "sync.traffic_failed", "level": "warning", "timestamp": "2026-09-28T14:03:56.687447Z"}
{"email": "tg8468512348-414763c5", "err": "All connection attempts failed", "event": "sync.traffic_failed", "level": "warning", "timestamp": "2026-09-28T14:03:56.690099Z"}
{"email": "tg8468512348-401776d8", "err": "All connection attempts failed", "event": "sync.traffic_failed", "level": "warning", "timestamp": "2026-09-28T14:03:56.691386Z"}
{"email": "tg8468512348-0799d731", "err": "All connection attempts failed", "event": "sync.traffic_failed", "level": "warning", "timestamp": "2026-09-28T14:03:56.693202Z"}
{"email": "tg8468512348-7a60e445", "err": "All connection attempts failed", "event": "sync.traffic_failed", "level": "warning", "timestamp": "2026-09-28T14:03:56.694636Z"}
{"email": "tg8468512348-b36fde64", "err": "All connection attempts failed", "event": "sync.traffic_failed", "level": "warning", "timestamp": "2026-09-28T14:03:56.696956Z"}
{"email": "tg8468512348-0a8dd48c", "err": "All connection attempts failed", "event": "sync.traffic_failed", "level": "warning", "timestamp": "2026-09-28T14:03:56.698270Z"}
{"email": "tg8468512348-0fe1b387", "err": "All connection attempts failed", "event": "sync.traffic_failed", "level": "warning", "timestamp": "2026-09-28T14:03:56.699664Z"}
{"email": "tg8468512348-5971502c", "err": "All connection attempts failed", "event": "sync.traffic_failed", "level": "warning", "timestamp": "2026-09-28T14:03:56.701437Z"}
{"updated": 5, "event": "sync_traffic.done", "level": "info", "timestamp": "2026-09-28T14:03:57.223422Z"}
{"email": "tg5435975876-5b782c49", "err": "All connection attempts failed", "event": "sync.traffic_failed", "level": "warning", "timestamp": "2026-09-28T14:18:56.663395Z"}
{"email": "web-ad78af6c", "err": "All connection attempts failed", "event": "sync.traffic_failed", "level": "warning", "timestamp": "2026-09-28T14:18:56.665759Z"}
{"email": "tg8468512348-fdeabd2c", "err": "All connection attempts failed", "event": "sync.traffic_failed", "level": "warning", "timestamp": "2026-09-28T14:18:56.667622Z"}
{"email": "tg8468512348-aa6853d6", "err": "All connection attempts failed", "event": "sync.traffic_failed", "level": "warning", "timestamp": "2026-09-28T14:18:56.670269Z"}
{"email": "tg8468512348-64f025a5", "err": "All connection attempts failed", "event": "sync.traffic_failed", "level": "warning", "timestamp": "2026-09-28T14:18:56.672799Z"}
{"email": "tg8468512348-ccebd3fa", "err": "All connection attempts failed", "event": "sync.traffic_failed", "level": "warning", "timestamp": "2026-09-28T14:18:56.674389Z"}
{"email": "tg8468512348-b7febaa3", "err": "All connection attempts failed", "event": "sync.traffic_failed", "level": "warning", "timestamp": "2026-09-28T14:18:56.675842Z"}
{"email": "tg8468512348-ca791fcc", "err": "All connection attempts failed", "event": "sync.traffic_failed", "level": "warning", "timestamp": "2026-09-28T14:18:56.677492Z"}
{"email": "tg8468512348-414763c5", "err": "All connection attempts failed", "event": "sync.traffic_failed", "level": "warning", "timestamp": "2026-09-28T14:18:56.679274Z"}
{"email": "tg8468512348-401776d8", "err": "All connection attempts failed", "event": "sync.traffic_failed", "level": "warning", "timestamp": "2026-09-28T14:18:56.683611Z"}
{"email": "tg8468512348-0799d731", "err": "All connection attempts failed", "event": "sync.traffic_failed", "level": "warning", "timestamp": "2026-09-28T14:18:56.685636Z"}
{"email": "tg8468512348-7a60e445", "err": "All connection attempts failed", "event": "sync.traffic_failed", "level": "warning", "timestamp": "2026-09-28T14:18:56.687283Z"}
{"email": "tg8468512348-b36fde64", "err": "All connection attempts failed", "event": "sync.traffic_failed", "level": "warning", "timestamp": "2026-09-28T14:18:56.688956Z"}
{"email": "tg8468512348-0a8dd48c", "err": "All connection attempts failed", "event": "sync.traffic_failed", "level": "warning", "timestamp": "2026-09-28T14:18:56.690403Z"}
{"email": "tg8468512348-0fe1b387", "err": "All connection attempts failed", "event": "sync.traffic_failed", "level": "warning", "timestamp": "2026-09-28T14:18:56.691646Z"}
{"email": "tg8468512348-5971502c", "err": "All connection attempts failed", "event": "sync.traffic_failed", "level": "warning", "timestamp": "2026-09-28T14:18:56.693760Z"}
{"updated": 5, "event": "sync_traffic.done", "level": "info", "timestamp": "2026-09-28T14:18:57.218351Z"}
{"email": "tg5435975876-5b782c49", "err": "All connection attempts failed", "event": "sync.traffic_failed", "level": "warning", "timestamp": "2026-09-28T14:33:56.694900Z"}
{"email": "web-ad78af6c", "err": "All connection attempts failed", "event": "sync.traffic_failed", "level": "warning", "timestamp": "2026-09-28T14:33:56.698115Z"}
{"email": "tg8468512348-fdeabd2c", "err": "All connection attempts failed", "event": "sync.traffic_failed", "level": "warning", "timestamp": "2026-09-28T14:33:56.701083Z"}
{"email": "tg8468512348-aa6853d6", "err": "All connection attempts failed", "event": "sync.traffic_failed", "level": "warning", "timestamp": "2026-09-28T14:33:56.704470Z"}
{"email": "tg8468512348-64f025a5", "err": "All connection attempts failed", "event": "sync.traffic_failed", "level": "warning", "timestamp": "2026-09-28T14:33:56.706930Z"}
{"email": "tg8468512348-ccebd3fa", "err": "All connection attempts failed", "event": "sync.traffic_failed", "level": "warning", "timestamp": "2026-09-28T14:33:56.712303Z"}
{"email": "tg8468512348-b7febaa3", "err": "All connection attempts failed", "event": "sync.traffic_failed", "level": "warning", "timestamp": "2026-09-28T14:33:56.716431Z"}
{"email": "tg8468512348-ca791fcc", "err": "All connection attempts failed", "event": "sync.traffic_failed", "level": "warning", "timestamp": "2026-09-28T14:33:56.718759Z"}
{"email": "tg8468512348-414763c5", "err": "All connection attempts failed", "event": "sync.traffic_failed", "level": "warning", "timestamp": "2026-09-28T14:33:56.721372Z"}
{"email": "tg8468512348-401776d8", "err": "All connection attempts failed", "event": "sync.traffic_failed", "level": "warning", "timestamp": "2026-09-28T14:33:56.723959Z"}
{"email": "tg8468512348-0799d731", "err": "All connection attempts failed", "event": "sync.traffic_failed", "level": "warning", "timestamp": "2026-09-28T14:33:56.726594Z"}
{"email": "tg8468512348-7a60e445", "err": "All connection attempts failed", "event": "sync.traffic_failed", "level": "warning", "timestamp": "2026-09-28T14:33:56.729709Z"}
{"email": "tg8468512348-b36fde64", "err": "All connection attempts failed", "event": "sync.traffic_failed", "level": "warning", "timestamp": "2026-09-28T14:33:56.731552Z"}
{"email": "tg8468512348-0a8dd48c", "err": "All connection attempts failed", "event": "sync.traffic_failed", "level": "warning", "timestamp": "2026-09-28T14:33:56.735328Z"}
{"email": "tg8468512348-0fe1b387", "err": "All connection attempts failed", "event": "sync.traffic_failed", "level": "warning", "timestamp": "2026-09-28T14:33:56.737409Z"}
{"email": "tg8468512348-5971502c", "err": "All connection attempts failed", "event": "sync.traffic_failed", "level": "warning", "timestamp": "2026-09-28T14:33:56.738979Z"}
{"updated": 5, "event": "sync_traffic.done", "level": "info", "timestamp": "2026-09-28T14:33:57.249332Z"}
{"email": "tg5435975876-5b782c49", "err": "All connection attempts failed", "event": "sync.traffic_failed", "level": "warning", "timestamp": "2026-09-28T14:48:56.632306Z"}
{"email": "web-ad78af6c", "err": "All connection attempts failed", "event": "sync.traffic_failed", "level": "warning", "timestamp": "2026-09-28T14:48:56.634467Z"}
{"email": "tg8468512348-fdeabd2c", "err": "All connection attempts failed", "event": "sync.traffic_failed", "level": "warning", "timestamp": "2026-09-28T14:48:56.636439Z"}
{"email": "tg8468512348-aa6853d6", "err": "All connection attempts failed", "event": "sync.traffic_failed", "level": "warning", "timestamp": "2026-09-28T14:48:56.638267Z"}
{"email": "tg8468512348-64f025a5", "err": "All connection attempts failed", "event": "sync.traffic_failed", "level": "warning", "timestamp": "2026-09-28T14:48:56.641036Z"}
{"email": "tg8468512348-ccebd3fa", "err": "All connection attempts failed", "event": "sync.traffic_failed", "level": "warning", "timestamp": "2026-09-28T14:48:56.642933Z"}
{"email": "tg8468512348-b7febaa3", "err": "All connection attempts failed", "event": "sync.traffic_failed", "level": "warning", "timestamp": "2026-09-28T14:48:56.644615Z"}
{"email": "tg8468512348-ca791fcc", "err": "All connection attempts failed", "event": "sync.traffic_failed", "level": "warning", "timestamp": "2026-09-28T14:48:56.646202Z"}
{"email": "tg8468512348-414763c5", "err": "All connection attempts failed", "event": "sync.traffic_failed", "level": "warning", "timestamp": "2026-09-28T14:48:56.647722Z"}
{"email": "tg8468512348-401776d8", "err": "All connection attempts failed", "event": "sync.traffic_failed", "level": "warning", "timestamp": "2026-09-28T14:48:56.649341Z"}
{"email": "tg8468512348-0799d731", "err": "All connection attempts failed", "event": "sync.traffic_failed", "level": "warning", "timestamp": "2026-09-28T14:48:56.657367Z"}
{"email": "tg8468512348-7a60e445", "err": "All connection attempts failed", "event": "sync.traffic_failed", "level": "warning", "timestamp": "2026-09-28T14:48:56.659018Z"}
{"email": "tg8468512348-b36fde64", "err": "All connection attempts failed", "event": "sync.traffic_failed", "level": "warning", "timestamp": "2026-09-28T14:48:56.660674Z"}
{"email": "tg8468512348-0a8dd48c", "err": "All connection attempts failed", "event": "sync.traffic_failed", "level": "warning", "timestamp": "2026-09-28T14:48:56.662000Z"}
{"email": "tg8468512348-0fe1b387", "err": "All connection attempts failed", "event": "sync.traffic_failed", "level": "warning", "timestamp": "2026-09-28T14:48:56.663382Z"}
{"email": "tg8468512348-5971502c", "err": "All connection attempts failed", "event": "sync.traffic_failed", "level": "warning", "timestamp": "2026-09-28T14:48:56.665467Z"}
{"updated": 5, "event": "sync_traffic.done", "level": "info", "timestamp": "2026-09-28T14:48:57.102551Z"}
{"email": "tg5435975876-5b782c49", "err": "All connection attempts failed", "event": "sync.traffic_failed", "level": "warning", "timestamp": "2026-09-28T15:03:56.686584Z"}
{"email": "web-ad78af6c", "err": "All connection attempts failed", "event": "sync.traffic_failed", "level": "warning", "timestamp": "2026-09-28T15:03:56.691067Z"}
{"email": "tg8468512348-fdeabd2c", "err": "All connection attempts failed", "event": "sync.traffic_failed", "level": "warning", "timestamp": "2026-09-28T15:03:56.694089Z"}
{"email": "tg8468512348-aa6853d6", "err": "All connection attempts failed", "event": "sync.traffic_failed", "level": "warning", "timestamp": "2026-09-28T15:03:56.698631Z"}
{"email": "tg8468512348-64f025a5", "err": "All connection attempts failed", "event": "sync.traffic_failed", "level": "warning", "timestamp": "2026-09-28T15:03:56.701871Z"}
{"email": "tg8468512348-ccebd3fa", "err": "All connection attempts failed", "event": "sync.traffic_failed", "level": "warning", "timestamp": "2026-09-28T15:03:56.706156Z"}
{"email": "tg8468512348-b7febaa3", "err": "All connection attempts failed", "event": "sync.traffic_failed", "level": "warning", "timestamp": "2026-09-28T15:03:56.708991Z"}
{"email": "tg8468512348-ca791fcc", "err": "All connection attempts failed", "event": "sync.traffic_failed", "level": "warning", "timestamp": "2026-09-28T15:03:56.710830Z"}
{"email": "tg8468512348-414763c5", "err": "All connection attempts failed", "event": "sync.traffic_failed", "level": "warning", "timestamp": "2026-09-28T15:03:56.712372Z"}
{"email": "tg8468512348-401776d8", "err": "All connection attempts failed", "event": "sync.traffic_failed", "level": "warning", "timestamp": "2026-09-28T15:03:56.713925Z"}
{"email": "tg8468512348-0799d731", "err": "All connection attempts failed", "event": "sync.traffic_failed", "level": "warning", "timestamp": "2026-09-28T15:03:56.715387Z"}
{"email": "tg8468512348-7a60e445", "err": "All connection attempts failed", "event": "sync.traffic_failed", "level": "warning", "timestamp": "2026-09-28T15:03:56.717076Z"}
{"email": "tg8468512348-b36fde64", "err": "All connection attempts failed", "event": "sync.traffic_failed", "level": "warning", "timestamp": "2026-09-28T15:03:56.719585Z"}
{"email": "tg8468512348-0a8dd48c", "err": "All connection attempts failed", "event": "sync.traffic_failed", "level": "warning", "timestamp": "2026-09-28T15:03:56.721011Z"}
{"email": "tg8468512348-0fe1b387", "err": "All connection attempts failed", "event": "sync.traffic_failed", "level": "warning", "timestamp": "2026-09-28T15:03:56.722394Z"}
{"email": "tg8468512348-5971502c", "err": "All connection attempts failed", "event": "sync.traffic_failed", "level": "warning", "timestamp": "2026-09-28T15:03:56.723902Z"}
{"updated": 5, "event": "sync_traffic.done", "level": "info", "timestamp": "2026-09-28T15:03:57.207365Z"}
{"email": "tg5435975876-5b782c49", "err": "All connection attempts failed", "event": "sync.traffic_failed", "level": "warning", "timestamp": "2026-09-28T15:18:56.653067Z"}
{"email": "web-ad78af6c", "err": "All connection attempts failed", "event": "sync.traffic_failed", "level": "warning", "timestamp": "2026-09-28T15:18:56.655378Z"}
{"email": "tg8468512348-fdeabd2c", "err": "All connection attempts failed", "event": "sync.traffic_failed", "level": "warning", "timestamp": "2026-09-28T15:18:56.656971Z"}
{"email": "tg8468512348-aa6853d6", "err": "All connection attempts failed", "event": "sync.traffic_failed", "level": "warning", "timestamp": "2026-09-28T15:18:56.658901Z"}
{"email": "tg8468512348-64f025a5", "err": "All connection attempts failed", "event": "sync.traffic_failed", "level": "warning", "timestamp": "2026-09-28T15:18:56.661631Z"}
{"email": "tg8468512348-ccebd3fa", "err": "All connection attempts failed", "event": "sync.traffic_failed", "level": "warning", "timestamp": "2026-09-28T15:18:56.663433Z"}
{"email": "tg8468512348-b7febaa3", "err": "All connection attempts failed", "event": "sync.traffic_failed", "level": "warning", "timestamp": "2026-09-28T15:18:56.665129Z"}
{"email": "tg8468512348-ca791fcc", "err": "All connection attempts failed", "event": "sync.traffic_failed", "level": "warning", "timestamp": "2026-09-28T15:18:56.666676Z"}
{"email": "tg8468512348-414763c5", "err": "All connection attempts failed", "event": "sync.traffic_failed", "level": "warning", "timestamp": "2026-09-28T15:18:56.668682Z"}
{"email": "tg8468512348-401776d8", "err": "All connection attempts failed", "event": "sync.traffic_failed", "level": "warning", "timestamp": "2026-09-28T15:18:56.670396Z"}
{"email": "tg8468512348-0799d731", "err": "All connection attempts failed", "event": "sync.traffic_failed", "level": "warning", "timestamp": "2026-09-28T15:18:56.672788Z"}
{"email": "tg8468512348-7a60e445", "err": "All connection attempts failed", "event": "sync.traffic_failed", "level": "warning", "timestamp": "2026-09-28T15:18:56.675688Z"}
{"email": "tg8468512348-b36fde64", "err": "All connection attempts failed", "event": "sync.traffic_failed", "level": "warning", "timestamp": "2026-09-28T15:18:56.683443Z"}
{"email": "tg8468512348-0a8dd48c", "err": "All connection attempts failed", "event": "sync.traffic_failed", "level": "warning", "timestamp": "2026-09-28T15:18:56.685486Z"}
{"email": "tg8468512348-0fe1b387", "err": "All connection attempts failed", "event": "sync.traffic_failed", "level": "warning", "timestamp": "2026-09-28T15:18:56.687263Z"}
{"email": "tg8468512348-5971502c", "err": "All connection attempts failed", "event": "sync.traffic_failed", "level": "warning", "timestamp": "2026-09-28T15:18:56.688927Z"}
{"updated": 5, "event": "sync_traffic.done", "level": "info", "timestamp": "2026-09-28T15:18:57.181923Z"}
{"email": "tg5435975876-5b782c49", "err": "All connection attempts failed", "event": "sync.traffic_failed", "level": "warning", "timestamp": "2026-09-28T15:33:56.697605Z"}
{"email": "web-ad78af6c", "err": "All connection attempts failed", "event": "sync.traffic_failed", "level": "warning", "timestamp": "2026-09-28T15:33:56.702685Z"}
{"email": "tg8468512348-fdeabd2c", "err": "All connection attempts failed", "event": "sync.traffic_failed", "level": "warning", "timestamp": "2026-09-28T15:33:56.706081Z"}
{"email": "tg8468512348-aa6853d6", "err": "All connection attempts failed", "event": "sync.traffic_failed", "level": "warning", "timestamp": "2026-09-28T15:33:56.711421Z"}
{"email": "tg8468512348-64f025a5", "err": "All connection attempts failed", "event": "sync.traffic_failed", "level": "warning", "timestamp": "2026-09-28T15:33:56.714050Z"}
{"email": "tg8468512348-ccebd3fa", "err": "All connection attempts failed", "event": "sync.traffic_failed", "level": "warning", "timestamp": "2026-09-28T15:33:56.718598Z"}
{"email": "tg8468512348-b7febaa3", "err": "All connection attempts failed", "event": "sync.traffic_failed", "level": "warning", "timestamp": "2026-09-28T15:33:56.721839Z"}
{"email": "tg8468512348-ca791fcc", "err": "All connection attempts failed", "event": "sync.traffic_failed", "level": "warning", "timestamp": "2026-09-28T15:33:56.725136Z"}
{"email": "tg8468512348-414763c5", "err": "All connection attempts failed", "event": "sync.traffic_failed", "level": "warning", "timestamp": "2026-09-28T15:33:56.727728Z"}
{"email": "tg8468512348-401776d8", "err": "All connection attempts failed", "event": "sync.traffic_failed", "level": "warning", "timestamp": "2026-09-28T15:33:56.730553Z"}
{"email": "tg8468512348-0799d731", "err": "All connection attempts failed", "event": "sync.traffic_failed", "level": "warning", "timestamp": "2026-09-28T15:33:56.733748Z"}
{"email": "tg8468512348-7a60e445", "err": "All connection attempts failed", "event": "sync.traffic_failed", "level": "warning", "timestamp": "2026-09-28T15:33:56.735872Z"}
{"email": "tg8468512348-b36fde64", "err": "All connection attempts failed", "event": "sync.traffic_failed", "level": "warning", "timestamp": "2026-09-28T15:33:56.737454Z"}
{"email": "tg8468512348-0a8dd48c", "err": "All connection attempts failed", "event": "sync.traffic_failed", "level": "warning", "timestamp": "2026-09-28T15:33:56.739006Z"}
{"email": "tg8468512348-0fe1b387", "err": "All connection attempts failed", "event": "sync.traffic_failed", "level": "warning", "timestamp": "2026-09-28T15:33:56.740712Z"}
{"email": "tg8468512348-5971502c", "err": "All connection attempts failed", "event": "sync.traffic_failed", "level": "warning", "timestamp": "2026-09-28T15:33:56.743237Z"}
{"updated": 5, "event": "sync_traffic.done", "level": "info", "timestamp": "2026-09-28T15:33:57.280451Z"}
{"email": "tg5435975876-5b782c49", "err": "All connection attempts failed", "event": "sync.traffic_failed", "level": "warning", "timestamp": "2026-09-28T15:48:56.633278Z"}
{"email": "web-ad78af6c", "err": "All connection attempts failed", "event": "sync.traffic_failed", "level": "warning", "timestamp": "2026-09-28T15:48:56.635457Z"}
{"email": "tg8468512348-fdeabd2c", "err": "All connection attempts failed", "event": "sync.traffic_failed", "level": "warning", "timestamp": "2026-09-28T15:48:56.639674Z"}
{"email": "tg8468512348-aa6853d6", "err": "All connection attempts failed", "event": "sync.traffic_failed", "level": "warning", "timestamp": "2026-09-28T15:48:56.641835Z"}
{"email": "tg8468512348-64f025a5", "err": "All connection attempts failed", "event": "sync.traffic_failed", "level": "warning", "timestamp": "2026-09-28T15:48:56.646638Z"}
{"email": "tg8468512348-ccebd3fa", "err": "All connection attempts failed", "event": "sync.traffic_failed", "level": "warning", "timestamp": "2026-09-28T15:48:56.648673Z"}
{"email": "tg8468512348-b7febaa3", "err": "All connection attempts failed", "event": "sync.traffic_failed", "level": "warning", "timestamp": "2026-09-28T15:48:56.650240Z"}
{"email": "tg8468512348-ca791fcc", "err": "All connection attempts failed", "event": "sync.traffic_failed", "level": "warning", "timestamp": "2026-09-28T15:48:56.651783Z"}
{"email": "tg8468512348-414763c5", "err": "All connection attempts failed", "event": "sync.traffic_failed", "level": "warning", "timestamp": "2026-09-28T15:48:56.653452Z"}
{"email": "tg8468512348-401776d8", "err": "All connection attempts failed", "event": "sync.traffic_failed", "level": "warning", "timestamp": "2026-09-28T15:48:56.656232Z"}
{"email": "tg8468512348-0799d731", "err": "All connection attempts failed", "event": "sync.traffic_failed", "level": "warning", "timestamp": "2026-09-28T15:48:56.657418Z"}
{"email": "tg8468512348-7a60e445", "err": "All connection attempts failed", "event": "sync.traffic_failed", "level": "warning", "timestamp": "2026-09-28T15:48:56.659472Z"}
{"email": "tg8468512348-b36fde64", "err": "All connection attempts failed", "event": "sync.traffic_failed", "level": "warning", "timestamp": "2026-09-28T15:48:56.661868Z"}
{"email": "tg8468512348-0a8dd48c", "err": "All connection attempts failed", "event": "sync.traffic_failed", "level": "warning", "timestamp": "2026-09-28T15:48:56.664394Z"}
{"email": "tg8468512348-0fe1b387", "err": "All connection attempts failed", "event": "sync.traffic_failed", "level": "warning", "timestamp": "2026-09-28T15:48:56.668330Z"}
{"email": "tg8468512348-5971502c", "err": "All connection attempts failed", "event": "sync.traffic_failed", "level": "warning", "timestamp": "2026-09-28T15:48:56.670805Z"}
{"updated": 5, "event": "sync_traffic.done", "level": "info", "timestamp": "2026-09-28T15:48:57.124306Z"}
{"email": "tg5435975876-5b782c49", "err": "All connection attempts failed", "event": "sync.traffic_failed", "level": "warning", "timestamp": "2026-09-28T16:03:56.686958Z"}
{"email": "web-ad78af6c", "err": "All connection attempts failed", "event": "sync.traffic_failed", "level": "warning", "timestamp": "2026-09-28T16:03:56.689429Z"}
{"email": "tg8468512348-fdeabd2c", "err": "All connection attempts failed", "event": "sync.traffic_failed", "level": "warning", "timestamp": "2026-09-28T16:03:56.691892Z"}
{"email": "tg8468512348-aa6853d6", "err": "All connection attempts failed", "event": "sync.traffic_failed", "level": "warning", "timestamp": "2026-09-28T16:03:56.694832Z"}
{"email": "tg8468512348-64f025a5", "err": "All connection attempts failed", "event": "sync.traffic_failed", "level": "warning", "timestamp": "2026-09-28T16:03:56.700594Z"}
{"email": "tg8468512348-ccebd3fa", "err": "All connection attempts failed", "event": "sync.traffic_failed", "level": "warning", "timestamp": "2026-09-28T16:03:56.703203Z"}
{"email": "tg8468512348-b7febaa3", "err": "All connection attempts failed", "event": "sync.traffic_failed", "level": "warning", "timestamp": "2026-09-28T16:03:56.706960Z"}
{"email": "tg8468512348-ca791fcc", "err": "All connection attempts failed", "event": "sync.traffic_failed", "level": "warning", "timestamp": "2026-09-28T16:03:56.709934Z"}
{"email": "tg8468512348-414763c5", "err": "All connection attempts failed", "event": "sync.traffic_failed", "level": "warning", "timestamp": "2026-09-28T16:03:56.712647Z"}
{"email": "tg8468512348-401776d8", "err": "All connection attempts failed", "event": "sync.traffic_failed", "level": "warning", "timestamp": "2026-09-28T16:03:56.716914Z"}
{"email": "tg8468512348-0799d731", "err": "All connection attempts failed", "event": "sync.traffic_failed", "level": "warning", "timestamp": "2026-09-28T16:03:56.718225Z"}
{"email": "tg8468512348-7a60e445", "err": "All connection attempts failed", "event": "sync.traffic_failed", "level": "warning", "timestamp": "2026-09-28T16:03:56.719164Z"}
{"email": "tg8468512348-b36fde64", "err": "All connection attempts failed", "event": "sync.traffic_failed", "level": "warning", "timestamp": "2026-09-28T16:03:56.721258Z"}
{"email": "tg8468512348-0a8dd48c", "err": "All connection attempts failed", "event": "sync.traffic_failed", "level": "warning", "timestamp": "2026-09-28T16:03:56.722445Z"}
{"email": "tg8468512348-0fe1b387", "err": "All connection attempts failed", "event": "sync.traffic_failed", "level": "warning", "timestamp": "2026-09-28T16:03:56.723845Z"}
{"email": "tg8468512348-5971502c", "err": "All connection attempts failed", "event": "sync.traffic_failed", "level": "warning", "timestamp": "2026-09-28T16:03:56.725567Z"}
{"updated": 5, "event": "sync_traffic.done", "level": "info", "timestamp": "2026-09-28T16:03:57.332263Z"}
{"email": "tg5435975876-5b782c49", "err": "All connection attempts failed", "event": "sync.traffic_failed", "level": "warning", "timestamp": "2026-09-28T16:18:56.666357Z"}
{"email": "web-ad78af6c", "err": "All connection attempts failed", "event": "sync.traffic_failed", "level": "warning", "timestamp": "2026-09-28T16:18:56.668914Z"}
{"email": "tg8468512348-fdeabd2c", "err": "All connection attempts failed", "event": "sync.traffic_failed", "level": "warning", "timestamp": "2026-09-28T16:18:56.671695Z"}
{"email": "tg8468512348-aa6853d6", "err": "All connection attempts failed", "event": "sync.traffic_failed", "level": "warning", "timestamp": "2026-09-28T16:18:56.674752Z"}
{"email": "tg8468512348-64f025a5", "err": "All connection attempts failed", "event": "sync.traffic_failed", "level": "warning", "timestamp": "2026-09-28T16:18:56.677697Z"}
{"email": "tg8468512348-ccebd3fa", "err": "All connection attempts failed", "event": "sync.traffic_failed", "level": "warning", "timestamp": "2026-09-28T16:18:56.679435Z"}
{"email": "tg8468512348-b7febaa3", "err": "All connection attempts failed", "event": "sync.traffic_failed", "level": "warning", "timestamp": "2026-09-28T16:18:56.681478Z"}
{"email": "tg8468512348-ca791fcc", "err": "All connection attempts failed", "event": "sync.traffic_failed", "level": "warning", "timestamp": "2026-09-28T16:18:56.683365Z"}
{"email": "tg8468512348-414763c5", "err": "All connection attempts failed", "event": "sync.traffic_failed", "level": "warning", "timestamp": "2026-09-28T16:18:56.685015Z"}
{"email": "tg8468512348-401776d8", "err": "All connection attempts failed", "event": "sync.traffic_failed", "level": "warning", "timestamp": "2026-09-28T16:18:56.690063Z"}
{"email": "tg8468512348-0799d731", "err": "All connection attempts failed", "event": "sync.traffic_failed", "level": "warning", "timestamp": "2026-09-28T16:18:56.694004Z"}
{"email": "tg8468512348-7a60e445", "err": "All connection attempts failed", "event": "sync.traffic_failed", "level": "warning", "timestamp": "2026-09-28T16:18:56.697326Z"}
{"email": "tg8468512348-b36fde64", "err": "All connection attempts failed", "event": "sync.traffic_failed", "level": "warning", "timestamp": "2026-09-28T16:18:56.699079Z"}
{"email": "tg8468512348-0a8dd48c", "err": "All connection attempts failed", "event": "sync.traffic_failed", "level": "warning", "timestamp": "2026-09-28T16:18:56.700957Z"}
{"email": "tg8468512348-0fe1b387", "err": "All connection attempts failed", "event": "sync.traffic_failed", "level": "warning", "timestamp": "2026-09-28T16:18:56.702706Z"}
{"email": "tg8468512348-5971502c", "err": "All connection attempts failed", "event": "sync.traffic_failed", "level": "warning", "timestamp": "2026-09-28T16:18:56.705360Z"}
{"updated": 5, "event": "sync_traffic.done", "level": "info", "timestamp": "2026-09-28T16:18:57.250128Z"}
{"email": "tg5435975876-5b782c49", "err": "All connection attempts failed", "event": "sync.traffic_failed", "level": "warning", "timestamp": "2026-09-28T16:33:56.727627Z"}
{"email": "web-ad78af6c", "err": "All connection attempts failed", "event": "sync.traffic_failed", "level": "warning", "timestamp": "2026-09-28T16:33:56.736397Z"}
{"server": "lv", "err": "All connection attempts failed", "event": "reconcile.panel_unreachable", "level": "warning", "timestamp": "2026-09-28T16:33:56.738867Z"}
{"email": "tg8468512348-fdeabd2c", "err": "All connection attempts failed", "event": "sync.traffic_failed", "level": "warning", "timestamp": "2026-09-28T16:33:56.817875Z"}
{"email": "tg8468512348-aa6853d6", "err": "All connection attempts failed", "event": "sync.traffic_failed", "level": "warning", "timestamp": "2026-09-28T16:33:56.820323Z"}
{"email": "tg8468512348-64f025a5", "err": "All connection attempts failed", "event": "sync.traffic_failed", "level": "warning", "timestamp": "2026-09-28T16:33:56.826569Z"}
{"email": "tg8468512348-ccebd3fa", "err": "All connection attempts failed", "event": "sync.traffic_failed", "level": "warning", "timestamp": "2026-09-28T16:33:56.831208Z"}
{"email": "tg8468512348-b7febaa3", "err": "All connection attempts failed", "event": "sync.traffic_failed", "level": "warning", "timestamp": "2026-09-28T16:33:56.834833Z"}
{"email": "tg8468512348-ca791fcc", "err": "All connection attempts failed", "event": "sync.traffic_failed", "level": "warning", "timestamp": "2026-09-28T16:33:56.837777Z"}
{"email": "tg8468512348-414763c5", "err": "All connection attempts failed", "event": "sync.traffic_failed", "level": "warning", "timestamp": "2026-09-28T16:33:56.839683Z"}
{"email": "tg8468512348-401776d8", "err": "All connection attempts failed", "event": "sync.traffic_failed", "level": "warning", "timestamp": "2026-09-28T16:33:56.842399Z"}
{"email": "tg8468512348-0799d731", "err": "All connection attempts failed", "event": "sync.traffic_failed", "level": "warning", "timestamp": "2026-09-28T16:33:56.850287Z"}
{"email": "tg8468512348-7a60e445", "err": "All connection attempts failed", "event": "sync.traffic_failed", "level": "warning", "timestamp": "2026-09-28T16:33:56.852709Z"}
{"email": "tg8468512348-b36fde64", "err": "All connection attempts failed", "event": "sync.traffic_failed", "level": "warning", "timestamp": "2026-09-28T16:33:56.854479Z"}
{"email": "tg8468512348-0a8dd48c", "err": "All connection attempts failed", "event": "sync.traffic_failed", "level": "warning", "timestamp": "2026-09-28T16:33:56.857820Z"}
{"email": "tg8468512348-0fe1b387", "err": "All connection attempts failed", "event": "sync.traffic_failed", "level": "warning", "timestamp": "2026-09-28T16:33:56.859614Z"}
{"email": "tg8468512348-5971502c", "err": "All connection attempts failed", "event": "sync.traffic_failed", "level": "warning", "timestamp": "2026-09-28T16:33:56.861550Z"}
{"updated": 5, "event": "sync_traffic.done", "level": "info", "timestamp": "2026-09-28T16:33:57.426208Z"}
{"email": "tg5435975876-5b782c49", "err": "All connection attempts failed", "event": "sync.traffic_failed", "level": "warning", "timestamp": "2026-09-28T16:48:56.646949Z"}
{"email": "web-ad78af6c", "err": "All connection attempts failed", "event": "sync.traffic_failed", "level": "warning", "timestamp": "2026-09-28T16:48:56.649288Z"}
{"email": "tg8468512348-fdeabd2c", "err": "All connection attempts failed", "event": "sync.traffic_failed", "level": "warning", "timestamp": "2026-09-28T16:48:56.650932Z"}
{"email": "tg8468512348-aa6853d6", "err": "All connection attempts failed", "event": "sync.traffic_failed", "level": "warning", "timestamp": "2026-09-28T16:48:56.652572Z"}
{"email": "tg8468512348-64f025a5", "err": "All connection attempts failed", "event": "sync.traffic_failed", "level": "warning", "timestamp": "2026-09-28T16:48:56.654690Z"}
{"email": "tg8468512348-ccebd3fa", "err": "All connection attempts failed", "event": "sync.traffic_failed", "level": "warning", "timestamp": "2026-09-28T16:48:56.656052Z"}
{"email": "tg8468512348-b7febaa3", "err": "All connection attempts failed", "event": "sync.traffic_failed", "level": "warning", "timestamp": "2026-09-28T16:48:56.657402Z"}
{"email": "tg8468512348-ca791fcc", "err": "All connection attempts failed", "event": "sync.traffic_failed", "level": "warning", "timestamp": "2026-09-28T16:48:56.658747Z"}
{"email": "tg8468512348-414763c5", "err": "All connection attempts failed", "event": "sync.traffic_failed", "level": "warning", "timestamp": "2026-09-28T16:48:56.660166Z"}
{"email": "tg8468512348-401776d8", "err": "All connection attempts failed", "event": "sync.traffic_failed", "level": "warning", "timestamp": "2026-09-28T16:48:56.661870Z"}
{"email": "tg8468512348-0799d731", "err": "All connection attempts failed", "event": "sync.traffic_failed", "level": "warning", "timestamp": "2026-09-28T16:48:56.663775Z"}
{"email": "tg8468512348-7a60e445", "err": "All connection attempts failed", "event": "sync.traffic_failed", "level": "warning", "timestamp": "2026-09-28T16:48:56.665159Z"}
{"email": "tg8468512348-b36fde64", "err": "All connection attempts failed", "event": "sync.traffic_failed", "level": "warning", "timestamp": "2026-09-28T16:48:56.666427Z"}
{"email": "tg8468512348-0a8dd48c", "err": "All connection attempts failed", "event": "sync.traffic_failed", "level": "warning", "timestamp": "2026-09-28T16:48:56.667699Z"}
{"email": "tg8468512348-0fe1b387", "err": "All connection attempts failed", "event": "sync.traffic_failed", "level": "warning", "timestamp": "2026-09-28T16:48:56.669370Z"}
{"email": "tg8468512348-5971502c", "err": "All connection attempts failed", "event": "sync.traffic_failed", "level": "warning", "timestamp": "2026-09-28T16:48:56.670796Z"}
{"updated": 5, "event": "sync_traffic.done", "level": "info", "timestamp": "2026-09-28T16:48:57.165896Z"}
{"email": "tg5435975876-5b782c49", "err": "All connection attempts failed", "event": "sync.traffic_failed", "level": "warning", "timestamp": "2026-09-28T17:03:56.673996Z"}
{"email": "web-ad78af6c", "err": "All connection attempts failed", "event": "sync.traffic_failed", "level": "warning", "timestamp": "2026-09-28T17:03:56.676447Z"}
{"email": "tg8468512348-fdeabd2c", "err": "All connection attempts failed", "event": "sync.traffic_failed", "level": "warning", "timestamp": "2026-09-28T17:03:56.678596Z"}
{"email": "tg8468512348-aa6853d6", "err": "All connection attempts failed", "event": "sync.traffic_failed", "level": "warning", "timestamp": "2026-09-28T17:03:56.681581Z"}
{"email": "tg8468512348-64f025a5", "err": "All connection attempts failed", "event": "sync.traffic_failed", "level": "warning", "timestamp": "2026-09-28T17:03:56.686115Z"}
{"email": "tg8468512348-ccebd3fa", "err": "All connection attempts failed", "event": "sync.traffic_failed", "level": "warning", "timestamp": "2026-09-28T17:03:56.688731Z"}
{"email": "tg8468512348-b7febaa3", "err": "All connection attempts failed", "event": "sync.traffic_failed", "level": "warning", "timestamp": "2026-09-28T17:03:56.692655Z"}
{"email": "tg8468512348-ca791fcc", "err": "All connection attempts failed", "event": "sync.traffic_failed", "level": "warning", "timestamp": "2026-09-28T17:03:56.694449Z"}
{"email": "tg8468512348-414763c5", "err": "All connection attempts failed", "event": "sync.traffic_failed", "level": "warning", "timestamp": "2026-09-28T17:03:56.699193Z"}
{"email": "tg8468512348-401776d8", "err": "All connection attempts failed", "event": "sync.traffic_failed", "level": "warning", "timestamp": "2026-09-28T17:03:56.703344Z"}
{"email": "tg8468512348-0799d731", "err": "All connection attempts failed", "event": "sync.traffic_failed", "level": "warning", "timestamp": "2026-09-28T17:03:56.711152Z"}
{"email": "tg8468512348-7a60e445", "err": "All connection attempts failed", "event": "sync.traffic_failed", "level": "warning", "timestamp": "2026-09-28T17:03:56.713306Z"}
{"email": "tg8468512348-b36fde64", "err": "All connection attempts failed", "event": "sync.traffic_failed", "level": "warning", "timestamp": "2026-09-28T17:03:56.716301Z"}
{"email": "tg8468512348-0a8dd48c", "err": "All connection attempts failed", "event": "sync.traffic_failed", "level": "warning", "timestamp": "2026-09-28T17:03:56.718619Z"}
{"email": "tg8468512348-0fe1b387", "err": "All connection attempts failed", "event": "sync.traffic_failed", "level": "warning", "timestamp": "2026-09-28T17:03:56.720344Z"}
{"email": "tg8468512348-5971502c", "err": "All connection attempts failed", "event": "sync.traffic_failed", "level": "warning", "timestamp": "2026-09-28T17:03:56.721873Z"}
{"updated": 5, "event": "sync_traffic.done", "level": "info", "timestamp": "2026-09-28T17:03:57.202952Z"}
{"email": "tg5435975876-5b782c49", "err": "All connection attempts failed", "event": "sync.traffic_failed", "level": "warning", "timestamp": "2026-09-28T17:18:56.662988Z"}
{"email": "web-ad78af6c", "err": "All connection attempts failed", "event": "sync.traffic_failed", "level": "warning", "timestamp": "2026-09-28T17:18:56.665672Z"}
{"email": "tg8468512348-fdeabd2c", "err": "All connection attempts failed", "event": "sync.traffic_failed", "level": "warning", "timestamp": "2026-09-28T17:18:56.667569Z"}
{"email": "tg8468512348-aa6853d6", "err": "All connection attempts failed", "event": "sync.traffic_failed", "level": "warning", "timestamp": "2026-09-28T17:18:56.669392Z"}
{"email": "tg8468512348-64f025a5", "err": "All connection attempts failed", "event": "sync.traffic_failed", "level": "warning", "timestamp": "2026-09-28T17:18:56.675270Z"}
{"email": "tg8468512348-ccebd3fa", "err": "All connection attempts failed", "event": "sync.traffic_failed", "level": "warning", "timestamp": "2026-09-28T17:18:56.677475Z"}
{"email": "tg8468512348-b7febaa3", "err": "All connection attempts failed", "event": "sync.traffic_failed", "level": "warning", "timestamp": "2026-09-28T17:18:56.679633Z"}
{"email": "tg8468512348-ca791fcc", "err": "All connection attempts failed", "event": "sync.traffic_failed", "level": "warning", "timestamp": "2026-09-28T17:18:56.681552Z"}
{"email": "tg8468512348-414763c5", "err": "All connection attempts failed", "event": "sync.traffic_failed", "level": "warning", "timestamp": "2026-09-28T17:18:56.683062Z"}
{"email": "tg8468512348-401776d8", "err": "All connection attempts failed", "event": "sync.traffic_failed", "level": "warning", "timestamp": "2026-09-28T17:18:56.685440Z"}
{"email": "tg8468512348-0799d731", "err": "All connection attempts failed", "event": "sync.traffic_failed", "level": "warning", "timestamp": "2026-09-28T17:18:56.687016Z"}
{"email": "tg8468512348-7a60e445", "err": "All connection attempts failed", "event": "sync.traffic_failed", "level": "warning", "timestamp": "2026-09-28T17:18:56.688779Z"}
{"email": "tg8468512348-b36fde64", "err": "All connection attempts failed", "event": "sync.traffic_failed", "level": "warning", "timestamp": "2026-09-28T17:18:56.692999Z"}
{"email": "tg8468512348-0a8dd48c", "err": "All connection attempts failed", "event": "sync.traffic_failed", "level": "warning", "timestamp": "2026-09-28T17:18:56.695004Z"}
{"email": "tg8468512348-0fe1b387", "err": "All connection attempts failed", "event": "sync.traffic_failed", "level": "warning", "timestamp": "2026-09-28T17:18:56.696906Z"}
{"email": "tg8468512348-5971502c", "err": "All connection attempts failed", "event": "sync.traffic_failed", "level": "warning", "timestamp": "2026-09-28T17:18:56.699156Z"}
{"updated": 5, "event": "sync_traffic.done", "level": "info", "timestamp": "2026-09-28T17:18:57.205157Z"}
{"email": "tg5435975876-5b782c49", "err": "All connection attempts failed", "event": "sync.traffic_failed", "level": "warning", "timestamp": "2026-09-28T17:33:56.685575Z"}
{"email": "web-ad78af6c", "err": "All connection attempts failed", "event": "sync.traffic_failed", "level": "warning", "timestamp": "2026-09-28T17:33:56.689253Z"}
{"email": "tg8468512348-fdeabd2c", "err": "All connection attempts failed", "event": "sync.traffic_failed", "level": "warning", "timestamp": "2026-09-28T17:33:56.692759Z"}
{"email": "tg8468512348-aa6853d6", "err": "All connection attempts failed", "event": "sync.traffic_failed", "level": "warning", "timestamp": "2026-09-28T17:33:56.694966Z"}
{"email": "tg8468512348-64f025a5", "err": "All connection attempts failed", "event": "sync.traffic_failed", "level": "warning", "timestamp": "2026-09-28T17:33:56.698932Z"}
{"email": "tg8468512348-ccebd3fa", "err": "All connection attempts failed", "event": "sync.traffic_failed", "level": "warning", "timestamp": "2026-09-28T17:33:56.703772Z"}
{"email": "tg8468512348-b7febaa3", "err": "All connection attempts failed", "event": "sync.traffic_failed", "level": "warning", "timestamp": "2026-09-28T17:33:56.707540Z"}
{"email": "tg8468512348-ca791fcc", "err": "All connection attempts failed", "event": "sync.traffic_failed", "level": "warning", "timestamp": "2026-09-28T17:33:56.710643Z"}
{"email": "tg8468512348-414763c5", "err": "All connection attempts failed", "event": "sync.traffic_failed", "level": "warning", "timestamp": "2026-09-28T17:33:56.713924Z"}
{"email": "tg8468512348-401776d8", "err": "All connection attempts failed", "event": "sync.traffic_failed", "level": "warning", "timestamp": "2026-09-28T17:33:56.715977Z"}
{"email": "tg8468512348-0799d731", "err": "All connection attempts failed", "event": "sync.traffic_failed", "level": "warning", "timestamp": "2026-09-28T17:33:56.717882Z"}
{"email": "tg8468512348-7a60e445", "err": "All connection attempts failed", "event": "sync.traffic_failed", "level": "warning", "timestamp": "2026-09-28T17:33:56.719538Z"}
{"email": "tg8468512348-b36fde64", "err": "All connection attempts failed", "event": "sync.traffic_failed", "level": "warning", "timestamp": "2026-09-28T17:33:56.721303Z"}
{"email": "tg8468512348-0a8dd48c", "err": "All connection attempts failed", "event": "sync.traffic_failed", "level": "warning", "timestamp": "2026-09-28T17:33:56.722835Z"}
{"email": "tg8468512348-0fe1b387", "err": "All connection attempts failed", "event": "sync.traffic_failed", "level": "warning", "timestamp": "2026-09-28T17:33:56.724362Z"}
{"email": "tg8468512348-5971502c", "err": "All connection attempts failed", "event": "sync.traffic_failed", "level": "warning", "timestamp": "2026-09-28T17:33:56.726890Z"}
{"updated": 5, "event": "sync_traffic.done", "level": "info", "timestamp": "2026-09-28T17:33:57.252458Z"}
{"email": "tg5435975876-5b782c49", "err": "All connection attempts failed", "event": "sync.traffic_failed", "level": "warning", "timestamp": "2026-09-28T17:48:56.638636Z"}
{"email": "web-ad78af6c", "err": "All connection attempts failed", "event": "sync.traffic_failed", "level": "warning", "timestamp": "2026-09-28T17:48:56.641019Z"}
{"email": "tg8468512348-fdeabd2c", "err": "All connection attempts failed", "event": "sync.traffic_failed", "level": "warning", "timestamp": "2026-09-28T17:48:56.642650Z"}
{"email": "tg8468512348-aa6853d6", "err": "All connection attempts failed", "event": "sync.traffic_failed", "level": "warning", "timestamp": "2026-09-28T17:48:56.644037Z"}
{"email": "tg8468512348-64f025a5", "err": "All connection attempts failed", "event": "sync.traffic_failed", "level": "warning", "timestamp": "2026-09-28T17:48:56.645673Z"}
{"email": "tg8468512348-ccebd3fa", "err": "All connection attempts failed", "event": "sync.traffic_failed", "level": "warning", "timestamp": "2026-09-28T17:48:56.646849Z"}
{"email": "tg8468512348-b7febaa3", "err": "All connection attempts failed", "event": "sync.traffic_failed", "level": "warning", "timestamp": "2026-09-28T17:48:56.648100Z"}
{"email": "tg8468512348-ca791fcc", "err": "All connection attempts failed", "event": "sync.traffic_failed", "level": "warning", "timestamp": "2026-09-28T17:48:56.649053Z"}
{"email": "tg8468512348-414763c5", "err": "All connection attempts failed", "event": "sync.traffic_failed", "level": "warning", "timestamp": "2026-09-28T17:48:56.650379Z"}
{"email": "tg8468512348-401776d8", "err": "All connection attempts failed", "event": "sync.traffic_failed", "level": "warning", "timestamp": "2026-09-28T17:48:56.652786Z"}
{"email": "tg8468512348-0799d731", "err": "All connection attempts failed", "event": "sync.traffic_failed", "level": "warning", "timestamp": "2026-09-28T17:48:56.653905Z"}
{"email": "tg8468512348-7a60e445", "err": "All connection attempts failed", "event": "sync.traffic_failed", "level": "warning", "timestamp": "2026-09-28T17:48:56.655235Z"}
{"email": "tg8468512348-b36fde64", "err": "All connection attempts failed", "event": "sync.traffic_failed", "level": "warning", "timestamp": "2026-09-28T17:48:56.656453Z"}
{"email": "tg8468512348-0a8dd48c", "err": "All connection attempts failed", "event": "sync.traffic_failed", "level": "warning", "timestamp": "2026-09-28T17:48:56.657662Z"}
{"email": "tg8468512348-0fe1b387", "err": "All connection attempts failed", "event": "sync.traffic_failed", "level": "warning", "timestamp": "2026-09-28T17:48:56.658804Z"}
{"email": "tg8468512348-5971502c", "err": "All connection attempts failed", "event": "sync.traffic_failed", "level": "warning", "timestamp": "2026-09-28T17:48:56.660600Z"}
{"updated": 5, "event": "sync_traffic.done", "level": "info", "timestamp": "2026-09-28T17:48:57.154223Z"}
{"email": "tg5435975876-5b782c49", "err": "All connection attempts failed", "event": "sync.traffic_failed", "level": "warning", "timestamp": "2026-09-28T18:03:56.726680Z"}
{"email": "web-ad78af6c", "err": "All connection attempts failed", "event": "sync.traffic_failed", "level": "warning", "timestamp": "2026-09-28T18:03:56.731596Z"}
{"email": "tg8468512348-fdeabd2c", "err": "All connection attempts failed", "event": "sync.traffic_failed", "level": "warning", "timestamp": "2026-09-28T18:03:56.736057Z"}
{"email": "tg8468512348-aa6853d6", "err": "All connection attempts failed", "event": "sync.traffic_failed", "level": "warning", "timestamp": "2026-09-28T18:03:56.740840Z"}
{"email": "tg8468512348-64f025a5", "err": "All connection attempts failed", "event": "sync.traffic_failed", "level": "warning", "timestamp": "2026-09-28T18:03:56.743372Z"}
{"email": "tg8468512348-ccebd3fa", "err": "All connection attempts failed", "event": "sync.traffic_failed", "level": "warning", "timestamp": "2026-09-28T18:03:56.746254Z"}
{"email": "tg8468512348-b7febaa3", "err": "All connection attempts failed", "event": "sync.traffic_failed", "level": "warning", "timestamp": "2026-09-28T18:03:56.748959Z"}
{"email": "tg8468512348-ca791fcc", "err": "All connection attempts failed", "event": "sync.traffic_failed", "level": "warning", "timestamp": "2026-09-28T18:03:56.751279Z"}
{"email": "tg8468512348-414763c5", "err": "All connection attempts failed", "event": "sync.traffic_failed", "level": "warning", "timestamp": "2026-09-28T18:03:56.752880Z"}
{"email": "tg8468512348-401776d8", "err": "All connection attempts failed", "event": "sync.traffic_failed", "level": "warning", "timestamp": "2026-09-28T18:03:56.754272Z"}
{"email": "tg8468512348-0799d731", "err": "All connection attempts failed", "event": "sync.traffic_failed", "level": "warning", "timestamp": "2026-09-28T18:03:56.755757Z"}
{"email": "tg8468512348-7a60e445", "err": "All connection attempts failed", "event": "sync.traffic_failed", "level": "warning", "timestamp": "2026-09-28T18:03:56.758205Z"}
{"email": "tg8468512348-b36fde64", "err": "All connection attempts failed", "event": "sync.traffic_failed", "level": "warning", "timestamp": "2026-09-28T18:03:56.759581Z"}
{"email": "tg8468512348-0a8dd48c", "err": "All connection attempts failed", "event": "sync.traffic_failed", "level": "warning", "timestamp": "2026-09-28T18:03:56.760998Z"}
{"email": "tg8468512348-0fe1b387", "err": "All connection attempts failed", "event": "sync.traffic_failed", "level": "warning", "timestamp": "2026-09-28T18:03:56.762339Z"}
{"email": "tg8468512348-5971502c", "err": "All connection attempts failed", "event": "sync.traffic_failed", "level": "warning", "timestamp": "2026-09-28T18:03:56.764003Z"}
{"updated": 5, "event": "sync_traffic.done", "level": "info", "timestamp": "2026-09-28T18:03:57.315303Z"}
{"email": "tg5435975876-5b782c49", "err": "All connection attempts failed", "event": "sync.traffic_failed", "level": "warning", "timestamp": "2026-09-28T18:18:56.626147Z"}
{"email": "web-ad78af6c", "err": "All connection attempts failed", "event": "sync.traffic_failed", "level": "warning", "timestamp": "2026-09-28T18:18:56.628273Z"}
{"email": "tg8468512348-fdeabd2c", "err": "All connection attempts failed", "event": "sync.traffic_failed", "level": "warning", "timestamp": "2026-09-28T18:18:56.629636Z"}
{"email": "tg8468512348-aa6853d6", "err": "All connection attempts failed", "event": "sync.traffic_failed", "level": "warning", "timestamp": "2026-09-28T18:18:56.630940Z"}
{"email": "tg8468512348-64f025a5", "err": "All connection attempts failed", "event": "sync.traffic_failed", "level": "warning", "timestamp": "2026-09-28T18:18:56.632990Z"}
{"email": "tg8468512348-ccebd3fa", "err": "All connection attempts failed", "event": "sync.traffic_failed", "level": "warning", "timestamp": "2026-09-28T18:18:56.634387Z"}
{"email": "tg8468512348-b7febaa3", "err": "All connection attempts failed", "event": "sync.traffic_failed", "level": "warning", "timestamp": "2026-09-28T18:18:56.636315Z"}
{"email": "tg8468512348-ca791fcc", "err": "All connection attempts failed", "event": "sync.traffic_failed", "level": "warning", "timestamp": "2026-09-28T18:18:56.638113Z"}
{"email": "tg8468512348-414763c5", "err": "All connection attempts failed", "event": "sync.traffic_failed", "level": "warning", "timestamp": "2026-09-28T18:18:56.639604Z"}
{"email": "tg8468512348-401776d8", "err": "All connection attempts failed", "event": "sync.traffic_failed", "level": "warning", "timestamp": "2026-09-28T18:18:56.641593Z"}
{"email": "tg8468512348-0799d731", "err": "All connection attempts failed", "event": "sync.traffic_failed", "level": "warning", "timestamp": "2026-09-28T18:18:56.643010Z"}
{"email": "tg8468512348-7a60e445", "err": "All connection attempts failed", "event": "sync.traffic_failed", "level": "warning", "timestamp": "2026-09-28T18:18:56.644427Z"}
{"email": "tg8468512348-b36fde64", "err": "All connection attempts failed", "event": "sync.traffic_failed", "level": "warning", "timestamp": "2026-09-28T18:18:56.645649Z"}
{"email": "tg8468512348-0a8dd48c", "err": "All connection attempts failed", "event": "sync.traffic_failed", "level": "warning", "timestamp": "2026-09-28T18:18:56.646856Z"}
{"email": "tg8468512348-0fe1b387", "err": "All connection attempts failed", "event": "sync.traffic_failed", "level": "warning", "timestamp": "2026-09-28T18:18:56.648103Z"}
{"email": "tg8468512348-5971502c", "err": "All connection attempts failed", "event": "sync.traffic_failed", "level": "warning", "timestamp": "2026-09-28T18:18:56.650984Z"}
{"updated": 5, "event": "sync_traffic.done", "level": "info", "timestamp": "2026-09-28T18:18:57.192882Z"}
{"email": "tg5435975876-5b782c49", "err": "All connection attempts failed", "event": "sync.traffic_failed", "level": "warning", "timestamp": "2026-09-28T18:33:56.706577Z"}
{"email": "web-ad78af6c", "err": "All connection attempts failed", "event": "sync.traffic_failed", "level": "warning", "timestamp": "2026-09-28T18:33:56.710108Z"}
{"email": "tg8468512348-fdeabd2c", "err": "All connection attempts failed", "event": "sync.traffic_failed", "level": "warning", "timestamp": "2026-09-28T18:33:56.713660Z"}
{"email": "tg8468512348-aa6853d6", "err": "All connection attempts failed", "event": "sync.traffic_failed", "level": "warning", "timestamp": "2026-09-28T18:33:56.717908Z"}
{"email": "tg8468512348-64f025a5", "err": "All connection attempts failed", "event": "sync.traffic_failed", "level": "warning", "timestamp": "2026-09-28T18:33:56.720706Z"}
{"email": "tg8468512348-ccebd3fa", "err": "All connection attempts failed", "event": "sync.traffic_failed", "level": "warning", "timestamp": "2026-09-28T18:33:56.722811Z"}
{"email": "tg8468512348-b7febaa3", "err": "All connection attempts failed", "event": "sync.traffic_failed", "level": "warning", "timestamp": "2026-09-28T18:33:56.728760Z"}
{"email": "tg8468512348-ca791fcc", "err": "All connection attempts failed", "event": "sync.traffic_failed", "level": "warning", "timestamp": "2026-09-28T18:33:56.738728Z"}
{"email": "tg8468512348-414763c5", "err": "All connection attempts failed", "event": "sync.traffic_failed", "level": "warning", "timestamp": "2026-09-28T18:33:56.741653Z"}
{"email": "tg8468512348-401776d8", "err": "All connection attempts failed", "event": "sync.traffic_failed", "level": "warning", "timestamp": "2026-09-28T18:33:56.743389Z"}
{"email": "tg8468512348-0799d731", "err": "All connection attempts failed", "event": "sync.traffic_failed", "level": "warning", "timestamp": "2026-09-28T18:33:56.745018Z"}
{"email": "tg8468512348-7a60e445", "err": "All connection attempts failed", "event": "sync.traffic_failed", "level": "warning", "timestamp": "2026-09-28T18:33:56.746592Z"}
{"email": "tg8468512348-b36fde64", "err": "All connection attempts failed", "event": "sync.traffic_failed", "level": "warning", "timestamp": "2026-09-28T18:33:56.748178Z"}
{"email": "tg8468512348-0a8dd48c", "err": "All connection attempts failed", "event": "sync.traffic_failed", "level": "warning", "timestamp": "2026-09-28T18:33:56.749791Z"}
{"email": "tg8468512348-0fe1b387", "err": "All connection attempts failed", "event": "sync.traffic_failed", "level": "warning", "timestamp": "2026-09-28T18:33:56.752763Z"}
{"email": "tg8468512348-5971502c", "err": "All connection attempts failed", "event": "sync.traffic_failed", "level": "warning", "timestamp": "2026-09-28T18:33:56.754425Z"}
{"updated": 5, "event": "sync_traffic.done", "level": "info", "timestamp": "2026-09-28T18:33:57.334276Z"}
{"email": "tg5435975876-5b782c49", "err": "All connection attempts failed", "event": "sync.traffic_failed", "level": "warning", "timestamp": "2026-09-28T18:48:56.648330Z"}
{"email": "web-ad78af6c", "err": "All connection attempts failed", "event": "sync.traffic_failed", "level": "warning", "timestamp": "2026-09-28T18:48:56.650362Z"}
{"email": "tg8468512348-fdeabd2c", "err": "All connection attempts failed", "event": "sync.traffic_failed", "level": "warning", "timestamp": "2026-09-28T18:48:56.652030Z"}
{"email": "tg8468512348-aa6853d6", "err": "All connection attempts failed", "event": "sync.traffic_failed", "level": "warning", "timestamp": "2026-09-28T18:48:56.653890Z"}
{"email": "tg8468512348-64f025a5", "err": "All connection attempts failed", "event": "sync.traffic_failed", "level": "warning", "timestamp": "2026-09-28T18:48:56.656309Z"}
{"email": "tg8468512348-ccebd3fa", "err": "All connection attempts failed", "event": "sync.traffic_failed", "level": "warning", "timestamp": "2026-09-28T18:48:56.657813Z"}
{"email": "tg8468512348-b7febaa3", "err": "All connection attempts failed", "event": "sync.traffic_failed", "level": "warning", "timestamp": "2026-09-28T18:48:56.659451Z"}
{"email": "tg8468512348-ca791fcc", "err": "All connection attempts failed", "event": "sync.traffic_failed", "level": "warning", "timestamp": "2026-09-28T18:48:56.661208Z"}
{"email": "tg8468512348-414763c5", "err": "All connection attempts failed", "event": "sync.traffic_failed", "level": "warning", "timestamp": "2026-09-28T18:48:56.662992Z"}
{"email": "tg8468512348-401776d8", "err": "All connection attempts failed", "event": "sync.traffic_failed", "level": "warning", "timestamp": "2026-09-28T18:48:56.665167Z"}
{"email": "tg8468512348-0799d731", "err": "All connection attempts failed", "event": "sync.traffic_failed", "level": "warning", "timestamp": "2026-09-28T18:48:56.668615Z"}
{"email": "tg8468512348-7a60e445", "err": "All connection attempts failed", "event": "sync.traffic_failed", "level": "warning", "timestamp": "2026-09-28T18:48:56.670813Z"}
{"email": "tg8468512348-b36fde64", "err": "All connection attempts failed", "event": "sync.traffic_failed", "level": "warning", "timestamp": "2026-09-28T18:48:56.672773Z"}
{"email": "tg8468512348-0a8dd48c", "err": "All connection attempts failed", "event": "sync.traffic_failed", "level": "warning", "timestamp": "2026-09-28T18:48:56.674667Z"}
{"email": "tg8468512348-0fe1b387", "err": "All connection attempts failed", "event": "sync.traffic_failed", "level": "warning", "timestamp": "2026-09-28T18:48:56.676658Z"}
{"email": "tg8468512348-5971502c", "err": "All connection attempts failed", "event": "sync.traffic_failed", "level": "warning", "timestamp": "2026-09-28T18:48:56.679337Z"}
{"updated": 5, "event": "sync_traffic.done", "level": "info", "timestamp": "2026-09-28T18:48:57.173013Z"}
{"email": "tg5435975876-5b782c49", "err": "All connection attempts failed", "event": "sync.traffic_failed", "level": "warning", "timestamp": "2026-09-28T19:03:56.689211Z"}
{"email": "web-ad78af6c", "err": "All connection attempts failed", "event": "sync.traffic_failed", "level": "warning", "timestamp": "2026-09-28T19:03:56.692713Z"}
{"email": "tg8468512348-fdeabd2c", "err": "All connection attempts failed", "event": "sync.traffic_failed", "level": "warning", "timestamp": "2026-09-28T19:03:56.694637Z"}
{"email": "tg8468512348-aa6853d6", "err": "All connection attempts failed", "event": "sync.traffic_failed", "level": "warning", "timestamp": "2026-09-28T19:03:56.698428Z"}
{"email": "tg8468512348-64f025a5", "err": "All connection attempts failed", "event": "sync.traffic_failed", "level": "warning", "timestamp": "2026-09-28T19:03:56.703073Z"}
{"email": "tg8468512348-ccebd3fa", "err": "All connection attempts failed", "event": "sync.traffic_failed", "level": "warning", "timestamp": "2026-09-28T19:03:56.709746Z"}
{"email": "tg8468512348-b7febaa3", "err": "All connection attempts failed", "event": "sync.traffic_failed", "level": "warning", "timestamp": "2026-09-28T19:03:56.713699Z"}
{"email": "tg8468512348-ca791fcc", "err": "All connection attempts failed", "event": "sync.traffic_failed", "level": "warning", "timestamp": "2026-09-28T19:03:56.716579Z"}
{"email": "tg8468512348-414763c5", "err": "All connection attempts failed", "event": "sync.traffic_failed", "level": "warning", "timestamp": "2026-09-28T19:03:56.720220Z"}
{"email": "tg8468512348-401776d8", "err": "All connection attempts failed", "event": "sync.traffic_failed", "level": "warning", "timestamp": "2026-09-28T19:03:56.724142Z"}
{"email": "tg8468512348-0799d731", "err": "All connection attempts failed", "event": "sync.traffic_failed", "level": "warning", "timestamp": "2026-09-28T19:03:56.726739Z"}
{"email": "tg8468512348-7a60e445", "err": "All connection attempts failed", "event": "sync.traffic_failed", "level": "warning", "timestamp": "2026-09-28T19:03:56.729180Z"}
{"email": "tg8468512348-b36fde64", "err": "All connection attempts failed", "event": "sync.traffic_failed", "level": "warning", "timestamp": "2026-09-28T19:03:56.731754Z"}
{"email": "tg8468512348-0a8dd48c", "err": "All connection attempts failed", "event": "sync.traffic_failed", "level": "warning", "timestamp": "2026-09-28T19:03:56.736236Z"}
{"email": "tg8468512348-0fe1b387", "err": "All connection attempts failed", "event": "sync.traffic_failed", "level": "warning", "timestamp": "2026-09-28T19:03:56.738443Z"}
{"email": "tg8468512348-5971502c", "err": "All connection attempts failed", "event": "sync.traffic_failed", "level": "warning", "timestamp": "2026-09-28T19:03:56.740013Z"}
{"updated": 5, "event": "sync_traffic.done", "level": "info", "timestamp": "2026-09-28T19:03:57.251250Z"}
{"job": "reconcile_payments", "err": "", "tb": "-packages/httpx/_client.py\", line 1585, in request\n    return await self.send(request, auth=auth, follow_redirects=follow_redirects)\n           ^^^^^^^^^^^^^^^^^^^^^^^^^^^^^^^^^^^^^^^^^^^^^^^^^^^^^^^^^^^^^^^^^^^^^^\n  File \"/opt/vpn_tg/.venv/lib/python3.12/site-packages/httpx/_client.py\", line 1674, in send\n    response = await self._send_handling_auth(\n               ^^^^^^^^^^^^^^^^^^^^^^^^^^^^^^^\n  File \"/opt/vpn_tg/.venv/lib/python3.12/site-packages/httpx/_client.py\", line 1702, in _send_handling_auth\n    response = await self._send_handling_redirects(\n               ^^^^^^^^^^^^^^^^^^^^^^^^^^^^^^^^^^^^\n  File \"/opt/vpn_tg/.venv/lib/python3.12/site-packages/httpx/_client.py\", line 1739, in _send_handling_redirects\n    response = await self._send_single_request(request)\n               ^^^^^^^^^^^^^^^^^^^^^^^^^^^^^^^^^^^^^^^^\n  File \"/opt/vpn_tg/.venv/lib/python3.12/site-packages/httpx/_client.py\", line 1776, in _send_single_request\n    response = await transport.handle_async_request(request)\n               ^^^^^^^^^^^^^^^^^^^^^^^^^^^^^^^^^^^^^^^^^^^^^\n  File \"/opt/vpn_tg/.venv/lib/python3.12/site-packages/httpx/_transports/default.py\", line 376, in handle_async_request\n    with map_httpcore_exceptions():\n  File \"/usr/lib/python3.12/contextlib.py\", line 158, in __exit__\n    self.gen.throw(value)\n  File \"/opt/vpn_tg/.venv/lib/python3.12/site-packages/httpx/_transports/default.py\", line 89, in map_httpcore_exceptions\n    raise mapped_exc(message) from exc\nhttpx.ConnectTimeout\n", "event": "job.failed", "level": "error", "timestamp": "2026-09-28T19:04:11.785257Z"}
Job "reconcile_payments (trigger: interval[0:05:00], next run at: 2026-09-28 19:08:56 UTC)" raised an exception
Traceback (most recent call last):
  File "/opt/vpn_tg/.venv/lib/python3.12/site-packages/httpx/_transports/default.py", line 72, in map_httpcore_exceptions
    yield
  File "/opt/vpn_tg/.venv/lib/python3.12/site-packages/httpx/_transports/default.py", line 377, in handle_async_request
    resp = await self._pool.handle_async_request(req)
           ^^^^^^^^^^^^^^^^^^^^^^^^^^^^^^^^^^^^^^^^^^
  File "/opt/vpn_tg/.venv/lib/python3.12/site-packages/httpcore/_async/connection_pool.py", line 256, in handle_async_request
    raise exc from None
  File "/opt/vpn_tg/.venv/lib/python3.12/site-packages/httpcore/_async/connection_pool.py", line 236, in handle_async_request
    response = await connection.handle_async_request(
               ^^^^^^^^^^^^^^^^^^^^^^^^^^^^^^^^^^^^^^
  File "/opt/vpn_tg/.venv/lib/python3.12/site-packages/httpcore/_async/connection.py", line 101, in handle_async_request
    raise exc
  File "/opt/vpn_tg/.venv/lib/python3.12/site-packages/httpcore/_async/connection.py", line 78, in handle_async_request
    stream = await self._connect(request)
             ^^^^^^^^^^^^^^^^^^^^^^^^^^^^
  File "/opt/vpn_tg/.venv/lib/python3.12/site-packages/httpcore/_async/connection.py", line 156, in _connect
    stream = await stream.start_tls(**kwargs)
             ^^^^^^^^^^^^^^^^^^^^^^^^^^^^^^^^
  File "/opt/vpn_tg/.venv/lib/python3.12/site-packages/httpcore/_backends/anyio.py", line 67, in start_tls
    with map_exceptions(exc_map):
  File "/usr/lib/python3.12/contextlib.py", line 158, in __exit__
    self.gen.throw(value)
  File "/opt/vpn_tg/.venv/lib/python3.12/site-packages/httpcore/_exceptions.py", line 14, in map_exceptions
    raise to_exc(exc) from exc
httpcore.ConnectTimeout

The above exception was the direct cause of the following exception:

Traceback (most recent call last):
  File "/opt/vpn_tg/.venv/lib/python3.12/site-packages/apscheduler/executors/base_py3.py", line 30, in run_coroutine_job
    retval = await job.func(*job.args, **job.kwargs)
             ^^^^^^^^^^^^^^^^^^^^^^^^^^^^^^^^^^^^^^^
  File "/opt/vpn_tg/app/tasks/scheduler.py", line 34, in wrapper
    return await fn(*args, **kwargs)
           ^^^^^^^^^^^^^^^^^^^^^^^^^
  File "/opt/vpn_tg/app/tasks/jobs/__init__.py", line 183, in reconcile_payments
    return await reconcile_pending(session_factory, bot)
           ^^^^^^^^^^^^^^^^^^^^^^^^^^^^^^^^^^^^^^^^^^^^^
  File "/opt/vpn_tg/app/handlers/payments_yookassa.py", line 109, in reconcile_pending
    succeeded, _data = await yk.is_succeeded(str(api_id))
                       ^^^^^^^^^^^^^^^^^^^^^^^^^^^^^^^^^^
  File "/opt/vpn_tg/app/services/payments/yookassa.py", line 93, in is_succeeded
    data = await self.get_payment(payment_api_id)
           ^^^^^^^^^^^^^^^^^^^^^^^^^^^^^^^^^^^^^^
  File "/opt/vpn_tg/app/services/payments/yookassa.py", line 87, in get_payment
    resp = await self._http.get(f"/payments/{payment_api_id}", headers=self._auth_headers())
           ^^^^^^^^^^^^^^^^^^^^^^^^^^^^^^^^^^^^^^^^^^^^^^^^^^^^^^^^^^^^^^^^^^^^^^^^^^^^^^^^^
  File "/opt/vpn_tg/.venv/lib/python3.12/site-packages/httpx/_client.py", line 1814, in get
    return await self.request(
           ^^^^^^^^^^^^^^^^^^^
  File "/opt/vpn_tg/.venv/lib/python3.12/site-packages/httpx/_client.py", line 1585, in request
    return await self.send(request, auth=auth, follow_redirects=follow_redirects)
           ^^^^^^^^^^^^^^^^^^^^^^^^^^^^^^^^^^^^^^^^^^^^^^^^^^^^^^^^^^^^^^^^^^^^^^
  File "/opt/vpn_tg/.venv/lib/python3.12/site-packages/httpx/_client.py", line 1674, in send
    response = await self._send_handling_auth(
               ^^^^^^^^^^^^^^^^^^^^^^^^^^^^^^^
  File "/opt/vpn_tg/.venv/lib/python3.12/site-packages/httpx/_client.py", line 1702, in _send_handling_auth
    response = await self._send_handling_redirects(
               ^^^^^^^^^^^^^^^^^^^^^^^^^^^^^^^^^^^^
  File "/opt/vpn_tg/.venv/lib/python3.12/site-packages/httpx/_client.py", line 1739, in _send_handling_redirects
    response = await self._send_single_request(request)
               ^^^^^^^^^^^^^^^^^^^^^^^^^^^^^^^^^^^^^^^^
  File "/opt/vpn_tg/.venv/lib/python3.12/site-packages/httpx/_client.py", line 1776, in _send_single_request
    response = await transport.handle_async_request(request)
               ^^^^^^^^^^^^^^^^^^^^^^^^^^^^^^^^^^^^^^^^^^^^^
  File "/opt/vpn_tg/.venv/lib/python3.12/site-packages/httpx/_transports/default.py", line 376, in handle_async_request
    with map_httpcore_exceptions():
  File "/usr/lib/python3.12/contextlib.py", line 158, in __exit__
    self.gen.throw(value)
  File "/opt/vpn_tg/.venv/lib/python3.12/site-packages/httpx/_transports/default.py", line 89, in map_httpcore_exceptions
    raise mapped_exc(message) from exc
httpx.ConnectTimeout
{"email": "tg5435975876-5b782c49", "err": "All connection attempts failed", "event": "sync.traffic_failed", "level": "warning", "timestamp": "2026-09-28T19:18:56.616591Z"}
{"email": "web-ad78af6c", "err": "All connection attempts failed", "event": "sync.traffic_failed", "level": "warning", "timestamp": "2026-09-28T19:18:56.618408Z"}
{"email": "tg8468512348-fdeabd2c", "err": "All connection attempts failed", "event": "sync.traffic_failed", "level": "warning", "timestamp": "2026-09-28T19:18:56.619893Z"}
{"email": "tg8468512348-aa6853d6", "err": "All connection attempts failed", "event": "sync.traffic_failed", "level": "warning", "timestamp": "2026-09-28T19:18:56.621086Z"}
{"email": "tg8468512348-64f025a5", "err": "All connection attempts failed", "event": "sync.traffic_failed", "level": "warning", "timestamp": "2026-09-28T19:18:56.622978Z"}
{"email": "tg8468512348-ccebd3fa", "err": "All connection attempts failed", "event": "sync.traffic_failed", "level": "warning", "timestamp": "2026-09-28T19:18:56.624340Z"}
{"email": "tg8468512348-b7febaa3", "err": "All connection attempts failed", "event": "sync.traffic_failed", "level": "warning", "timestamp": "2026-09-28T19:18:56.625616Z"}
{"email": "tg8468512348-ca791fcc", "err": "All connection attempts failed", "event": "sync.traffic_failed", "level": "warning", "timestamp": "2026-09-28T19:18:56.626715Z"}
{"email": "tg8468512348-414763c5", "err": "All connection attempts failed", "event": "sync.traffic_failed", "level": "warning", "timestamp": "2026-09-28T19:18:56.628022Z"}
{"email": "tg8468512348-401776d8", "err": "All connection attempts failed", "event": "sync.traffic_failed", "level": "warning", "timestamp": "2026-09-28T19:18:56.629118Z"}
{"email": "tg8468512348-0799d731", "err": "All connection attempts failed", "event": "sync.traffic_failed", "level": "warning", "timestamp": "2026-09-28T19:18:56.630713Z"}
{"email": "tg8468512348-7a60e445", "err": "All connection attempts failed", "event": "sync.traffic_failed", "level": "warning", "timestamp": "2026-09-28T19:18:56.632228Z"}
{"email": "tg8468512348-b36fde64", "err": "All connection attempts failed", "event": "sync.traffic_failed", "level": "warning", "timestamp": "2026-09-28T19:18:56.633325Z"}
{"email": "tg8468512348-0a8dd48c", "err": "All connection attempts failed", "event": "sync.traffic_failed", "level": "warning", "timestamp": "2026-09-28T19:18:56.634408Z"}
{"email": "tg8468512348-0fe1b387", "err": "All connection attempts failed", "event": "sync.traffic_failed", "level": "warning", "timestamp": "2026-09-28T19:18:56.635575Z"}
{"email": "tg8468512348-5971502c", "err": "All connection attempts failed", "event": "sync.traffic_failed", "level": "warning", "timestamp": "2026-09-28T19:18:56.636781Z"}
{"updated": 5, "event": "sync_traffic.done", "level": "info", "timestamp": "2026-09-28T19:18:57.171124Z"}
{"email": "tg5435975876-5b782c49", "err": "All connection attempts failed", "event": "sync.traffic_failed", "level": "warning", "timestamp": "2026-09-28T19:33:56.633572Z"}
{"email": "web-ad78af6c", "err": "All connection attempts failed", "event": "sync.traffic_failed", "level": "warning", "timestamp": "2026-09-28T19:33:56.638229Z"}
{"email": "tg8468512348-fdeabd2c", "err": "All connection attempts failed", "event": "sync.traffic_failed", "level": "warning", "timestamp": "2026-09-28T19:33:56.651026Z"}
{"email": "tg8468512348-aa6853d6", "err": "All connection attempts failed", "event": "sync.traffic_failed", "level": "warning", "timestamp": "2026-09-28T19:33:56.654531Z"}
{"email": "tg8468512348-64f025a5", "err": "All connection attempts failed", "event": "sync.traffic_failed", "level": "warning", "timestamp": "2026-09-28T19:33:56.658284Z"}
{"email": "tg8468512348-ccebd3fa", "err": "All connection attempts failed", "event": "sync.traffic_failed", "level": "warning", "timestamp": "2026-09-28T19:33:56.669414Z"}
{"email": "tg8468512348-b7febaa3", "err": "All connection attempts failed", "event": "sync.traffic_failed", "level": "warning", "timestamp": "2026-09-28T19:33:56.673904Z"}
{"email": "tg8468512348-ca791fcc", "err": "All connection attempts failed", "event": "sync.traffic_failed", "level": "warning", "timestamp": "2026-09-28T19:33:56.675822Z"}
{"email": "tg8468512348-414763c5", "err": "All connection attempts failed", "event": "sync.traffic_failed", "level": "warning", "timestamp": "2026-09-28T19:33:56.678312Z"}
{"email": "tg8468512348-401776d8", "err": "All connection attempts failed", "event": "sync.traffic_failed", "level": "warning", "timestamp": "2026-09-28T19:33:56.680697Z"}
{"email": "tg8468512348-0799d731", "err": "All connection attempts failed", "event": "sync.traffic_failed", "level": "warning", "timestamp": "2026-09-28T19:33:56.681928Z"}
{"email": "tg8468512348-7a60e445", "err": "All connection attempts failed", "event": "sync.traffic_failed", "level": "warning", "timestamp": "2026-09-28T19:33:56.683298Z"}
{"email": "tg8468512348-b36fde64", "err": "All connection attempts failed", "event": "sync.traffic_failed", "level": "warning", "timestamp": "2026-09-28T19:33:56.684255Z"}
{"email": "tg8468512348-0a8dd48c", "err": "All connection attempts failed", "event": "sync.traffic_failed", "level": "warning", "timestamp": "2026-09-28T19:33:56.685119Z"}
{"email": "tg8468512348-0fe1b387", "err": "All connection attempts failed", "event": "sync.traffic_failed", "level": "warning", "timestamp": "2026-09-28T19:33:56.686965Z"}
{"email": "tg8468512348-5971502c", "err": "All connection attempts failed", "event": "sync.traffic_failed", "level": "warning", "timestamp": "2026-09-28T19:33:56.687802Z"}
{"updated": 5, "event": "sync_traffic.done", "level": "info", "timestamp": "2026-09-28T19:33:57.197647Z"}
{"email": "tg5435975876-5b782c49", "err": "All connection attempts failed", "event": "sync.traffic_failed", "level": "warning", "timestamp": "2026-09-28T19:48:56.610254Z"}
{"email": "web-ad78af6c", "err": "All connection attempts failed", "event": "sync.traffic_failed", "level": "warning", "timestamp": "2026-09-28T19:48:56.612601Z"}
{"email": "tg8468512348-fdeabd2c", "err": "All connection attempts failed", "event": "sync.traffic_failed", "level": "warning", "timestamp": "2026-09-28T19:48:56.613748Z"}
{"email": "tg8468512348-aa6853d6", "err": "All connection attempts failed", "event": "sync.traffic_failed", "level": "warning", "timestamp": "2026-09-28T19:48:56.615055Z"}
{"email": "tg8468512348-64f025a5", "err": "All connection attempts failed", "event": "sync.traffic_failed", "level": "warning", "timestamp": "2026-09-28T19:48:56.616537Z"}
{"email": "tg8468512348-ccebd3fa", "err": "All connection attempts failed", "event": "sync.traffic_failed", "level": "warning", "timestamp": "2026-09-28T19:48:56.617528Z"}
{"email": "tg8468512348-b7febaa3", "err": "All connection attempts failed", "event": "sync.traffic_failed", "level": "warning", "timestamp": "2026-09-28T19:48:56.618665Z"}
{"email": "tg8468512348-ca791fcc", "err": "All connection attempts failed", "event": "sync.traffic_failed", "level": "warning", "timestamp": "2026-09-28T19:48:56.619783Z"}
{"email": "tg8468512348-414763c5", "err": "All connection attempts failed", "event": "sync.traffic_failed", "level": "warning", "timestamp": "2026-09-28T19:48:56.620971Z"}
{"email": "tg8468512348-401776d8", "err": "All connection attempts failed", "event": "sync.traffic_failed", "level": "warning", "timestamp": "2026-09-28T19:48:56.622525Z"}
{"email": "tg8468512348-0799d731", "err": "All connection attempts failed", "event": "sync.traffic_failed", "level": "warning", "timestamp": "2026-09-28T19:48:56.623637Z"}
{"email": "tg8468512348-7a60e445", "err": "All connection attempts failed", "event": "sync.traffic_failed", "level": "warning", "timestamp": "2026-09-28T19:48:56.624579Z"}
{"email": "tg8468512348-b36fde64", "err": "All connection attempts failed", "event": "sync.traffic_failed", "level": "warning", "timestamp": "2026-09-28T19:48:56.625590Z"}
{"email": "tg8468512348-0a8dd48c", "err": "All connection attempts failed", "event": "sync.traffic_failed", "level": "warning", "timestamp": "2026-09-28T19:48:56.626474Z"}
{"email": "tg8468512348-0fe1b387", "err": "All connection attempts failed", "event": "sync.traffic_failed", "level": "warning", "timestamp": "2026-09-28T19:48:56.627376Z"}
{"email": "tg8468512348-5971502c", "err": "All connection attempts failed", "event": "sync.traffic_failed", "level": "warning", "timestamp": "2026-09-28T19:48:56.629117Z"}
{"updated": 5, "event": "sync_traffic.done", "level": "info", "timestamp": "2026-09-28T19:48:57.103459Z"}
{"email": "tg5435975876-5b782c49", "err": "All connection attempts failed", "event": "sync.traffic_failed", "level": "warning", "timestamp": "2026-09-28T20:03:56.634658Z"}
{"email": "web-ad78af6c", "err": "All connection attempts failed", "event": "sync.traffic_failed", "level": "warning", "timestamp": "2026-09-28T20:03:56.638218Z"}
{"email": "tg8468512348-fdeabd2c", "err": "All connection attempts failed", "event": "sync.traffic_failed", "level": "warning", "timestamp": "2026-09-28T20:03:56.642420Z"}
{"email": "tg8468512348-aa6853d6", "err": "All connection attempts failed", "event": "sync.traffic_failed", "level": "warning", "timestamp": "2026-09-28T20:03:56.645820Z"}
{"email": "tg8468512348-64f025a5", "err": "All connection attempts failed", "event": "sync.traffic_failed", "level": "warning", "timestamp": "2026-09-28T20:03:56.649258Z"}
{"email": "tg8468512348-ccebd3fa", "err": "All connection attempts failed", "event": "sync.traffic_failed", "level": "warning", "timestamp": "2026-09-28T20:03:56.651354Z"}
{"email": "tg8468512348-b7febaa3", "err": "All connection attempts failed", "event": "sync.traffic_failed", "level": "warning", "timestamp": "2026-09-28T20:03:56.653336Z"}
{"email": "tg8468512348-ca791fcc", "err": "All connection attempts failed", "event": "sync.traffic_failed", "level": "warning", "timestamp": "2026-09-28T20:03:56.656052Z"}
{"email": "tg8468512348-414763c5", "err": "All connection attempts failed", "event": "sync.traffic_failed", "level": "warning", "timestamp": "2026-09-28T20:03:56.657220Z"}
{"email": "tg8468512348-401776d8", "err": "All connection attempts failed", "event": "sync.traffic_failed", "level": "warning", "timestamp": "2026-09-28T20:03:56.658246Z"}
{"email": "tg8468512348-0799d731", "err": "All connection attempts failed", "event": "sync.traffic_failed", "level": "warning", "timestamp": "2026-09-28T20:03:56.659341Z"}
{"email": "tg8468512348-7a60e445", "err": "All connection attempts failed", "event": "sync.traffic_failed", "level": "warning", "timestamp": "2026-09-28T20:03:56.660264Z"}
{"email": "tg8468512348-b36fde64", "err": "All connection attempts failed", "event": "sync.traffic_failed", "level": "warning", "timestamp": "2026-09-28T20:03:56.661823Z"}
{"email": "tg8468512348-0a8dd48c", "err": "All connection attempts failed", "event": "sync.traffic_failed", "level": "warning", "timestamp": "2026-09-28T20:03:56.662611Z"}
{"email": "tg8468512348-0fe1b387", "err": "All connection attempts failed", "event": "sync.traffic_failed", "level": "warning", "timestamp": "2026-09-28T20:03:56.663822Z"}
{"email": "tg8468512348-5971502c", "err": "All connection attempts failed", "event": "sync.traffic_failed", "level": "warning", "timestamp": "2026-09-28T20:03:56.664732Z"}
{"updated": 5, "event": "sync_traffic.done", "level": "info", "timestamp": "2026-09-28T20:03:57.152105Z"}
{"email": "tg5435975876-5b782c49", "err": "All connection attempts failed", "event": "sync.traffic_failed", "level": "warning", "timestamp": "2026-09-28T20:18:56.624079Z"}
{"email": "web-ad78af6c", "err": "All connection attempts failed", "event": "sync.traffic_failed", "level": "warning", "timestamp": "2026-09-28T20:18:56.627894Z"}
{"email": "tg8468512348-fdeabd2c", "err": "All connection attempts failed", "event": "sync.traffic_failed", "level": "warning", "timestamp": "2026-09-28T20:18:56.630240Z"}
{"email": "tg8468512348-aa6853d6", "err": "All connection attempts failed", "event": "sync.traffic_failed", "level": "warning", "timestamp": "2026-09-28T20:18:56.632179Z"}
{"email": "tg8468512348-64f025a5", "err": "All connection attempts failed", "event": "sync.traffic_failed", "level": "warning", "timestamp": "2026-09-28T20:18:56.635401Z"}
{"email": "tg8468512348-ccebd3fa", "err": "All connection attempts failed", "event": "sync.traffic_failed", "level": "warning", "timestamp": "2026-09-28T20:18:56.637338Z"}
{"email": "tg8468512348-b7febaa3", "err": "All connection attempts failed", "event": "sync.traffic_failed", "level": "warning", "timestamp": "2026-09-28T20:18:56.639081Z"}
{"email": "tg8468512348-ca791fcc", "err": "All connection attempts failed", "event": "sync.traffic_failed", "level": "warning", "timestamp": "2026-09-28T20:18:56.640408Z"}
{"email": "tg8468512348-414763c5", "err": "All connection attempts failed", "event": "sync.traffic_failed", "level": "warning", "timestamp": "2026-09-28T20:18:56.641492Z"}
{"email": "tg8468512348-401776d8", "err": "All connection attempts failed", "event": "sync.traffic_failed", "level": "warning", "timestamp": "2026-09-28T20:18:56.644856Z"}
{"email": "tg8468512348-0799d731", "err": "All connection attempts failed", "event": "sync.traffic_failed", "level": "warning", "timestamp": "2026-09-28T20:18:56.646288Z"}
{"email": "tg8468512348-7a60e445", "err": "All connection attempts failed", "event": "sync.traffic_failed", "level": "warning", "timestamp": "2026-09-28T20:18:56.647432Z"}
{"email": "tg8468512348-b36fde64", "err": "All connection attempts failed", "event": "sync.traffic_failed", "level": "warning", "timestamp": "2026-09-28T20:18:56.648377Z"}
{"email": "tg8468512348-0a8dd48c", "err": "All connection attempts failed", "event": "sync.traffic_failed", "level": "warning", "timestamp": "2026-09-28T20:18:56.649277Z"}
{"email": "tg8468512348-0fe1b387", "err": "All connection attempts failed", "event": "sync.traffic_failed", "level": "warning", "timestamp": "2026-09-28T20:18:56.650142Z"}
{"email": "tg8468512348-5971502c", "err": "All connection attempts failed", "event": "sync.traffic_failed", "level": "warning", "timestamp": "2026-09-28T20:18:56.652029Z"}
{"updated": 5, "event": "sync_traffic.done", "level": "info", "timestamp": "2026-09-28T20:18:57.162922Z"}
{"email": "tg5435975876-5b782c49", "err": "All connection attempts failed", "event": "sync.traffic_failed", "level": "warning", "timestamp": "2026-09-28T20:33:56.629415Z"}
{"email": "web-ad78af6c", "err": "All connection attempts failed", "event": "sync.traffic_failed", "level": "warning", "timestamp": "2026-09-28T20:33:56.632437Z"}
{"email": "tg8468512348-fdeabd2c", "err": "All connection attempts failed", "event": "sync.traffic_failed", "level": "warning", "timestamp": "2026-09-28T20:33:56.634065Z"}
{"email": "tg8468512348-aa6853d6", "err": "All connection attempts failed", "event": "sync.traffic_failed", "level": "warning", "timestamp": "2026-09-28T20:33:56.637045Z"}
{"email": "tg8468512348-64f025a5", "err": "All connection attempts failed", "event": "sync.traffic_failed", "level": "warning", "timestamp": "2026-09-28T20:33:56.640933Z"}
{"email": "tg8468512348-ccebd3fa", "err": "All connection attempts failed", "event": "sync.traffic_failed", "level": "warning", "timestamp": "2026-09-28T20:33:56.644772Z"}
{"email": "tg8468512348-b7febaa3", "err": "All connection attempts failed", "event": "sync.traffic_failed", "level": "warning", "timestamp": "2026-09-28T20:33:56.652414Z"}
{"email": "tg8468512348-ca791fcc", "err": "All connection attempts failed", "event": "sync.traffic_failed", "level": "warning", "timestamp": "2026-09-28T20:33:56.657465Z"}
{"email": "tg8468512348-414763c5", "err": "All connection attempts failed", "event": "sync.traffic_failed", "level": "warning", "timestamp": "2026-09-28T20:33:56.659037Z"}
{"email": "tg8468512348-401776d8", "err": "All connection attempts failed", "event": "sync.traffic_failed", "level": "warning", "timestamp": "2026-09-28T20:33:56.661632Z"}
{"email": "tg8468512348-0799d731", "err": "All connection attempts failed", "event": "sync.traffic_failed", "level": "warning", "timestamp": "2026-09-28T20:33:56.662733Z"}
{"email": "tg8468512348-7a60e445", "err": "All connection attempts failed", "event": "sync.traffic_failed", "level": "warning", "timestamp": "2026-09-28T20:33:56.663994Z"}
{"email": "tg8468512348-b36fde64", "err": "All connection attempts failed", "event": "sync.traffic_failed", "level": "warning", "timestamp": "2026-09-28T20:33:56.664923Z"}
{"email": "tg8468512348-0a8dd48c", "err": "All connection attempts failed", "event": "sync.traffic_failed", "level": "warning", "timestamp": "2026-09-28T20:33:56.665993Z"}
{"email": "tg8468512348-0fe1b387", "err": "All connection attempts failed", "event": "sync.traffic_failed", "level": "warning", "timestamp": "2026-09-28T20:33:56.666912Z"}
{"email": "tg8468512348-5971502c", "err": "All connection attempts failed", "event": "sync.traffic_failed", "level": "warning", "timestamp": "2026-09-28T20:33:56.669696Z"}
{"updated": 5, "event": "sync_traffic.done", "level": "info", "timestamp": "2026-09-28T20:33:57.149581Z"}
{"email": "tg5435975876-5b782c49", "err": "All connection attempts failed", "event": "sync.traffic_failed", "level": "warning", "timestamp": "2026-09-28T20:48:56.583962Z"}
{"email": "web-ad78af6c", "err": "All connection attempts failed", "event": "sync.traffic_failed", "level": "warning", "timestamp": "2026-09-28T20:48:56.586537Z"}
{"email": "tg8468512348-fdeabd2c", "err": "All connection attempts failed", "event": "sync.traffic_failed", "level": "warning", "timestamp": "2026-09-28T20:48:56.590153Z"}
{"email": "tg8468512348-aa6853d6", "err": "All connection attempts failed", "event": "sync.traffic_failed", "level": "warning", "timestamp": "2026-09-28T20:48:56.594941Z"}
{"email": "tg8468512348-64f025a5", "err": "All connection attempts failed", "event": "sync.traffic_failed", "level": "warning", "timestamp": "2026-09-28T20:48:56.596855Z"}
{"email": "tg8468512348-ccebd3fa", "err": "All connection attempts failed", "event": "sync.traffic_failed", "level": "warning", "timestamp": "2026-09-28T20:48:56.597787Z"}
{"email": "tg8468512348-b7febaa3", "err": "All connection attempts failed", "event": "sync.traffic_failed", "level": "warning", "timestamp": "2026-09-28T20:48:56.598609Z"}
{"email": "tg8468512348-ca791fcc", "err": "All connection attempts failed", "event": "sync.traffic_failed", "level": "warning", "timestamp": "2026-09-28T20:48:56.599463Z"}
{"email": "tg8468512348-414763c5", "err": "All connection attempts failed", "event": "sync.traffic_failed", "level": "warning", "timestamp": "2026-09-28T20:48:56.600257Z"}
{"email": "tg8468512348-401776d8", "err": "All connection attempts failed", "event": "sync.traffic_failed", "level": "warning", "timestamp": "2026-09-28T20:48:56.601964Z"}
{"email": "tg8468512348-0799d731", "err": "All connection attempts failed", "event": "sync.traffic_failed", "level": "warning", "timestamp": "2026-09-28T20:48:56.603355Z"}
{"email": "tg8468512348-7a60e445", "err": "All connection attempts failed", "event": "sync.traffic_failed", "level": "warning", "timestamp": "2026-09-28T20:48:56.605988Z"}
{"email": "tg8468512348-b36fde64", "err": "All connection attempts failed", "event": "sync.traffic_failed", "level": "warning", "timestamp": "2026-09-28T20:48:56.607470Z"}
{"email": "tg8468512348-0a8dd48c", "err": "All connection attempts failed", "event": "sync.traffic_failed", "level": "warning", "timestamp": "2026-09-28T20:48:56.608722Z"}
{"email": "tg8468512348-0fe1b387", "err": "All connection attempts failed", "event": "sync.traffic_failed", "level": "warning", "timestamp": "2026-09-28T20:48:56.610096Z"}
{"email": "tg8468512348-5971502c", "err": "All connection attempts failed", "event": "sync.traffic_failed", "level": "warning", "timestamp": "2026-09-28T20:48:56.610945Z"}
{"updated": 5, "event": "sync_traffic.done", "level": "info", "timestamp": "2026-09-28T20:48:57.073569Z"}
{"email": "tg5435975876-5b782c49", "err": "All connection attempts failed", "event": "sync.traffic_failed", "level": "warning", "timestamp": "2026-09-28T21:03:56.636927Z"}
{"email": "web-ad78af6c", "err": "All connection attempts failed", "event": "sync.traffic_failed", "level": "warning", "timestamp": "2026-09-28T21:03:56.639598Z"}
{"email": "tg8468512348-fdeabd2c", "err": "All connection attempts failed", "event": "sync.traffic_failed", "level": "warning", "timestamp": "2026-09-28T21:03:56.643714Z"}
{"email": "tg8468512348-aa6853d6", "err": "All connection attempts failed", "event": "sync.traffic_failed", "level": "warning", "timestamp": "2026-09-28T21:03:56.646830Z"}
{"email": "tg8468512348-64f025a5", "err": "All connection attempts failed", "event": "sync.traffic_failed", "level": "warning", "timestamp": "2026-09-28T21:03:56.649595Z"}
{"email": "tg8468512348-ccebd3fa", "err": "All connection attempts failed", "event": "sync.traffic_failed", "level": "warning", "timestamp": "2026-09-28T21:03:56.651271Z"}
{"email": "tg8468512348-b7febaa3", "err": "All connection attempts failed", "event": "sync.traffic_failed", "level": "warning", "timestamp": "2026-09-28T21:03:56.652796Z"}
{"email": "tg8468512348-ca791fcc", "err": "All connection attempts failed", "event": "sync.traffic_failed", "level": "warning", "timestamp": "2026-09-28T21:03:56.654090Z"}
{"email": "tg8468512348-414763c5", "err": "All connection attempts failed", "event": "sync.traffic_failed", "level": "warning", "timestamp": "2026-09-28T21:03:56.659749Z"}
{"email": "tg8468512348-401776d8", "err": "All connection attempts failed", "event": "sync.traffic_failed", "level": "warning", "timestamp": "2026-09-28T21:03:56.661285Z"}
{"email": "tg8468512348-0799d731", "err": "All connection attempts failed", "event": "sync.traffic_failed", "level": "warning", "timestamp": "2026-09-28T21:03:56.662705Z"}
{"email": "tg8468512348-7a60e445", "err": "All connection attempts failed", "event": "sync.traffic_failed", "level": "warning", "timestamp": "2026-09-28T21:03:56.664659Z"}
{"email": "tg8468512348-b36fde64", "err": "All connection attempts failed", "event": "sync.traffic_failed", "level": "warning", "timestamp": "2026-09-28T21:03:56.666012Z"}
{"email": "tg8468512348-0a8dd48c", "err": "All connection attempts failed", "event": "sync.traffic_failed", "level": "warning", "timestamp": "2026-09-28T21:03:56.667279Z"}
{"email": "tg8468512348-0fe1b387", "err": "All connection attempts failed", "event": "sync.traffic_failed", "level": "warning", "timestamp": "2026-09-28T21:03:56.668133Z"}
{"email": "tg8468512348-5971502c", "err": "All connection attempts failed", "event": "sync.traffic_failed", "level": "warning", "timestamp": "2026-09-28T21:03:56.669233Z"}
{"updated": 5, "event": "sync_traffic.done", "level": "info", "timestamp": "2026-09-28T21:03:57.142046Z"}
{"email": "tg5435975876-5b782c49", "err": "All connection attempts failed", "event": "sync.traffic_failed", "level": "warning", "timestamp": "2026-09-28T21:18:56.589042Z"}
{"email": "web-ad78af6c", "err": "All connection attempts failed", "event": "sync.traffic_failed", "level": "warning", "timestamp": "2026-09-28T21:18:56.590424Z"}
{"email": "tg8468512348-fdeabd2c", "err": "All connection attempts failed", "event": "sync.traffic_failed", "level": "warning", "timestamp": "2026-09-28T21:18:56.591774Z"}
{"email": "tg8468512348-aa6853d6", "err": "All connection attempts failed", "event": "sync.traffic_failed", "level": "warning", "timestamp": "2026-09-28T21:18:56.592798Z"}
{"email": "tg8468512348-64f025a5", "err": "All connection attempts failed", "event": "sync.traffic_failed", "level": "warning", "timestamp": "2026-09-28T21:18:56.594133Z"}
{"email": "tg8468512348-ccebd3fa", "err": "All connection attempts failed", "event": "sync.traffic_failed", "level": "warning", "timestamp": "2026-09-28T21:18:56.595047Z"}
{"email": "tg8468512348-b7febaa3", "err": "All connection attempts failed", "event": "sync.traffic_failed", "level": "warning", "timestamp": "2026-09-28T21:18:56.595975Z"}
{"email": "tg8468512348-ca791fcc", "err": "All connection attempts failed", "event": "sync.traffic_failed", "level": "warning", "timestamp": "2026-09-28T21:18:56.596775Z"}
{"email": "tg8468512348-414763c5", "err": "All connection attempts failed", "event": "sync.traffic_failed", "level": "warning", "timestamp": "2026-09-28T21:18:56.597571Z"}
{"email": "tg8468512348-401776d8", "err": "All connection attempts failed", "event": "sync.traffic_failed", "level": "warning", "timestamp": "2026-09-28T21:18:56.600212Z"}
{"email": "tg8468512348-0799d731", "err": "All connection attempts failed", "event": "sync.traffic_failed", "level": "warning", "timestamp": "2026-09-28T21:18:56.601381Z"}
{"email": "tg8468512348-7a60e445", "err": "All connection attempts failed", "event": "sync.traffic_failed", "level": "warning", "timestamp": "2026-09-28T21:18:56.602555Z"}
{"email": "tg8468512348-b36fde64", "err": "All connection attempts failed", "event": "sync.traffic_failed", "level": "warning", "timestamp": "2026-09-28T21:18:56.603703Z"}
{"email": "tg8468512348-0a8dd48c", "err": "All connection attempts failed", "event": "sync.traffic_failed", "level": "warning", "timestamp": "2026-09-28T21:18:56.604766Z"}
{"email": "tg8468512348-0fe1b387", "err": "All connection attempts failed", "event": "sync.traffic_failed", "level": "warning", "timestamp": "2026-09-28T21:18:56.605872Z"}
{"email": "tg8468512348-5971502c", "err": "All connection attempts failed", "event": "sync.traffic_failed", "level": "warning", "timestamp": "2026-09-28T21:18:56.607840Z"}
{"updated": 5, "event": "sync_traffic.done", "level": "info", "timestamp": "2026-09-28T21:18:57.041440Z"}
{"email": "tg5435975876-5b782c49", "err": "All connection attempts failed", "event": "sync.traffic_failed", "level": "warning", "timestamp": "2026-09-28T21:33:56.617322Z"}
{"email": "web-ad78af6c", "err": "All connection attempts failed", "event": "sync.traffic_failed", "level": "warning", "timestamp": "2026-09-28T21:33:56.619217Z"}
{"email": "tg8468512348-fdeabd2c", "err": "All connection attempts failed", "event": "sync.traffic_failed", "level": "warning", "timestamp": "2026-09-28T21:33:56.620544Z"}
{"email": "tg8468512348-aa6853d6", "err": "All connection attempts failed", "event": "sync.traffic_failed", "level": "warning", "timestamp": "2026-09-28T21:33:56.622537Z"}
{"email": "tg8468512348-64f025a5", "err": "All connection attempts failed", "event": "sync.traffic_failed", "level": "warning", "timestamp": "2026-09-28T21:33:56.625189Z"}
{"email": "tg8468512348-ccebd3fa", "err": "All connection attempts failed", "event": "sync.traffic_failed", "level": "warning", "timestamp": "2026-09-28T21:33:56.628901Z"}
{"email": "tg8468512348-b7febaa3", "err": "All connection attempts failed", "event": "sync.traffic_failed", "level": "warning", "timestamp": "2026-09-28T21:33:56.631110Z"}
{"email": "tg8468512348-ca791fcc", "err": "All connection attempts failed", "event": "sync.traffic_failed", "level": "warning", "timestamp": "2026-09-28T21:33:56.634149Z"}
{"email": "tg8468512348-414763c5", "err": "All connection attempts failed", "event": "sync.traffic_failed", "level": "warning", "timestamp": "2026-09-28T21:33:56.636362Z"}
{"email": "tg8468512348-401776d8", "err": "All connection attempts failed", "event": "sync.traffic_failed", "level": "warning", "timestamp": "2026-09-28T21:33:56.638169Z"}
{"email": "tg8468512348-0799d731", "err": "All connection attempts failed", "event": "sync.traffic_failed", "level": "warning", "timestamp": "2026-09-28T21:33:56.639622Z"}
{"email": "tg8468512348-7a60e445", "err": "All connection attempts failed", "event": "sync.traffic_failed", "level": "warning", "timestamp": "2026-09-28T21:33:56.640697Z"}
{"email": "tg8468512348-b36fde64", "err": "All connection attempts failed", "event": "sync.traffic_failed", "level": "warning", "timestamp": "2026-09-28T21:33:56.641922Z"}
{"email": "tg8468512348-0a8dd48c", "err": "All connection attempts failed", "event": "sync.traffic_failed", "level": "warning", "timestamp": "2026-09-28T21:33:56.642877Z"}
{"email": "tg8468512348-0fe1b387", "err": "All connection attempts failed", "event": "sync.traffic_failed", "level": "warning", "timestamp": "2026-09-28T21:33:56.644368Z"}
{"email": "tg8468512348-5971502c", "err": "All connection attempts failed", "event": "sync.traffic_failed", "level": "warning", "timestamp": "2026-09-28T21:33:56.645379Z"}
{"updated": 5, "event": "sync_traffic.done", "level": "info", "timestamp": "2026-09-28T21:33:57.113161Z"}
{"email": "tg5435975876-5b782c49", "err": "All connection attempts failed", "event": "sync.traffic_failed", "level": "warning", "timestamp": "2026-09-28T21:48:56.617046Z"}
{"email": "web-ad78af6c", "err": "All connection attempts failed", "event": "sync.traffic_failed", "level": "warning", "timestamp": "2026-09-28T21:48:56.619634Z"}
{"email": "tg8468512348-fdeabd2c", "err": "All connection attempts failed", "event": "sync.traffic_failed", "level": "warning", "timestamp": "2026-09-28T21:48:56.621700Z"}
{"email": "tg8468512348-aa6853d6", "err": "All connection attempts failed", "event": "sync.traffic_failed", "level": "warning", "timestamp": "2026-09-28T21:48:56.623468Z"}
{"email": "tg8468512348-64f025a5", "err": "All connection attempts failed", "event": "sync.traffic_failed", "level": "warning", "timestamp": "2026-09-28T21:48:56.625970Z"}
{"email": "tg8468512348-ccebd3fa", "err": "All connection attempts failed", "event": "sync.traffic_failed", "level": "warning", "timestamp": "2026-09-28T21:48:56.627795Z"}
{"email": "tg8468512348-b7febaa3", "err": "All connection attempts failed", "event": "sync.traffic_failed", "level": "warning", "timestamp": "2026-09-28T21:48:56.629449Z"}
{"email": "tg8468512348-ca791fcc", "err": "All connection attempts failed", "event": "sync.traffic_failed", "level": "warning", "timestamp": "2026-09-28T21:48:56.633202Z"}
{"email": "tg8468512348-414763c5", "err": "All connection attempts failed", "event": "sync.traffic_failed", "level": "warning", "timestamp": "2026-09-28T21:48:56.634882Z"}
{"email": "tg8468512348-401776d8", "err": "All connection attempts failed", "event": "sync.traffic_failed", "level": "warning", "timestamp": "2026-09-28T21:48:56.636555Z"}
{"email": "tg8468512348-0799d731", "err": "All connection attempts failed", "event": "sync.traffic_failed", "level": "warning", "timestamp": "2026-09-28T21:48:56.638803Z"}
{"email": "tg8468512348-7a60e445", "err": "All connection attempts failed", "event": "sync.traffic_failed", "level": "warning", "timestamp": "2026-09-28T21:48:56.640333Z"}
{"email": "tg8468512348-b36fde64", "err": "All connection attempts failed", "event": "sync.traffic_failed", "level": "warning", "timestamp": "2026-09-28T21:48:56.641834Z"}
{"email": "tg8468512348-0a8dd48c", "err": "All connection attempts failed", "event": "sync.traffic_failed", "level": "warning", "timestamp": "2026-09-28T21:48:56.643283Z"}
{"email": "tg8468512348-0fe1b387", "err": "All connection attempts failed", "event": "sync.traffic_failed", "level": "warning", "timestamp": "2026-09-28T21:48:56.644863Z"}
{"email": "tg8468512348-5971502c", "err": "All connection attempts failed", "event": "sync.traffic_failed", "level": "warning", "timestamp": "2026-09-28T21:48:56.646298Z"}
{"updated": 5, "event": "sync_traffic.done", "level": "info", "timestamp": "2026-09-28T21:48:57.167282Z"}
{"email": "tg5435975876-5b782c49", "err": "All connection attempts failed", "event": "sync.traffic_failed", "level": "warning", "timestamp": "2026-09-28T22:03:56.592147Z"}
{"email": "web-ad78af6c", "err": "All connection attempts failed", "event": "sync.traffic_failed", "level": "warning", "timestamp": "2026-09-28T22:03:56.593983Z"}
{"email": "tg8468512348-fdeabd2c", "err": "All connection attempts failed", "event": "sync.traffic_failed", "level": "warning", "timestamp": "2026-09-28T22:03:56.595444Z"}
{"email": "tg8468512348-aa6853d6", "err": "All connection attempts failed", "event": "sync.traffic_failed", "level": "warning", "timestamp": "2026-09-28T22:03:56.597377Z"}
{"email": "tg8468512348-64f025a5", "err": "All connection attempts failed", "event": "sync.traffic_failed", "level": "warning", "timestamp": "2026-09-28T22:03:56.600829Z"}
{"email": "tg8468512348-ccebd3fa", "err": "All connection attempts failed", "event": "sync.traffic_failed", "level": "warning", "timestamp": "2026-09-28T22:03:56.602143Z"}
{"email": "tg8468512348-b7febaa3", "err": "All connection attempts failed", "event": "sync.traffic_failed", "level": "warning", "timestamp": "2026-09-28T22:03:56.604601Z"}
{"email": "tg8468512348-ca791fcc", "err": "All connection attempts failed", "event": "sync.traffic_failed", "level": "warning", "timestamp": "2026-09-28T22:03:56.607068Z"}
{"email": "tg8468512348-414763c5", "err": "All connection attempts failed", "event": "sync.traffic_failed", "level": "warning", "timestamp": "2026-09-28T22:03:56.610390Z"}
{"email": "tg8468512348-401776d8", "err": "All connection attempts failed", "event": "sync.traffic_failed", "level": "warning", "timestamp": "2026-09-28T22:03:56.614078Z"}
{"email": "tg8468512348-0799d731", "err": "All connection attempts failed", "event": "sync.traffic_failed", "level": "warning", "timestamp": "2026-09-28T22:03:56.615458Z"}
{"email": "tg8468512348-7a60e445", "err": "All connection attempts failed", "event": "sync.traffic_failed", "level": "warning", "timestamp": "2026-09-28T22:03:56.616436Z"}
{"email": "tg8468512348-b36fde64", "err": "All connection attempts failed", "event": "sync.traffic_failed", "level": "warning", "timestamp": "2026-09-28T22:03:56.617231Z"}
{"email": "tg8468512348-0a8dd48c", "err": "All connection attempts failed", "event": "sync.traffic_failed", "level": "warning", "timestamp": "2026-09-28T22:03:56.618023Z"}
{"email": "tg8468512348-0fe1b387", "err": "All connection attempts failed", "event": "sync.traffic_failed", "level": "warning", "timestamp": "2026-09-28T22:03:56.618813Z"}
{"email": "tg8468512348-5971502c", "err": "All connection attempts failed", "event": "sync.traffic_failed", "level": "warning", "timestamp": "2026-09-28T22:03:56.620298Z"}
{"updated": 5, "event": "sync_traffic.done", "level": "info", "timestamp": "2026-09-28T22:03:57.088959Z"}
{"email": "tg5435975876-5b782c49", "err": "All connection attempts failed", "event": "sync.traffic_failed", "level": "warning", "timestamp": "2026-09-28T22:18:56.584576Z"}
{"email": "web-ad78af6c", "err": "All connection attempts failed", "event": "sync.traffic_failed", "level": "warning", "timestamp": "2026-09-28T22:18:56.588019Z"}
{"email": "tg8468512348-fdeabd2c", "err": "All connection attempts failed", "event": "sync.traffic_failed", "level": "warning", "timestamp": "2026-09-28T22:18:56.589127Z"}
{"email": "tg8468512348-aa6853d6", "err": "All connection attempts failed", "event": "sync.traffic_failed", "level": "warning", "timestamp": "2026-09-28T22:18:56.590062Z"}
{"email": "tg8468512348-64f025a5", "err": "All connection attempts failed", "event": "sync.traffic_failed", "level": "warning", "timestamp": "2026-09-28T22:18:56.591894Z"}
{"email": "tg8468512348-ccebd3fa", "err": "All connection attempts failed", "event": "sync.traffic_failed", "level": "warning", "timestamp": "2026-09-28T22:18:56.592698Z"}
{"email": "tg8468512348-b7febaa3", "err": "All connection attempts failed", "event": "sync.traffic_failed", "level": "warning", "timestamp": "2026-09-28T22:18:56.593596Z"}
{"email": "tg8468512348-ca791fcc", "err": "All connection attempts failed", "event": "sync.traffic_failed", "level": "warning", "timestamp": "2026-09-28T22:18:56.594406Z"}
{"email": "tg8468512348-414763c5", "err": "All connection attempts failed", "event": "sync.traffic_failed", "level": "warning", "timestamp": "2026-09-28T22:18:56.595291Z"}
{"email": "tg8468512348-401776d8", "err": "All connection attempts failed", "event": "sync.traffic_failed", "level": "warning", "timestamp": "2026-09-28T22:18:56.597296Z"}
{"email": "tg8468512348-0799d731", "err": "All connection attempts failed", "event": "sync.traffic_failed", "level": "warning", "timestamp": "2026-09-28T22:18:56.599811Z"}
{"email": "tg8468512348-7a60e445", "err": "All connection attempts failed", "event": "sync.traffic_failed", "level": "warning", "timestamp": "2026-09-28T22:18:56.601032Z"}
{"email": "tg8468512348-b36fde64", "err": "All connection attempts failed", "event": "sync.traffic_failed", "level": "warning", "timestamp": "2026-09-28T22:18:56.602103Z"}
{"email": "tg8468512348-0a8dd48c", "err": "All connection attempts failed", "event": "sync.traffic_failed", "level": "warning", "timestamp": "2026-09-28T22:18:56.609033Z"}
{"email": "tg8468512348-0fe1b387", "err": "All connection attempts failed", "event": "sync.traffic_failed", "level": "warning", "timestamp": "2026-09-28T22:18:56.612836Z"}
{"email": "tg8468512348-5971502c", "err": "All connection attempts failed", "event": "sync.traffic_failed", "level": "warning", "timestamp": "2026-09-28T22:18:56.615324Z"}
{"updated": 5, "event": "sync_traffic.done", "level": "info", "timestamp": "2026-09-28T22:18:57.022043Z"}
{"server": "lv", "err": "All connection attempts failed", "event": "reconcile.panel_unreachable", "level": "warning", "timestamp": "2026-09-28T22:33:56.620105Z"}
{"email": "tg5435975876-5b782c49", "err": "All connection attempts failed", "event": "sync.traffic_failed", "level": "warning", "timestamp": "2026-09-28T22:33:56.681638Z"}
{"email": "web-ad78af6c", "err": "All connection attempts failed", "event": "sync.traffic_failed", "level": "warning", "timestamp": "2026-09-28T22:33:56.683717Z"}
{"email": "tg8468512348-fdeabd2c", "err": "All connection attempts failed", "event": "sync.traffic_failed", "level": "warning", "timestamp": "2026-09-28T22:33:56.686355Z"}
{"email": "tg8468512348-aa6853d6", "err": "All connection attempts failed", "event": "sync.traffic_failed", "level": "warning", "timestamp": "2026-09-28T22:33:56.688129Z"}
{"email": "tg8468512348-64f025a5", "err": "All connection attempts failed", "event": "sync.traffic_failed", "level": "warning", "timestamp": "2026-09-28T22:33:56.693391Z"}
{"email": "tg8468512348-ccebd3fa", "err": "All connection attempts failed", "event": "sync.traffic_failed", "level": "warning", "timestamp": "2026-09-28T22:33:56.697373Z"}
{"email": "tg8468512348-b7febaa3", "err": "All connection attempts failed", "event": "sync.traffic_failed", "level": "warning", "timestamp": "2026-09-28T22:33:56.698641Z"}
{"email": "tg8468512348-ca791fcc", "err": "All connection attempts failed", "event": "sync.traffic_failed", "level": "warning", "timestamp": "2026-09-28T22:33:56.700450Z"}
{"email": "tg8468512348-414763c5", "err": "All connection attempts failed", "event": "sync.traffic_failed", "level": "warning", "timestamp": "2026-09-28T22:33:56.707096Z"}
{"email": "tg8468512348-401776d8", "err": "All connection attempts failed", "event": "sync.traffic_failed", "level": "warning", "timestamp": "2026-09-28T22:33:56.709154Z"}
{"email": "tg8468512348-0799d731", "err": "All connection attempts failed", "event": "sync.traffic_failed", "level": "warning", "timestamp": "2026-09-28T22:33:56.711700Z"}
{"email": "tg8468512348-7a60e445", "err": "All connection attempts failed", "event": "sync.traffic_failed", "level": "warning", "timestamp": "2026-09-28T22:33:56.713784Z"}
{"email": "tg8468512348-b36fde64", "err": "All connection attempts failed", "event": "sync.traffic_failed", "level": "warning", "timestamp": "2026-09-28T22:33:56.715124Z"}
{"email": "tg8468512348-0a8dd48c", "err": "All connection attempts failed", "event": "sync.traffic_failed", "level": "warning", "timestamp": "2026-09-28T22:33:56.716826Z"}
{"email": "tg8468512348-0fe1b387", "err": "All connection attempts failed", "event": "sync.traffic_failed", "level": "warning", "timestamp": "2026-09-28T22:33:56.717695Z"}
{"email": "tg8468512348-5971502c", "err": "All connection attempts failed", "event": "sync.traffic_failed", "level": "warning", "timestamp": "2026-09-28T22:33:56.718543Z"}
{"updated": 5, "event": "sync_traffic.done", "level": "info", "timestamp": "2026-09-28T22:33:57.299045Z"}
{"email": "tg5435975876-5b782c49", "err": "All connection attempts failed", "event": "sync.traffic_failed", "level": "warning", "timestamp": "2026-09-28T22:48:56.645119Z"}
{"email": "web-ad78af6c", "err": "All connection attempts failed", "event": "sync.traffic_failed", "level": "warning", "timestamp": "2026-09-28T22:48:56.647737Z"}
{"email": "tg8468512348-fdeabd2c", "err": "All connection attempts failed", "event": "sync.traffic_failed", "level": "warning", "timestamp": "2026-09-28T22:48:56.649577Z"}
{"email": "tg8468512348-aa6853d6", "err": "All connection attempts failed", "event": "sync.traffic_failed", "level": "warning", "timestamp": "2026-09-28T22:48:56.651303Z"}
{"email": "tg8468512348-64f025a5", "err": "All connection attempts failed", "event": "sync.traffic_failed", "level": "warning", "timestamp": "2026-09-28T22:48:56.655641Z"}
{"email": "tg8468512348-ccebd3fa", "err": "All connection attempts failed", "event": "sync.traffic_failed", "level": "warning", "timestamp": "2026-09-28T22:48:56.657475Z"}
{"email": "tg8468512348-b7febaa3", "err": "All connection attempts failed", "event": "sync.traffic_failed", "level": "warning", "timestamp": "2026-09-28T22:48:56.661404Z"}
{"email": "tg8468512348-ca791fcc", "err": "All connection attempts failed", "event": "sync.traffic_failed", "level": "warning", "timestamp": "2026-09-28T22:48:56.663091Z"}
{"email": "tg8468512348-414763c5", "err": "All connection attempts failed", "event": "sync.traffic_failed", "level": "warning", "timestamp": "2026-09-28T22:48:56.664783Z"}
{"email": "tg8468512348-401776d8", "err": "All connection attempts failed", "event": "sync.traffic_failed", "level": "warning", "timestamp": "2026-09-28T22:48:56.666412Z"}
{"email": "tg8468512348-0799d731", "err": "All connection attempts failed", "event": "sync.traffic_failed", "level": "warning", "timestamp": "2026-09-28T22:48:56.669037Z"}
{"email": "tg8468512348-7a60e445", "err": "All connection attempts failed", "event": "sync.traffic_failed", "level": "warning", "timestamp": "2026-09-28T22:48:56.670689Z"}
{"email": "tg8468512348-b36fde64", "err": "All connection attempts failed", "event": "sync.traffic_failed", "level": "warning", "timestamp": "2026-09-28T22:48:56.672378Z"}
{"email": "tg8468512348-0a8dd48c", "err": "All connection attempts failed", "event": "sync.traffic_failed", "level": "warning", "timestamp": "2026-09-28T22:48:56.673898Z"}
{"email": "tg8468512348-0fe1b387", "err": "All connection attempts failed", "event": "sync.traffic_failed", "level": "warning", "timestamp": "2026-09-28T22:48:56.675362Z"}
{"email": "tg8468512348-5971502c", "err": "All connection attempts failed", "event": "sync.traffic_failed", "level": "warning", "timestamp": "2026-09-28T22:48:56.676830Z"}
{"updated": 5, "event": "sync_traffic.done", "level": "info", "timestamp": "2026-09-28T22:48:57.158713Z"}
{"email": "tg5435975876-5b782c49", "err": "All connection attempts failed", "event": "sync.traffic_failed", "level": "warning", "timestamp": "2026-09-28T23:03:56.651033Z"}
{"email": "web-ad78af6c", "err": "All connection attempts failed", "event": "sync.traffic_failed", "level": "warning", "timestamp": "2026-09-28T23:03:56.657257Z"}
{"email": "tg8468512348-fdeabd2c", "err": "All connection attempts failed", "event": "sync.traffic_failed", "level": "warning", "timestamp": "2026-09-28T23:03:56.660570Z"}
{"email": "tg8468512348-aa6853d6", "err": "All connection attempts failed", "event": "sync.traffic_failed", "level": "warning", "timestamp": "2026-09-28T23:03:56.663609Z"}
{"email": "tg8468512348-64f025a5", "err": "All connection attempts failed", "event": "sync.traffic_failed", "level": "warning", "timestamp": "2026-09-28T23:03:56.668763Z"}
{"email": "tg8468512348-ccebd3fa", "err": "All connection attempts failed", "event": "sync.traffic_failed", "level": "warning", "timestamp": "2026-09-28T23:03:56.672210Z"}
{"email": "tg8468512348-b7febaa3", "err": "All connection attempts failed", "event": "sync.traffic_failed", "level": "warning", "timestamp": "2026-09-28T23:03:56.673959Z"}
{"email": "tg8468512348-ca791fcc", "err": "All connection attempts failed", "event": "sync.traffic_failed", "level": "warning", "timestamp": "2026-09-28T23:03:56.675637Z"}
{"email": "tg8468512348-414763c5", "err": "All connection attempts failed", "event": "sync.traffic_failed", "level": "warning", "timestamp": "2026-09-28T23:03:56.677175Z"}
{"email": "tg8468512348-401776d8", "err": "All connection attempts failed", "event": "sync.traffic_failed", "level": "warning", "timestamp": "2026-09-28T23:03:56.678610Z"}
{"email": "tg8468512348-0799d731", "err": "All connection attempts failed", "event": "sync.traffic_failed", "level": "warning", "timestamp": "2026-09-28T23:03:56.680025Z"}
{"email": "tg8468512348-7a60e445", "err": "All connection attempts failed", "event": "sync.traffic_failed", "level": "warning", "timestamp": "2026-09-28T23:03:56.682420Z"}
{"email": "tg8468512348-b36fde64", "err": "All connection attempts failed", "event": "sync.traffic_failed", "level": "warning", "timestamp": "2026-09-28T23:03:56.683696Z"}
{"email": "tg8468512348-0a8dd48c", "err": "All connection attempts failed", "event": "sync.traffic_failed", "level": "warning", "timestamp": "2026-09-28T23:03:56.684558Z"}
{"email": "tg8468512348-0fe1b387", "err": "All connection attempts failed", "event": "sync.traffic_failed", "level": "warning", "timestamp": "2026-09-28T23:03:56.685435Z"}
{"email": "tg8468512348-5971502c", "err": "All connection attempts failed", "event": "sync.traffic_failed", "level": "warning", "timestamp": "2026-09-28T23:03:56.686463Z"}
{"updated": 5, "event": "sync_traffic.done", "level": "info", "timestamp": "2026-09-28T23:03:57.142136Z"}
{"email": "tg5435975876-5b782c49", "err": "All connection attempts failed", "event": "sync.traffic_failed", "level": "warning", "timestamp": "2026-09-28T23:18:56.657493Z"}
{"email": "web-ad78af6c", "err": "All connection attempts failed", "event": "sync.traffic_failed", "level": "warning", "timestamp": "2026-09-28T23:18:56.662012Z"}
{"email": "tg8468512348-fdeabd2c", "err": "All connection attempts failed", "event": "sync.traffic_failed", "level": "warning", "timestamp": "2026-09-28T23:18:56.664544Z"}
{"email": "tg8468512348-aa6853d6", "err": "All connection attempts failed", "event": "sync.traffic_failed", "level": "warning", "timestamp": "2026-09-28T23:18:56.666306Z"}
{"email": "tg8468512348-64f025a5", "err": "All connection attempts failed", "event": "sync.traffic_failed", "level": "warning", "timestamp": "2026-09-28T23:18:56.670276Z"}
{"email": "tg8468512348-ccebd3fa", "err": "All connection attempts failed", "event": "sync.traffic_failed", "level": "warning", "timestamp": "2026-09-28T23:18:56.672209Z"}
{"email": "tg8468512348-b7febaa3", "err": "All connection attempts failed", "event": "sync.traffic_failed", "level": "warning", "timestamp": "2026-09-28T23:18:56.673265Z"}
{"email": "tg8468512348-ca791fcc", "err": "All connection attempts failed", "event": "sync.traffic_failed", "level": "warning", "timestamp": "2026-09-28T23:18:56.674263Z"}
{"email": "tg8468512348-414763c5", "err": "All connection attempts failed", "event": "sync.traffic_failed", "level": "warning", "timestamp": "2026-09-28T23:18:56.675187Z"}
{"email": "tg8468512348-401776d8", "err": "All connection attempts failed", "event": "sync.traffic_failed", "level": "warning", "timestamp": "2026-09-28T23:18:56.680837Z"}
{"email": "tg8468512348-0799d731", "err": "All connection attempts failed", "event": "sync.traffic_failed", "level": "warning", "timestamp": "2026-09-28T23:18:56.684140Z"}
{"email": "tg8468512348-7a60e445", "err": "All connection attempts failed", "event": "sync.traffic_failed", "level": "warning", "timestamp": "2026-09-28T23:18:56.685452Z"}
{"email": "tg8468512348-b36fde64", "err": "All connection attempts failed", "event": "sync.traffic_failed", "level": "warning", "timestamp": "2026-09-28T23:18:56.686371Z"}
{"email": "tg8468512348-0a8dd48c", "err": "All connection attempts failed", "event": "sync.traffic_failed", "level": "warning", "timestamp": "2026-09-28T23:18:56.687829Z"}
{"email": "tg8468512348-0fe1b387", "err": "All connection attempts failed", "event": "sync.traffic_failed", "level": "warning", "timestamp": "2026-09-28T23:18:56.689688Z"}
{"email": "tg8468512348-5971502c", "err": "All connection attempts failed", "event": "sync.traffic_failed", "level": "warning", "timestamp": "2026-09-28T23:18:56.692367Z"}
{"updated": 5, "event": "sync_traffic.done", "level": "info", "timestamp": "2026-09-28T23:18:57.185470Z"}
{"email": "tg5435975876-5b782c49", "err": "All connection attempts failed", "event": "sync.traffic_failed", "level": "warning", "timestamp": "2026-09-28T23:33:56.681838Z"}
{"email": "web-ad78af6c", "err": "All connection attempts failed", "event": "sync.traffic_failed", "level": "warning", "timestamp": "2026-09-28T23:33:56.684391Z"}
{"email": "tg8468512348-fdeabd2c", "err": "All connection attempts failed", "event": "sync.traffic_failed", "level": "warning", "timestamp": "2026-09-28T23:33:56.687294Z"}
{"email": "tg8468512348-aa6853d6", "err": "All connection attempts failed", "event": "sync.traffic_failed", "level": "warning", "timestamp": "2026-09-28T23:33:56.690913Z"}
{"email": "tg8468512348-64f025a5", "err": "All connection attempts failed", "event": "sync.traffic_failed", "level": "warning", "timestamp": "2026-09-28T23:33:56.692961Z"}
{"email": "tg8468512348-ccebd3fa", "err": "All connection attempts failed", "event": "sync.traffic_failed", "level": "warning", "timestamp": "2026-09-28T23:33:56.697233Z"}
{"email": "tg8468512348-b7febaa3", "err": "All connection attempts failed", "event": "sync.traffic_failed", "level": "warning", "timestamp": "2026-09-28T23:33:56.700380Z"}
{"email": "tg8468512348-ca791fcc", "err": "All connection attempts failed", "event": "sync.traffic_failed", "level": "warning", "timestamp": "2026-09-28T23:33:56.702695Z"}
{"email": "tg8468512348-414763c5", "err": "All connection attempts failed", "event": "sync.traffic_failed", "level": "warning", "timestamp": "2026-09-28T23:33:56.704702Z"}
{"email": "tg8468512348-401776d8", "err": "All connection attempts failed", "event": "sync.traffic_failed", "level": "warning", "timestamp": "2026-09-28T23:33:56.706401Z"}
{"email": "tg8468512348-0799d731", "err": "All connection attempts failed", "event": "sync.traffic_failed", "level": "warning", "timestamp": "2026-09-28T23:33:56.708239Z"}
{"email": "tg8468512348-7a60e445", "err": "All connection attempts failed", "event": "sync.traffic_failed", "level": "warning", "timestamp": "2026-09-28T23:33:56.709817Z"}
{"email": "tg8468512348-b36fde64", "err": "All connection attempts failed", "event": "sync.traffic_failed", "level": "warning", "timestamp": "2026-09-28T23:33:56.711361Z"}
{"email": "tg8468512348-0a8dd48c", "err": "All connection attempts failed", "event": "sync.traffic_failed", "level": "warning", "timestamp": "2026-09-28T23:33:56.713629Z"}
{"email": "tg8468512348-0fe1b387", "err": "All connection attempts failed", "event": "sync.traffic_failed", "level": "warning", "timestamp": "2026-09-28T23:33:56.714815Z"}
{"email": "tg8468512348-5971502c", "err": "All connection attempts failed", "event": "sync.traffic_failed", "level": "warning", "timestamp": "2026-09-28T23:33:56.716213Z"}
{"updated": 5, "event": "sync_traffic.done", "level": "info", "timestamp": "2026-09-28T23:33:57.200944Z"}
{"email": "tg5435975876-5b782c49", "err": "All connection attempts failed", "event": "sync.traffic_failed", "level": "warning", "timestamp": "2026-09-28T23:48:56.630233Z"}
{"email": "web-ad78af6c", "err": "All connection attempts failed", "event": "sync.traffic_failed", "level": "warning", "timestamp": "2026-09-28T23:48:56.631987Z"}
{"email": "tg8468512348-fdeabd2c", "err": "All connection attempts failed", "event": "sync.traffic_failed", "level": "warning", "timestamp": "2026-09-28T23:48:56.633321Z"}
{"email": "tg8468512348-aa6853d6", "err": "All connection attempts failed", "event": "sync.traffic_failed", "level": "warning", "timestamp": "2026-09-28T23:48:56.634633Z"}
{"email": "tg8468512348-64f025a5", "err": "All connection attempts failed", "event": "sync.traffic_failed", "level": "warning", "timestamp": "2026-09-28T23:48:56.637198Z"}
{"email": "tg8468512348-ccebd3fa", "err": "All connection attempts failed", "event": "sync.traffic_failed", "level": "warning", "timestamp": "2026-09-28T23:48:56.638685Z"}
{"email": "tg8468512348-b7febaa3", "err": "All connection attempts failed", "event": "sync.traffic_failed", "level": "warning", "timestamp": "2026-09-28T23:48:56.640148Z"}
{"email": "tg8468512348-ca791fcc", "err": "All connection attempts failed", "event": "sync.traffic_failed", "level": "warning", "timestamp": "2026-09-28T23:48:56.641700Z"}
{"email": "tg8468512348-414763c5", "err": "All connection attempts failed", "event": "sync.traffic_failed", "level": "warning", "timestamp": "2026-09-28T23:48:56.643717Z"}
{"email": "tg8468512348-401776d8", "err": "All connection attempts failed", "event": "sync.traffic_failed", "level": "warning", "timestamp": "2026-09-28T23:48:56.645930Z"}
{"email": "tg8468512348-0799d731", "err": "All connection attempts failed", "event": "sync.traffic_failed", "level": "warning", "timestamp": "2026-09-28T23:48:56.647853Z"}
{"email": "tg8468512348-7a60e445", "err": "All connection attempts failed", "event": "sync.traffic_failed", "level": "warning", "timestamp": "2026-09-28T23:48:56.649035Z"}
{"email": "tg8468512348-b36fde64", "err": "All connection attempts failed", "event": "sync.traffic_failed", "level": "warning", "timestamp": "2026-09-28T23:48:56.650312Z"}
{"email": "tg8468512348-0a8dd48c", "err": "All connection attempts failed", "event": "sync.traffic_failed", "level": "warning", "timestamp": "2026-09-28T23:48:56.651659Z"}
{"email": "tg8468512348-0fe1b387", "err": "All connection attempts failed", "event": "sync.traffic_failed", "level": "warning", "timestamp": "2026-09-28T23:48:56.652754Z"}
{"email": "tg8468512348-5971502c", "err": "All connection attempts failed", "event": "sync.traffic_failed", "level": "warning", "timestamp": "2026-09-28T23:48:56.653682Z"}
{"updated": 5, "event": "sync_traffic.done", "level": "info", "timestamp": "2026-09-28T23:48:57.132576Z"}
{"email": "tg5435975876-5b782c49", "err": "All connection attempts failed", "event": "sync.traffic_failed", "level": "warning", "timestamp": "2026-09-29T00:03:56.656036Z"}
{"email": "web-ad78af6c", "err": "All connection attempts failed", "event": "sync.traffic_failed", "level": "warning", "timestamp": "2026-09-29T00:03:56.658291Z"}
{"email": "tg8468512348-fdeabd2c", "err": "All connection attempts failed", "event": "sync.traffic_failed", "level": "warning", "timestamp": "2026-09-29T00:03:56.659774Z"}
{"email": "tg8468512348-aa6853d6", "err": "All connection attempts failed", "event": "sync.traffic_failed", "level": "warning", "timestamp": "2026-09-29T00:03:56.661898Z"}
{"email": "tg8468512348-64f025a5", "err": "All connection attempts failed", "event": "sync.traffic_failed", "level": "warning", "timestamp": "2026-09-29T00:03:56.665149Z"}
{"email": "tg8468512348-ccebd3fa", "err": "All connection attempts failed", "event": "sync.traffic_failed", "level": "warning", "timestamp": "2026-09-29T00:03:56.666672Z"}
{"email": "tg8468512348-b7febaa3", "err": "All connection attempts failed", "event": "sync.traffic_failed", "level": "warning", "timestamp": "2026-09-29T00:03:56.671194Z"}
{"email": "tg8468512348-ca791fcc", "err": "All connection attempts failed", "event": "sync.traffic_failed", "level": "warning", "timestamp": "2026-09-29T00:03:56.683366Z"}
{"email": "tg8468512348-414763c5", "err": "All connection attempts failed", "event": "sync.traffic_failed", "level": "warning", "timestamp": "2026-09-29T00:03:56.686956Z"}
{"email": "tg8468512348-401776d8", "err": "All connection attempts failed", "event": "sync.traffic_failed", "level": "warning", "timestamp": "2026-09-29T00:03:56.691932Z"}
{"email": "tg8468512348-0799d731", "err": "All connection attempts failed", "event": "sync.traffic_failed", "level": "warning", "timestamp": "2026-09-29T00:03:56.693667Z"}
{"email": "tg8468512348-7a60e445", "err": "All connection attempts failed", "event": "sync.traffic_failed", "level": "warning", "timestamp": "2026-09-29T00:03:56.695104Z"}
{"email": "tg8468512348-b36fde64", "err": "All connection attempts failed", "event": "sync.traffic_failed", "level": "warning", "timestamp": "2026-09-29T00:03:56.697844Z"}
{"email": "tg8468512348-0a8dd48c", "err": "All connection attempts failed", "event": "sync.traffic_failed", "level": "warning", "timestamp": "2026-09-29T00:03:56.699161Z"}
{"email": "tg8468512348-0fe1b387", "err": "All connection attempts failed", "event": "sync.traffic_failed", "level": "warning", "timestamp": "2026-09-29T00:03:56.700550Z"}
{"email": "tg8468512348-5971502c", "err": "All connection attempts failed", "event": "sync.traffic_failed", "level": "warning", "timestamp": "2026-09-29T00:03:56.701970Z"}
{"updated": 5, "event": "sync_traffic.done", "level": "info", "timestamp": "2026-09-29T00:03:57.166192Z"}
{"email": "tg5435975876-5b782c49", "err": "All connection attempts failed", "event": "sync.traffic_failed", "level": "warning", "timestamp": "2026-09-29T00:18:56.631339Z"}
{"email": "web-ad78af6c", "err": "All connection attempts failed", "event": "sync.traffic_failed", "level": "warning", "timestamp": "2026-09-29T00:18:56.633804Z"}
{"email": "tg8468512348-fdeabd2c", "err": "All connection attempts failed", "event": "sync.traffic_failed", "level": "warning", "timestamp": "2026-09-29T00:18:56.635812Z"}
{"email": "tg8468512348-aa6853d6", "err": "All connection attempts failed", "event": "sync.traffic_failed", "level": "warning", "timestamp": "2026-09-29T00:18:56.639872Z"}
{"email": "tg8468512348-64f025a5", "err": "All connection attempts failed", "event": "sync.traffic_failed", "level": "warning", "timestamp": "2026-09-29T00:18:56.643630Z"}
{"email": "tg8468512348-ccebd3fa", "err": "All connection attempts failed", "event": "sync.traffic_failed", "level": "warning", "timestamp": "2026-09-29T00:18:56.646057Z"}
{"email": "tg8468512348-b7febaa3", "err": "All connection attempts failed", "event": "sync.traffic_failed", "level": "warning", "timestamp": "2026-09-29T00:18:56.656570Z"}
{"email": "tg8468512348-ca791fcc", "err": "All connection attempts failed", "event": "sync.traffic_failed", "level": "warning", "timestamp": "2026-09-29T00:18:56.658048Z"}
{"email": "tg8468512348-414763c5", "err": "All connection attempts failed", "event": "sync.traffic_failed", "level": "warning", "timestamp": "2026-09-29T00:18:56.659339Z"}
{"email": "tg8468512348-401776d8", "err": "All connection attempts failed", "event": "sync.traffic_failed", "level": "warning", "timestamp": "2026-09-29T00:18:56.660595Z"}
{"email": "tg8468512348-0799d731", "err": "All connection attempts failed", "event": "sync.traffic_failed", "level": "warning", "timestamp": "2026-09-29T00:18:56.661904Z"}
{"email": "tg8468512348-7a60e445", "err": "All connection attempts failed", "event": "sync.traffic_failed", "level": "warning", "timestamp": "2026-09-29T00:18:56.662724Z"}
{"email": "tg8468512348-b36fde64", "err": "All connection attempts failed", "event": "sync.traffic_failed", "level": "warning", "timestamp": "2026-09-29T00:18:56.663636Z"}
{"email": "tg8468512348-0a8dd48c", "err": "All connection attempts failed", "event": "sync.traffic_failed", "level": "warning", "timestamp": "2026-09-29T00:18:56.664825Z"}
{"email": "tg8468512348-0fe1b387", "err": "All connection attempts failed", "event": "sync.traffic_failed", "level": "warning", "timestamp": "2026-09-29T00:18:56.665712Z"}
{"email": "tg8468512348-5971502c", "err": "All connection attempts failed", "event": "sync.traffic_failed", "level": "warning", "timestamp": "2026-09-29T00:18:56.666602Z"}
{"updated": 5, "event": "sync_traffic.done", "level": "info", "timestamp": "2026-09-29T00:18:57.079427Z"}
{"email": "tg5435975876-5b782c49", "err": "All connection attempts failed", "event": "sync.traffic_failed", "level": "warning", "timestamp": "2026-09-29T00:33:56.665128Z"}
{"email": "web-ad78af6c", "err": "All connection attempts failed", "event": "sync.traffic_failed", "level": "warning", "timestamp": "2026-09-29T00:33:56.667880Z"}
{"email": "tg8468512348-fdeabd2c", "err": "All connection attempts failed", "event": "sync.traffic_failed", "level": "warning", "timestamp": "2026-09-29T00:33:56.670065Z"}
{"email": "tg8468512348-aa6853d6", "err": "All connection attempts failed", "event": "sync.traffic_failed", "level": "warning", "timestamp": "2026-09-29T00:33:56.673074Z"}
{"email": "tg8468512348-64f025a5", "err": "All connection attempts failed", "event": "sync.traffic_failed", "level": "warning", "timestamp": "2026-09-29T00:33:56.677825Z"}
{"email": "tg8468512348-ccebd3fa", "err": "All connection attempts failed", "event": "sync.traffic_failed", "level": "warning", "timestamp": "2026-09-29T00:33:56.680759Z"}
{"email": "tg8468512348-b7febaa3", "err": "All connection attempts failed", "event": "sync.traffic_failed", "level": "warning", "timestamp": "2026-09-29T00:33:56.696650Z"}
{"email": "tg8468512348-ca791fcc", "err": "All connection attempts failed", "event": "sync.traffic_failed", "level": "warning", "timestamp": "2026-09-29T00:33:56.699355Z"}
{"email": "tg8468512348-414763c5", "err": "All connection attempts failed", "event": "sync.traffic_failed", "level": "warning", "timestamp": "2026-09-29T00:33:56.702740Z"}
{"email": "tg8468512348-401776d8", "err": "All connection attempts failed", "event": "sync.traffic_failed", "level": "warning", "timestamp": "2026-09-29T00:33:56.705136Z"}
{"email": "tg8468512348-0799d731", "err": "All connection attempts failed", "event": "sync.traffic_failed", "level": "warning", "timestamp": "2026-09-29T00:33:56.706586Z"}
{"email": "tg8468512348-7a60e445", "err": "All connection attempts failed", "event": "sync.traffic_failed", "level": "warning", "timestamp": "2026-09-29T00:33:56.707815Z"}
{"email": "tg8468512348-b36fde64", "err": "All connection attempts failed", "event": "sync.traffic_failed", "level": "warning", "timestamp": "2026-09-29T00:33:56.709889Z"}
{"email": "tg8468512348-0a8dd48c", "err": "All connection attempts failed", "event": "sync.traffic_failed", "level": "warning", "timestamp": "2026-09-29T00:33:56.710736Z"}
{"email": "tg8468512348-0fe1b387", "err": "All connection attempts failed", "event": "sync.traffic_failed", "level": "warning", "timestamp": "2026-09-29T00:33:56.711534Z"}
{"email": "tg8468512348-5971502c", "err": "All connection attempts failed", "event": "sync.traffic_failed", "level": "warning", "timestamp": "2026-09-29T00:33:56.712291Z"}
{"updated": 5, "event": "sync_traffic.done", "level": "info", "timestamp": "2026-09-29T00:33:57.202736Z"}
{"email": "tg5435975876-5b782c49", "err": "All connection attempts failed", "event": "sync.traffic_failed", "level": "warning", "timestamp": "2026-09-29T00:48:56.644691Z"}
{"email": "web-ad78af6c", "err": "All connection attempts failed", "event": "sync.traffic_failed", "level": "warning", "timestamp": "2026-09-29T00:48:56.647038Z"}
{"email": "tg8468512348-fdeabd2c", "err": "All connection attempts failed", "event": "sync.traffic_failed", "level": "warning", "timestamp": "2026-09-29T00:48:56.649527Z"}
{"email": "tg8468512348-aa6853d6", "err": "All connection attempts failed", "event": "sync.traffic_failed", "level": "warning", "timestamp": "2026-09-29T00:48:56.650736Z"}
{"email": "tg8468512348-64f025a5", "err": "All connection attempts failed", "event": "sync.traffic_failed", "level": "warning", "timestamp": "2026-09-29T00:48:56.653178Z"}
{"email": "tg8468512348-ccebd3fa", "err": "All connection attempts failed", "event": "sync.traffic_failed", "level": "warning", "timestamp": "2026-09-29T00:48:56.655047Z"}
{"email": "tg8468512348-b7febaa3", "err": "All connection attempts failed", "event": "sync.traffic_failed", "level": "warning", "timestamp": "2026-09-29T00:48:56.656131Z"}
{"email": "tg8468512348-ca791fcc", "err": "All connection attempts failed", "event": "sync.traffic_failed", "level": "warning", "timestamp": "2026-09-29T00:48:56.657410Z"}
{"email": "tg8468512348-414763c5", "err": "All connection attempts failed", "event": "sync.traffic_failed", "level": "warning", "timestamp": "2026-09-29T00:48:56.658785Z"}
{"email": "tg8468512348-401776d8", "err": "All connection attempts failed", "event": "sync.traffic_failed", "level": "warning", "timestamp": "2026-09-29T00:48:56.661178Z"}
{"email": "tg8468512348-0799d731", "err": "All connection attempts failed", "event": "sync.traffic_failed", "level": "warning", "timestamp": "2026-09-29T00:48:56.662431Z"}
{"email": "tg8468512348-7a60e445", "err": "All connection attempts failed", "event": "sync.traffic_failed", "level": "warning", "timestamp": "2026-09-29T00:48:56.666032Z"}
{"email": "tg8468512348-b36fde64", "err": "All connection attempts failed", "event": "sync.traffic_failed", "level": "warning", "timestamp": "2026-09-29T00:48:56.667596Z"}
{"email": "tg8468512348-0a8dd48c", "err": "All connection attempts failed", "event": "sync.traffic_failed", "level": "warning", "timestamp": "2026-09-29T00:48:56.669622Z"}
{"email": "tg8468512348-0fe1b387", "err": "All connection attempts failed", "event": "sync.traffic_failed", "level": "warning", "timestamp": "2026-09-29T00:48:56.671428Z"}
{"email": "tg8468512348-5971502c", "err": "All connection attempts failed", "event": "sync.traffic_failed", "level": "warning", "timestamp": "2026-09-29T00:48:56.673881Z"}
{"updated": 5, "event": "sync_traffic.done", "level": "info", "timestamp": "2026-09-29T00:48:57.162259Z"}
{"email": "tg5435975876-5b782c49", "err": "All connection attempts failed", "event": "sync.traffic_failed", "level": "warning", "timestamp": "2026-09-29T01:03:56.649100Z"}
{"email": "web-ad78af6c", "err": "All connection attempts failed", "event": "sync.traffic_failed", "level": "warning", "timestamp": "2026-09-29T01:03:56.651994Z"}
{"email": "tg8468512348-fdeabd2c", "err": "All connection attempts failed", "event": "sync.traffic_failed", "level": "warning", "timestamp": "2026-09-29T01:03:56.653848Z"}
{"email": "tg8468512348-aa6853d6", "err": "All connection attempts failed", "event": "sync.traffic_failed", "level": "warning", "timestamp": "2026-09-29T01:03:56.655426Z"}
{"email": "tg8468512348-64f025a5", "err": "All connection attempts failed", "event": "sync.traffic_failed", "level": "warning", "timestamp": "2026-09-29T01:03:56.659052Z"}
{"email": "tg8468512348-ccebd3fa", "err": "All connection attempts failed", "event": "sync.traffic_failed", "level": "warning", "timestamp": "2026-09-29T01:03:56.660854Z"}
{"email": "tg8468512348-b7febaa3", "err": "All connection attempts failed", "event": "sync.traffic_failed", "level": "warning", "timestamp": "2026-09-29T01:03:56.666341Z"}
{"email": "tg8468512348-ca791fcc", "err": "All connection attempts failed", "event": "sync.traffic_failed", "level": "warning", "timestamp": "2026-09-29T01:03:56.669914Z"}
{"email": "tg8468512348-414763c5", "err": "All connection attempts failed", "event": "sync.traffic_failed", "level": "warning", "timestamp": "2026-09-29T01:03:56.674056Z"}
{"email": "tg8468512348-401776d8", "err": "All connection attempts failed", "event": "sync.traffic_failed", "level": "warning", "timestamp": "2026-09-29T01:03:56.677074Z"}
{"email": "tg8468512348-0799d731", "err": "All connection attempts failed", "event": "sync.traffic_failed", "level": "warning", "timestamp": "2026-09-29T01:03:56.678785Z"}
{"email": "tg8468512348-7a60e445", "err": "All connection attempts failed", "event": "sync.traffic_failed", "level": "warning", "timestamp": "2026-09-29T01:03:56.681102Z"}
{"email": "tg8468512348-b36fde64", "err": "All connection attempts failed", "event": "sync.traffic_failed", "level": "warning", "timestamp": "2026-09-29T01:03:56.682596Z"}
{"email": "tg8468512348-0a8dd48c", "err": "All connection attempts failed", "event": "sync.traffic_failed", "level": "warning", "timestamp": "2026-09-29T01:03:56.683978Z"}
{"email": "tg8468512348-0fe1b387", "err": "All connection attempts failed", "event": "sync.traffic_failed", "level": "warning", "timestamp": "2026-09-29T01:03:56.685311Z"}
{"email": "tg8468512348-5971502c", "err": "All connection attempts failed", "event": "sync.traffic_failed", "level": "warning", "timestamp": "2026-09-29T01:03:56.686530Z"}
{"updated": 5, "event": "sync_traffic.done", "level": "info", "timestamp": "2026-09-29T01:03:57.160121Z"}
{"email": "tg5435975876-5b782c49", "err": "All connection attempts failed", "event": "sync.traffic_failed", "level": "warning", "timestamp": "2026-09-29T01:18:56.602105Z"}
{"email": "web-ad78af6c", "err": "All connection attempts failed", "event": "sync.traffic_failed", "level": "warning", "timestamp": "2026-09-29T01:18:56.604059Z"}
{"email": "tg8468512348-fdeabd2c", "err": "All connection attempts failed", "event": "sync.traffic_failed", "level": "warning", "timestamp": "2026-09-29T01:18:56.605820Z"}
{"email": "tg8468512348-aa6853d6", "err": "All connection attempts failed", "event": "sync.traffic_failed", "level": "warning", "timestamp": "2026-09-29T01:18:56.607267Z"}
{"email": "tg8468512348-64f025a5", "err": "All connection attempts failed", "event": "sync.traffic_failed", "level": "warning", "timestamp": "2026-09-29T01:18:56.609156Z"}
{"email": "tg8468512348-ccebd3fa", "err": "All connection attempts failed", "event": "sync.traffic_failed", "level": "warning", "timestamp": "2026-09-29T01:18:56.610104Z"}
{"email": "tg8468512348-b7febaa3", "err": "All connection attempts failed", "event": "sync.traffic_failed", "level": "warning", "timestamp": "2026-09-29T01:18:56.611124Z"}
{"email": "tg8468512348-ca791fcc", "err": "All connection attempts failed", "event": "sync.traffic_failed", "level": "warning", "timestamp": "2026-09-29T01:18:56.611961Z"}
{"email": "tg8468512348-414763c5", "err": "All connection attempts failed", "event": "sync.traffic_failed", "level": "warning", "timestamp": "2026-09-29T01:18:56.613271Z"}
{"email": "tg8468512348-401776d8", "err": "All connection attempts failed", "event": "sync.traffic_failed", "level": "warning", "timestamp": "2026-09-29T01:18:56.614828Z"}
{"email": "tg8468512348-0799d731", "err": "All connection attempts failed", "event": "sync.traffic_failed", "level": "warning", "timestamp": "2026-09-29T01:18:56.615715Z"}
{"email": "tg8468512348-7a60e445", "err": "All connection attempts failed", "event": "sync.traffic_failed", "level": "warning", "timestamp": "2026-09-29T01:18:56.618059Z"}
{"email": "tg8468512348-b36fde64", "err": "All connection attempts failed", "event": "sync.traffic_failed", "level": "warning", "timestamp": "2026-09-29T01:18:56.618997Z"}
{"email": "tg8468512348-0a8dd48c", "err": "All connection attempts failed", "event": "sync.traffic_failed", "level": "warning", "timestamp": "2026-09-29T01:18:56.619915Z"}
{"email": "tg8468512348-0fe1b387", "err": "All connection attempts failed", "event": "sync.traffic_failed", "level": "warning", "timestamp": "2026-09-29T01:18:56.620982Z"}
{"email": "tg8468512348-5971502c", "err": "All connection attempts failed", "event": "sync.traffic_failed", "level": "warning", "timestamp": "2026-09-29T01:18:56.621822Z"}
{"updated": 5, "event": "sync_traffic.done", "level": "info", "timestamp": "2026-09-29T01:18:57.081886Z"}
{"email": "tg5435975876-5b782c49", "err": "All connection attempts failed", "event": "sync.traffic_failed", "level": "warning", "timestamp": "2026-09-29T01:33:56.655115Z"}
{"email": "web-ad78af6c", "err": "All connection attempts failed", "event": "sync.traffic_failed", "level": "warning", "timestamp": "2026-09-29T01:33:56.657564Z"}
{"email": "tg8468512348-fdeabd2c", "err": "All connection attempts failed", "event": "sync.traffic_failed", "level": "warning", "timestamp": "2026-09-29T01:33:56.660053Z"}
{"email": "tg8468512348-aa6853d6", "err": "All connection attempts failed", "event": "sync.traffic_failed", "level": "warning", "timestamp": "2026-09-29T01:33:56.661870Z"}
{"email": "tg8468512348-64f025a5", "err": "All connection attempts failed", "event": "sync.traffic_failed", "level": "warning", "timestamp": "2026-09-29T01:33:56.667687Z"}
{"email": "tg8468512348-ccebd3fa", "err": "All connection attempts failed", "event": "sync.traffic_failed", "level": "warning", "timestamp": "2026-09-29T01:33:56.672598Z"}
{"email": "tg8468512348-b7febaa3", "err": "All connection attempts failed", "event": "sync.traffic_failed", "level": "warning", "timestamp": "2026-09-29T01:33:56.684818Z"}
{"email": "tg8468512348-ca791fcc", "err": "All connection attempts failed", "event": "sync.traffic_failed", "level": "warning", "timestamp": "2026-09-29T01:33:56.692888Z"}
{"email": "tg8468512348-414763c5", "err": "All connection attempts failed", "event": "sync.traffic_failed", "level": "warning", "timestamp": "2026-09-29T01:33:56.694699Z"}
{"email": "tg8468512348-401776d8", "err": "All connection attempts failed", "event": "sync.traffic_failed", "level": "warning", "timestamp": "2026-09-29T01:33:56.697531Z"}
{"email": "tg8468512348-0799d731", "err": "All connection attempts failed", "event": "sync.traffic_failed", "level": "warning", "timestamp": "2026-09-29T01:33:56.699324Z"}
{"email": "tg8468512348-7a60e445", "err": "All connection attempts failed", "event": "sync.traffic_failed", "level": "warning", "timestamp": "2026-09-29T01:33:56.701055Z"}
{"email": "tg8468512348-b36fde64", "err": "All connection attempts failed", "event": "sync.traffic_failed", "level": "warning", "timestamp": "2026-09-29T01:33:56.703329Z"}
{"email": "tg8468512348-0a8dd48c", "err": "All connection attempts failed", "event": "sync.traffic_failed", "level": "warning", "timestamp": "2026-09-29T01:33:56.704582Z"}
{"email": "tg8468512348-0fe1b387", "err": "All connection attempts failed", "event": "sync.traffic_failed", "level": "warning", "timestamp": "2026-09-29T01:33:56.705488Z"}
{"email": "tg8468512348-5971502c", "err": "All connection attempts failed", "event": "sync.traffic_failed", "level": "warning", "timestamp": "2026-09-29T01:33:56.706623Z"}
{"updated": 5, "event": "sync_traffic.done", "level": "info", "timestamp": "2026-09-29T01:33:57.178476Z"}
{"email": "tg5435975876-5b782c49", "err": "All connection attempts failed", "event": "sync.traffic_failed", "level": "warning", "timestamp": "2026-09-29T01:48:56.645105Z"}
{"email": "web-ad78af6c", "err": "All connection attempts failed", "event": "sync.traffic_failed", "level": "warning", "timestamp": "2026-09-29T01:48:56.649255Z"}
{"email": "tg8468512348-fdeabd2c", "err": "All connection attempts failed", "event": "sync.traffic_failed", "level": "warning", "timestamp": "2026-09-29T01:48:56.653096Z"}
{"email": "tg8468512348-aa6853d6", "err": "All connection attempts failed", "event": "sync.traffic_failed", "level": "warning", "timestamp": "2026-09-29T01:48:56.655786Z"}
{"email": "tg8468512348-64f025a5", "err": "All connection attempts failed", "event": "sync.traffic_failed", "level": "warning", "timestamp": "2026-09-29T01:48:56.658042Z"}
{"email": "tg8468512348-ccebd3fa", "err": "All connection attempts failed", "event": "sync.traffic_failed", "level": "warning", "timestamp": "2026-09-29T01:48:56.659797Z"}
{"email": "tg8468512348-b7febaa3", "err": "All connection attempts failed", "event": "sync.traffic_failed", "level": "warning", "timestamp": "2026-09-29T01:48:56.661421Z"}
{"email": "tg8468512348-ca791fcc", "err": "All connection attempts failed", "event": "sync.traffic_failed", "level": "warning", "timestamp": "2026-09-29T01:48:56.663422Z"}
{"email": "tg8468512348-414763c5", "err": "All connection attempts failed", "event": "sync.traffic_failed", "level": "warning", "timestamp": "2026-09-29T01:48:56.665940Z"}
{"email": "tg8468512348-401776d8", "err": "All connection attempts failed", "event": "sync.traffic_failed", "level": "warning", "timestamp": "2026-09-29T01:48:56.668190Z"}
{"email": "tg8468512348-0799d731", "err": "All connection attempts failed", "event": "sync.traffic_failed", "level": "warning", "timestamp": "2026-09-29T01:48:56.670327Z"}
{"email": "tg8468512348-7a60e445", "err": "All connection attempts failed", "event": "sync.traffic_failed", "level": "warning", "timestamp": "2026-09-29T01:48:56.671922Z"}
{"email": "tg8468512348-b36fde64", "err": "All connection attempts failed", "event": "sync.traffic_failed", "level": "warning", "timestamp": "2026-09-29T01:48:56.673411Z"}
{"email": "tg8468512348-0a8dd48c", "err": "All connection attempts failed", "event": "sync.traffic_failed", "level": "warning", "timestamp": "2026-09-29T01:48:56.674734Z"}
{"email": "tg8468512348-0fe1b387", "err": "All connection attempts failed", "event": "sync.traffic_failed", "level": "warning", "timestamp": "2026-09-29T01:48:56.675622Z"}
{"email": "tg8468512348-5971502c", "err": "All connection attempts failed", "event": "sync.traffic_failed", "level": "warning", "timestamp": "2026-09-29T01:48:56.677170Z"}
{"updated": 5, "event": "sync_traffic.done", "level": "info", "timestamp": "2026-09-29T01:48:57.152619Z"}
{"email": "tg5435975876-5b782c49", "err": "All connection attempts failed", "event": "sync.traffic_failed", "level": "warning", "timestamp": "2026-09-29T02:03:56.683205Z"}
{"email": "web-ad78af6c", "err": "All connection attempts failed", "event": "sync.traffic_failed", "level": "warning", "timestamp": "2026-09-29T02:03:56.686493Z"}
{"email": "tg8468512348-fdeabd2c", "err": "All connection attempts failed", "event": "sync.traffic_failed", "level": "warning", "timestamp": "2026-09-29T02:03:56.688423Z"}
{"email": "tg8468512348-aa6853d6", "err": "All connection attempts failed", "event": "sync.traffic_failed", "level": "warning", "timestamp": "2026-09-29T02:03:56.692353Z"}
{"email": "tg8468512348-64f025a5", "err": "All connection attempts failed", "event": "sync.traffic_failed", "level": "warning", "timestamp": "2026-09-29T02:03:56.695177Z"}
{"email": "tg8468512348-ccebd3fa", "err": "All connection attempts failed", "event": "sync.traffic_failed", "level": "warning", "timestamp": "2026-09-29T02:03:56.701473Z"}
{"email": "tg8468512348-b7febaa3", "err": "All connection attempts failed", "event": "sync.traffic_failed", "level": "warning", "timestamp": "2026-09-29T02:03:56.705463Z"}
{"email": "tg8468512348-ca791fcc", "err": "All connection attempts failed", "event": "sync.traffic_failed", "level": "warning", "timestamp": "2026-09-29T02:03:56.707529Z"}
{"email": "tg8468512348-414763c5", "err": "All connection attempts failed", "event": "sync.traffic_failed", "level": "warning", "timestamp": "2026-09-29T02:03:56.709643Z"}
{"email": "tg8468512348-401776d8", "err": "All connection attempts failed", "event": "sync.traffic_failed", "level": "warning", "timestamp": "2026-09-29T02:03:56.710990Z"}
{"email": "tg8468512348-0799d731", "err": "All connection attempts failed", "event": "sync.traffic_failed", "level": "warning", "timestamp": "2026-09-29T02:03:56.712486Z"}
{"email": "tg8468512348-7a60e445", "err": "All connection attempts failed", "event": "sync.traffic_failed", "level": "warning", "timestamp": "2026-09-29T02:03:56.713489Z"}
{"email": "tg8468512348-b36fde64", "err": "All connection attempts failed", "event": "sync.traffic_failed", "level": "warning", "timestamp": "2026-09-29T02:03:56.723290Z"}
{"email": "tg8468512348-0a8dd48c", "err": "All connection attempts failed", "event": "sync.traffic_failed", "level": "warning", "timestamp": "2026-09-29T02:03:56.728922Z"}
{"email": "tg8468512348-0fe1b387", "err": "All connection attempts failed", "event": "sync.traffic_failed", "level": "warning", "timestamp": "2026-09-29T02:03:56.739833Z"}
{"email": "tg8468512348-5971502c", "err": "All connection attempts failed", "event": "sync.traffic_failed", "level": "warning", "timestamp": "2026-09-29T02:03:56.741351Z"}
{"updated": 5, "event": "sync_traffic.done", "level": "info", "timestamp": "2026-09-29T02:03:57.240409Z"}
{"email": "tg5435975876-5b782c49", "err": "All connection attempts failed", "event": "sync.traffic_failed", "level": "warning", "timestamp": "2026-09-29T02:18:56.588841Z"}
{"email": "web-ad78af6c", "err": "All connection attempts failed", "event": "sync.traffic_failed", "level": "warning", "timestamp": "2026-09-29T02:18:56.591429Z"}
{"email": "tg8468512348-fdeabd2c", "err": "All connection attempts failed", "event": "sync.traffic_failed", "level": "warning", "timestamp": "2026-09-29T02:18:56.593150Z"}
{"email": "tg8468512348-aa6853d6", "err": "All connection attempts failed", "event": "sync.traffic_failed", "level": "warning", "timestamp": "2026-09-29T02:18:56.594323Z"}
{"email": "tg8468512348-64f025a5", "err": "All connection attempts failed", "event": "sync.traffic_failed", "level": "warning", "timestamp": "2026-09-29T02:18:56.596279Z"}
{"email": "tg8468512348-ccebd3fa", "err": "All connection attempts failed", "event": "sync.traffic_failed", "level": "warning", "timestamp": "2026-09-29T02:18:56.597273Z"}
{"email": "tg8468512348-b7febaa3", "err": "All connection attempts failed", "event": "sync.traffic_failed", "level": "warning", "timestamp": "2026-09-29T02:18:56.598406Z"}
{"email": "tg8468512348-ca791fcc", "err": "All connection attempts failed", "event": "sync.traffic_failed", "level": "warning", "timestamp": "2026-09-29T02:18:56.600844Z"}
{"email": "tg8468512348-414763c5", "err": "All connection attempts failed", "event": "sync.traffic_failed", "level": "warning", "timestamp": "2026-09-29T02:18:56.602102Z"}
{"email": "tg8468512348-401776d8", "err": "All connection attempts failed", "event": "sync.traffic_failed", "level": "warning", "timestamp": "2026-09-29T02:18:56.603305Z"}
{"email": "tg8468512348-0799d731", "err": "All connection attempts failed", "event": "sync.traffic_failed", "level": "warning", "timestamp": "2026-09-29T02:18:56.605580Z"}
{"email": "tg8468512348-7a60e445", "err": "All connection attempts failed", "event": "sync.traffic_failed", "level": "warning", "timestamp": "2026-09-29T02:18:56.606964Z"}
{"email": "tg8468512348-b36fde64", "err": "All connection attempts failed", "event": "sync.traffic_failed", "level": "warning", "timestamp": "2026-09-29T02:18:56.608281Z"}
{"email": "tg8468512348-0a8dd48c", "err": "All connection attempts failed", "event": "sync.traffic_failed", "level": "warning", "timestamp": "2026-09-29T02:18:56.609692Z"}
{"email": "tg8468512348-0fe1b387", "err": "All connection attempts failed", "event": "sync.traffic_failed", "level": "warning", "timestamp": "2026-09-29T02:18:56.610974Z"}
{"email": "tg8468512348-5971502c", "err": "All connection attempts failed", "event": "sync.traffic_failed", "level": "warning", "timestamp": "2026-09-29T02:18:56.613007Z"}
{"updated": 5, "event": "sync_traffic.done", "level": "info", "timestamp": "2026-09-29T02:18:57.064183Z"}
{"email": "tg5435975876-5b782c49", "err": "All connection attempts failed", "event": "sync.traffic_failed", "level": "warning", "timestamp": "2026-09-29T02:33:56.649319Z"}
{"email": "web-ad78af6c", "err": "All connection attempts failed", "event": "sync.traffic_failed", "level": "warning", "timestamp": "2026-09-29T02:33:56.651848Z"}
{"email": "tg8468512348-fdeabd2c", "err": "All connection attempts failed", "event": "sync.traffic_failed", "level": "warning", "timestamp": "2026-09-29T02:33:56.653644Z"}
{"email": "tg8468512348-aa6853d6", "err": "All connection attempts failed", "event": "sync.traffic_failed", "level": "warning", "timestamp": "2026-09-29T02:33:56.655936Z"}
{"email": "tg8468512348-64f025a5", "err": "All connection attempts failed", "event": "sync.traffic_failed", "level": "warning", "timestamp": "2026-09-29T02:33:56.657370Z"}
{"email": "tg8468512348-ccebd3fa", "err": "All connection attempts failed", "event": "sync.traffic_failed", "level": "warning", "timestamp": "2026-09-29T02:33:56.661566Z"}
{"email": "tg8468512348-b7febaa3", "err": "All connection attempts failed", "event": "sync.traffic_failed", "level": "warning", "timestamp": "2026-09-29T02:33:56.663009Z"}
{"email": "tg8468512348-ca791fcc", "err": "All connection attempts failed", "event": "sync.traffic_failed", "level": "warning", "timestamp": "2026-09-29T02:33:56.666684Z"}
{"email": "tg8468512348-414763c5", "err": "All connection attempts failed", "event": "sync.traffic_failed", "level": "warning", "timestamp": "2026-09-29T02:33:56.671127Z"}
{"email": "tg8468512348-401776d8", "err": "All connection attempts failed", "event": "sync.traffic_failed", "level": "warning", "timestamp": "2026-09-29T02:33:56.674565Z"}
{"email": "tg8468512348-0799d731", "err": "All connection attempts failed", "event": "sync.traffic_failed", "level": "warning", "timestamp": "2026-09-29T02:33:56.677627Z"}
{"email": "tg8468512348-7a60e445", "err": "All connection attempts failed", "event": "sync.traffic_failed", "level": "warning", "timestamp": "2026-09-29T02:33:56.679093Z"}
{"email": "tg8468512348-b36fde64", "err": "All connection attempts failed", "event": "sync.traffic_failed", "level": "warning", "timestamp": "2026-09-29T02:33:56.680922Z"}
{"email": "tg8468512348-0a8dd48c", "err": "All connection attempts failed", "event": "sync.traffic_failed", "level": "warning", "timestamp": "2026-09-29T02:33:56.682307Z"}
{"email": "tg8468512348-0fe1b387", "err": "All connection attempts failed", "event": "sync.traffic_failed", "level": "warning", "timestamp": "2026-09-29T02:33:56.684902Z"}
{"email": "tg8468512348-5971502c", "err": "All connection attempts failed", "event": "sync.traffic_failed", "level": "warning", "timestamp": "2026-09-29T02:33:56.686280Z"}
{"updated": 5, "event": "sync_traffic.done", "level": "info", "timestamp": "2026-09-29T02:33:57.166242Z"}
{"email": "tg5435975876-5b782c49", "err": "All connection attempts failed", "event": "sync.traffic_failed", "level": "warning", "timestamp": "2026-09-29T02:48:56.596290Z"}
{"email": "web-ad78af6c", "err": "All connection attempts failed", "event": "sync.traffic_failed", "level": "warning", "timestamp": "2026-09-29T02:48:56.597962Z"}
{"email": "tg8468512348-fdeabd2c", "err": "All connection attempts failed", "event": "sync.traffic_failed", "level": "warning", "timestamp": "2026-09-29T02:48:56.599325Z"}
{"email": "tg8468512348-aa6853d6", "err": "All connection attempts failed", "event": "sync.traffic_failed", "level": "warning", "timestamp": "2026-09-29T02:48:56.600439Z"}
{"email": "tg8468512348-64f025a5", "err": "All connection attempts failed", "event": "sync.traffic_failed", "level": "warning", "timestamp": "2026-09-29T02:48:56.601793Z"}
{"email": "tg8468512348-ccebd3fa", "err": "All connection attempts failed", "event": "sync.traffic_failed", "level": "warning", "timestamp": "2026-09-29T02:48:56.602878Z"}
{"email": "tg8468512348-b7febaa3", "err": "All connection attempts failed", "event": "sync.traffic_failed", "level": "warning", "timestamp": "2026-09-29T02:48:56.604397Z"}
{"email": "tg8468512348-ca791fcc", "err": "All connection attempts failed", "event": "sync.traffic_failed", "level": "warning", "timestamp": "2026-09-29T02:48:56.605801Z"}
{"email": "tg8468512348-414763c5", "err": "All connection attempts failed", "event": "sync.traffic_failed", "level": "warning", "timestamp": "2026-09-29T02:48:56.607089Z"}
{"email": "tg8468512348-401776d8", "err": "All connection attempts failed", "event": "sync.traffic_failed", "level": "warning", "timestamp": "2026-09-29T02:48:56.609046Z"}
{"email": "tg8468512348-0799d731", "err": "All connection attempts failed", "event": "sync.traffic_failed", "level": "warning", "timestamp": "2026-09-29T02:48:56.610361Z"}
{"email": "tg8468512348-7a60e445", "err": "All connection attempts failed", "event": "sync.traffic_failed", "level": "warning", "timestamp": "2026-09-29T02:48:56.613194Z"}
{"email": "tg8468512348-b36fde64", "err": "All connection attempts failed", "event": "sync.traffic_failed", "level": "warning", "timestamp": "2026-09-29T02:48:56.614409Z"}
{"email": "tg8468512348-0a8dd48c", "err": "All connection attempts failed", "event": "sync.traffic_failed", "level": "warning", "timestamp": "2026-09-29T02:48:56.615619Z"}
{"email": "tg8468512348-0fe1b387", "err": "All connection attempts failed", "event": "sync.traffic_failed", "level": "warning", "timestamp": "2026-09-29T02:48:56.616871Z"}
{"email": "tg8468512348-5971502c", "err": "All connection attempts failed", "event": "sync.traffic_failed", "level": "warning", "timestamp": "2026-09-29T02:48:56.618622Z"}
{"updated": 5, "event": "sync_traffic.done", "level": "info", "timestamp": "2026-09-29T02:48:57.104966Z"}
{"email": "tg5435975876-5b782c49", "err": "All connection attempts failed", "event": "sync.traffic_failed", "level": "warning", "timestamp": "2026-09-29T03:03:56.654635Z"}
{"email": "web-ad78af6c", "err": "All connection attempts failed", "event": "sync.traffic_failed", "level": "warning", "timestamp": "2026-09-29T03:03:56.660429Z"}
{"email": "tg8468512348-fdeabd2c", "err": "All connection attempts failed", "event": "sync.traffic_failed", "level": "warning", "timestamp": "2026-09-29T03:03:56.663039Z"}
{"email": "tg8468512348-aa6853d6", "err": "All connection attempts failed", "event": "sync.traffic_failed", "level": "warning", "timestamp": "2026-09-29T03:03:56.667614Z"}
{"email": "tg8468512348-64f025a5", "err": "All connection attempts failed", "event": "sync.traffic_failed", "level": "warning", "timestamp": "2026-09-29T03:03:56.669694Z"}
{"email": "tg8468512348-ccebd3fa", "err": "All connection attempts failed", "event": "sync.traffic_failed", "level": "warning", "timestamp": "2026-09-29T03:03:56.673470Z"}
{"email": "tg8468512348-b7febaa3", "err": "All connection attempts failed", "event": "sync.traffic_failed", "level": "warning", "timestamp": "2026-09-29T03:03:56.676991Z"}
{"email": "tg8468512348-ca791fcc", "err": "All connection attempts failed", "event": "sync.traffic_failed", "level": "warning", "timestamp": "2026-09-29T03:03:56.678830Z"}
{"email": "tg8468512348-414763c5", "err": "All connection attempts failed", "event": "sync.traffic_failed", "level": "warning", "timestamp": "2026-09-29T03:03:56.680291Z"}
{"email": "tg8468512348-401776d8", "err": "All connection attempts failed", "event": "sync.traffic_failed", "level": "warning", "timestamp": "2026-09-29T03:03:56.681351Z"}
{"email": "tg8468512348-0799d731", "err": "All connection attempts failed", "event": "sync.traffic_failed", "level": "warning", "timestamp": "2026-09-29T03:03:56.682357Z"}
{"email": "tg8468512348-7a60e445", "err": "All connection attempts failed", "event": "sync.traffic_failed", "level": "warning", "timestamp": "2026-09-29T03:03:56.683454Z"}
{"email": "tg8468512348-b36fde64", "err": "All connection attempts failed", "event": "sync.traffic_failed", "level": "warning", "timestamp": "2026-09-29T03:03:56.685628Z"}
{"email": "tg8468512348-0a8dd48c", "err": "All connection attempts failed", "event": "sync.traffic_failed", "level": "warning", "timestamp": "2026-09-29T03:03:56.686398Z"}
{"email": "tg8468512348-0fe1b387", "err": "All connection attempts failed", "event": "sync.traffic_failed", "level": "warning", "timestamp": "2026-09-29T03:03:56.687469Z"}
{"email": "tg8468512348-5971502c", "err": "All connection attempts failed", "event": "sync.traffic_failed", "level": "warning", "timestamp": "2026-09-29T03:03:56.688756Z"}
{"updated": 5, "event": "sync_traffic.done", "level": "info", "timestamp": "2026-09-29T03:03:57.164134Z"}
{"email": "tg5435975876-5b782c49", "err": "All connection attempts failed", "event": "sync.traffic_failed", "level": "warning", "timestamp": "2026-09-29T03:18:56.613920Z"}
{"email": "web-ad78af6c", "err": "All connection attempts failed", "event": "sync.traffic_failed", "level": "warning", "timestamp": "2026-09-29T03:18:56.615750Z"}
{"email": "tg8468512348-fdeabd2c", "err": "All connection attempts failed", "event": "sync.traffic_failed", "level": "warning", "timestamp": "2026-09-29T03:18:56.617121Z"}
{"email": "tg8468512348-aa6853d6", "err": "All connection attempts failed", "event": "sync.traffic_failed", "level": "warning", "timestamp": "2026-09-29T03:18:56.618421Z"}
{"email": "tg8468512348-64f025a5", "err": "All connection attempts failed", "event": "sync.traffic_failed", "level": "warning", "timestamp": "2026-09-29T03:18:56.620394Z"}
{"email": "tg8468512348-ccebd3fa", "err": "All connection attempts failed", "event": "sync.traffic_failed", "level": "warning", "timestamp": "2026-09-29T03:18:56.621544Z"}
{"email": "tg8468512348-b7febaa3", "err": "All connection attempts failed", "event": "sync.traffic_failed", "level": "warning", "timestamp": "2026-09-29T03:18:56.622826Z"}
{"email": "tg8468512348-ca791fcc", "err": "All connection attempts failed", "event": "sync.traffic_failed", "level": "warning", "timestamp": "2026-09-29T03:18:56.632101Z"}
{"email": "tg8468512348-414763c5", "err": "All connection attempts failed", "event": "sync.traffic_failed", "level": "warning", "timestamp": "2026-09-29T03:18:56.636694Z"}
{"email": "tg8468512348-401776d8", "err": "All connection attempts failed", "event": "sync.traffic_failed", "level": "warning", "timestamp": "2026-09-29T03:18:56.638347Z"}
{"email": "tg8468512348-0799d731", "err": "All connection attempts failed", "event": "sync.traffic_failed", "level": "warning", "timestamp": "2026-09-29T03:18:56.640850Z"}
{"email": "tg8468512348-7a60e445", "err": "All connection attempts failed", "event": "sync.traffic_failed", "level": "warning", "timestamp": "2026-09-29T03:18:56.642316Z"}
{"email": "tg8468512348-b36fde64", "err": "All connection attempts failed", "event": "sync.traffic_failed", "level": "warning", "timestamp": "2026-09-29T03:18:56.643675Z"}
{"email": "tg8468512348-0a8dd48c", "err": "All connection attempts failed", "event": "sync.traffic_failed", "level": "warning", "timestamp": "2026-09-29T03:18:56.644901Z"}
{"email": "tg8468512348-0fe1b387", "err": "All connection attempts failed", "event": "sync.traffic_failed", "level": "warning", "timestamp": "2026-09-29T03:18:56.646219Z"}
{"email": "tg8468512348-5971502c", "err": "All connection attempts failed", "event": "sync.traffic_failed", "level": "warning", "timestamp": "2026-09-29T03:18:56.647598Z"}
{"updated": 5, "event": "sync_traffic.done", "level": "info", "timestamp": "2026-09-29T03:18:57.084285Z"}
{"email": "tg5435975876-5b782c49", "err": "All connection attempts failed", "event": "sync.traffic_failed", "level": "warning", "timestamp": "2026-09-29T03:33:56.645984Z"}
{"email": "web-ad78af6c", "err": "All connection attempts failed", "event": "sync.traffic_failed", "level": "warning", "timestamp": "2026-09-29T03:33:56.653269Z"}
{"email": "tg8468512348-fdeabd2c", "err": "All connection attempts failed", "event": "sync.traffic_failed", "level": "warning", "timestamp": "2026-09-29T03:33:56.656711Z"}
{"email": "tg8468512348-aa6853d6", "err": "All connection attempts failed", "event": "sync.traffic_failed", "level": "warning", "timestamp": "2026-09-29T03:33:56.659081Z"}
{"email": "tg8468512348-64f025a5", "err": "All connection attempts failed", "event": "sync.traffic_failed", "level": "warning", "timestamp": "2026-09-29T03:33:56.661891Z"}
{"email": "tg8468512348-ccebd3fa", "err": "All connection attempts failed", "event": "sync.traffic_failed", "level": "warning", "timestamp": "2026-09-29T03:33:56.665173Z"}
{"email": "tg8468512348-b7febaa3", "err": "All connection attempts failed", "event": "sync.traffic_failed", "level": "warning", "timestamp": "2026-09-29T03:33:56.667599Z"}
{"email": "tg8468512348-ca791fcc", "err": "All connection attempts failed", "event": "sync.traffic_failed", "level": "warning", "timestamp": "2026-09-29T03:33:56.673855Z"}
{"email": "tg8468512348-414763c5", "err": "All connection attempts failed", "event": "sync.traffic_failed", "level": "warning", "timestamp": "2026-09-29T03:33:56.680095Z"}
{"email": "tg8468512348-401776d8", "err": "All connection attempts failed", "event": "sync.traffic_failed", "level": "warning", "timestamp": "2026-09-29T03:33:56.682325Z"}
{"email": "tg8468512348-0799d731", "err": "All connection attempts failed", "event": "sync.traffic_failed", "level": "warning", "timestamp": "2026-09-29T03:33:56.685864Z"}
{"email": "tg8468512348-7a60e445", "err": "All connection attempts failed", "event": "sync.traffic_failed", "level": "warning", "timestamp": "2026-09-29T03:33:56.688700Z"}
{"email": "tg8468512348-b36fde64", "err": "All connection attempts failed", "event": "sync.traffic_failed", "level": "warning", "timestamp": "2026-09-29T03:33:56.691131Z"}
{"email": "tg8468512348-0a8dd48c", "err": "All connection attempts failed", "event": "sync.traffic_failed", "level": "warning", "timestamp": "2026-09-29T03:33:56.693581Z"}
{"email": "tg8468512348-0fe1b387", "err": "All connection attempts failed", "event": "sync.traffic_failed", "level": "warning", "timestamp": "2026-09-29T03:33:56.695307Z"}
{"email": "tg8468512348-5971502c", "err": "All connection attempts failed", "event": "sync.traffic_failed", "level": "warning", "timestamp": "2026-09-29T03:33:56.699135Z"}
{"updated": 5, "event": "sync_traffic.done", "level": "info", "timestamp": "2026-09-29T03:33:57.155320Z"}
{"email": "tg5435975876-5b782c49", "err": "All connection attempts failed", "event": "sync.traffic_failed", "level": "warning", "timestamp": "2026-09-29T03:48:56.620166Z"}
{"email": "web-ad78af6c", "err": "All connection attempts failed", "event": "sync.traffic_failed", "level": "warning", "timestamp": "2026-09-29T03:48:56.621572Z"}
{"email": "tg8468512348-fdeabd2c", "err": "All connection attempts failed", "event": "sync.traffic_failed", "level": "warning", "timestamp": "2026-09-29T03:48:56.622615Z"}
{"email": "tg8468512348-aa6853d6", "err": "All connection attempts failed", "event": "sync.traffic_failed", "level": "warning", "timestamp": "2026-09-29T03:48:56.623825Z"}
{"email": "tg8468512348-64f025a5", "err": "All connection attempts failed", "event": "sync.traffic_failed", "level": "warning", "timestamp": "2026-09-29T03:48:56.625949Z"}
{"email": "tg8468512348-ccebd3fa", "err": "All connection attempts failed", "event": "sync.traffic_failed", "level": "warning", "timestamp": "2026-09-29T03:48:56.627134Z"}
{"email": "tg8468512348-b7febaa3", "err": "All connection attempts failed", "event": "sync.traffic_failed", "level": "warning", "timestamp": "2026-09-29T03:48:56.628428Z"}
{"email": "tg8468512348-ca791fcc", "err": "All connection attempts failed", "event": "sync.traffic_failed", "level": "warning", "timestamp": "2026-09-29T03:48:56.629727Z"}
{"email": "tg8468512348-414763c5", "err": "All connection attempts failed", "event": "sync.traffic_failed", "level": "warning", "timestamp": "2026-09-29T03:48:56.630892Z"}
{"email": "tg8468512348-401776d8", "err": "All connection attempts failed", "event": "sync.traffic_failed", "level": "warning", "timestamp": "2026-09-29T03:48:56.632621Z"}
{"email": "tg8468512348-0799d731", "err": "All connection attempts failed", "event": "sync.traffic_failed", "level": "warning", "timestamp": "2026-09-29T03:48:56.634346Z"}
{"email": "tg8468512348-7a60e445", "err": "All connection attempts failed", "event": "sync.traffic_failed", "level": "warning", "timestamp": "2026-09-29T03:48:56.637044Z"}
{"email": "tg8468512348-b36fde64", "err": "All connection attempts failed", "event": "sync.traffic_failed", "level": "warning", "timestamp": "2026-09-29T03:48:56.638626Z"}
{"email": "tg8468512348-0a8dd48c", "err": "All connection attempts failed", "event": "sync.traffic_failed", "level": "warning", "timestamp": "2026-09-29T03:48:56.640077Z"}
{"email": "tg8468512348-0fe1b387", "err": "All connection attempts failed", "event": "sync.traffic_failed", "level": "warning", "timestamp": "2026-09-29T03:48:56.641468Z"}
{"email": "tg8468512348-5971502c", "err": "All connection attempts failed", "event": "sync.traffic_failed", "level": "warning", "timestamp": "2026-09-29T03:48:56.643364Z"}
{"updated": 5, "event": "sync_traffic.done", "level": "info", "timestamp": "2026-09-29T03:48:57.138636Z"}
{"email": "tg5435975876-5b782c49", "err": "All connection attempts failed", "event": "sync.traffic_failed", "level": "warning", "timestamp": "2026-09-29T04:03:56.638995Z"}
{"email": "web-ad78af6c", "err": "All connection attempts failed", "event": "sync.traffic_failed", "level": "warning", "timestamp": "2026-09-29T04:03:56.641073Z"}
{"email": "tg8468512348-fdeabd2c", "err": "All connection attempts failed", "event": "sync.traffic_failed", "level": "warning", "timestamp": "2026-09-29T04:03:56.643611Z"}
{"email": "tg8468512348-aa6853d6", "err": "All connection attempts failed", "event": "sync.traffic_failed", "level": "warning", "timestamp": "2026-09-29T04:03:56.646030Z"}
{"email": "tg8468512348-64f025a5", "err": "All connection attempts failed", "event": "sync.traffic_failed", "level": "warning", "timestamp": "2026-09-29T04:03:56.650000Z"}
{"email": "tg8468512348-ccebd3fa", "err": "All connection attempts failed", "event": "sync.traffic_failed", "level": "warning", "timestamp": "2026-09-29T04:03:56.653431Z"}
{"email": "tg8468512348-b7febaa3", "err": "All connection attempts failed", "event": "sync.traffic_failed", "level": "warning", "timestamp": "2026-09-29T04:03:56.655128Z"}
{"email": "tg8468512348-ca791fcc", "err": "All connection attempts failed", "event": "sync.traffic_failed", "level": "warning", "timestamp": "2026-09-29T04:03:56.658912Z"}
{"email": "tg8468512348-414763c5", "err": "All connection attempts failed", "event": "sync.traffic_failed", "level": "warning", "timestamp": "2026-09-29T04:03:56.662551Z"}
{"email": "tg8468512348-401776d8", "err": "All connection attempts failed", "event": "sync.traffic_failed", "level": "warning", "timestamp": "2026-09-29T04:03:56.664934Z"}
{"email": "tg8468512348-0799d731", "err": "All connection attempts failed", "event": "sync.traffic_failed", "level": "warning", "timestamp": "2026-09-29T04:03:56.666635Z"}
{"email": "tg8468512348-7a60e445", "err": "All connection attempts failed", "event": "sync.traffic_failed", "level": "warning", "timestamp": "2026-09-29T04:03:56.668131Z"}
{"email": "tg8468512348-b36fde64", "err": "All connection attempts failed", "event": "sync.traffic_failed", "level": "warning", "timestamp": "2026-09-29T04:03:56.670371Z"}
{"email": "tg8468512348-0a8dd48c", "err": "All connection attempts failed", "event": "sync.traffic_failed", "level": "warning", "timestamp": "2026-09-29T04:03:56.671860Z"}
{"email": "tg8468512348-0fe1b387", "err": "All connection attempts failed", "event": "sync.traffic_failed", "level": "warning", "timestamp": "2026-09-29T04:03:56.673132Z"}
{"email": "tg8468512348-5971502c", "err": "All connection attempts failed", "event": "sync.traffic_failed", "level": "warning", "timestamp": "2026-09-29T04:03:56.674317Z"}
{"updated": 5, "event": "sync_traffic.done", "level": "info", "timestamp": "2026-09-29T04:03:57.167451Z"}
{"email": "tg5435975876-5b782c49", "err": "All connection attempts failed", "event": "sync.traffic_failed", "level": "warning", "timestamp": "2026-09-29T04:18:56.637142Z"}
{"email": "web-ad78af6c", "err": "All connection attempts failed", "event": "sync.traffic_failed", "level": "warning", "timestamp": "2026-09-29T04:18:56.638662Z"}
{"email": "tg8468512348-fdeabd2c", "err": "All connection attempts failed", "event": "sync.traffic_failed", "level": "warning", "timestamp": "2026-09-29T04:18:56.639796Z"}
{"email": "tg8468512348-aa6853d6", "err": "All connection attempts failed", "event": "sync.traffic_failed", "level": "warning", "timestamp": "2026-09-29T04:18:56.640985Z"}
{"email": "tg8468512348-64f025a5", "err": "All connection attempts failed", "event": "sync.traffic_failed", "level": "warning", "timestamp": "2026-09-29T04:18:56.642326Z"}
{"email": "tg8468512348-ccebd3fa", "err": "All connection attempts failed", "event": "sync.traffic_failed", "level": "warning", "timestamp": "2026-09-29T04:18:56.643345Z"}
{"email": "tg8468512348-b7febaa3", "err": "All connection attempts failed", "event": "sync.traffic_failed", "level": "warning", "timestamp": "2026-09-29T04:18:56.644572Z"}
{"email": "tg8468512348-ca791fcc", "err": "All connection attempts failed", "event": "sync.traffic_failed", "level": "warning", "timestamp": "2026-09-29T04:18:56.645717Z"}
{"email": "tg8468512348-414763c5", "err": "All connection attempts failed", "event": "sync.traffic_failed", "level": "warning", "timestamp": "2026-09-29T04:18:56.646736Z"}
{"email": "tg8468512348-401776d8", "err": "All connection attempts failed", "event": "sync.traffic_failed", "level": "warning", "timestamp": "2026-09-29T04:18:56.648539Z"}
{"email": "tg8468512348-0799d731", "err": "All connection attempts failed", "event": "sync.traffic_failed", "level": "warning", "timestamp": "2026-09-29T04:18:56.650706Z"}
{"email": "tg8468512348-7a60e445", "err": "All connection attempts failed", "event": "sync.traffic_failed", "level": "warning", "timestamp": "2026-09-29T04:18:56.651860Z"}
{"email": "tg8468512348-b36fde64", "err": "All connection attempts failed", "event": "sync.traffic_failed", "level": "warning", "timestamp": "2026-09-29T04:18:56.652941Z"}
{"email": "tg8468512348-0a8dd48c", "err": "All connection attempts failed", "event": "sync.traffic_failed", "level": "warning", "timestamp": "2026-09-29T04:18:56.654046Z"}
{"email": "tg8468512348-0fe1b387", "err": "All connection attempts failed", "event": "sync.traffic_failed", "level": "warning", "timestamp": "2026-09-29T04:18:56.655276Z"}
{"email": "tg8468512348-5971502c", "err": "All connection attempts failed", "event": "sync.traffic_failed", "level": "warning", "timestamp": "2026-09-29T04:18:56.656848Z"}
{"updated": 5, "event": "sync_traffic.done", "level": "info", "timestamp": "2026-09-29T04:18:57.113233Z"}
{"email": "tg5435975876-5b782c49", "err": "All connection attempts failed", "event": "sync.traffic_failed", "level": "warning", "timestamp": "2026-09-29T04:33:56.683105Z"}
{"server": "lv", "err": "All connection attempts failed", "event": "reconcile.panel_unreachable", "level": "warning", "timestamp": "2026-09-29T04:33:56.685706Z"}
{"email": "web-ad78af6c", "err": "All connection attempts failed", "event": "sync.traffic_failed", "level": "warning", "timestamp": "2026-09-29T04:33:56.792403Z"}
{"email": "tg8468512348-fdeabd2c", "err": "All connection attempts failed", "event": "sync.traffic_failed", "level": "warning", "timestamp": "2026-09-29T04:33:56.796958Z"}
{"email": "tg8468512348-aa6853d6", "err": "All connection attempts failed", "event": "sync.traffic_failed", "level": "warning", "timestamp": "2026-09-29T04:33:56.802000Z"}
{"email": "tg8468512348-64f025a5", "err": "All connection attempts failed", "event": "sync.traffic_failed", "level": "warning", "timestamp": "2026-09-29T04:33:56.804172Z"}
{"email": "tg8468512348-ccebd3fa", "err": "All connection attempts failed", "event": "sync.traffic_failed", "level": "warning", "timestamp": "2026-09-29T04:33:56.806685Z"}
{"email": "tg8468512348-b7febaa3", "err": "All connection attempts failed", "event": "sync.traffic_failed", "level": "warning", "timestamp": "2026-09-29T04:33:56.808612Z"}
{"email": "tg8468512348-ca791fcc", "err": "All connection attempts failed", "event": "sync.traffic_failed", "level": "warning", "timestamp": "2026-09-29T04:33:56.809935Z"}
{"email": "tg8468512348-414763c5", "err": "All connection attempts failed", "event": "sync.traffic_failed", "level": "warning", "timestamp": "2026-09-29T04:33:56.811098Z"}
{"email": "tg8468512348-401776d8", "err": "All connection attempts failed", "event": "sync.traffic_failed", "level": "warning", "timestamp": "2026-09-29T04:33:56.813026Z"}
{"email": "tg8468512348-0799d731", "err": "All connection attempts failed", "event": "sync.traffic_failed", "level": "warning", "timestamp": "2026-09-29T04:33:56.814738Z"}
{"email": "tg8468512348-7a60e445", "err": "All connection attempts failed", "event": "sync.traffic_failed", "level": "warning", "timestamp": "2026-09-29T04:33:56.815970Z"}
{"email": "tg8468512348-b36fde64", "err": "All connection attempts failed", "event": "sync.traffic_failed", "level": "warning", "timestamp": "2026-09-29T04:33:56.818000Z"}
{"email": "tg8468512348-0a8dd48c", "err": "All connection attempts failed", "event": "sync.traffic_failed", "level": "warning", "timestamp": "2026-09-29T04:33:56.819707Z"}
{"email": "tg8468512348-0fe1b387", "err": "All connection attempts failed", "event": "sync.traffic_failed", "level": "warning", "timestamp": "2026-09-29T04:33:56.820984Z"}
{"email": "tg8468512348-5971502c", "err": "All connection attempts failed", "event": "sync.traffic_failed", "level": "warning", "timestamp": "2026-09-29T04:33:56.822247Z"}
{"updated": 5, "event": "sync_traffic.done", "level": "info", "timestamp": "2026-09-29T04:33:57.330255Z"}
{"email": "tg5435975876-5b782c49", "err": "All connection attempts failed", "event": "sync.traffic_failed", "level": "warning", "timestamp": "2026-09-29T04:48:56.613533Z"}
{"email": "web-ad78af6c", "err": "All connection attempts failed", "event": "sync.traffic_failed", "level": "warning", "timestamp": "2026-09-29T04:48:56.615364Z"}
{"email": "tg8468512348-fdeabd2c", "err": "All connection attempts failed", "event": "sync.traffic_failed", "level": "warning", "timestamp": "2026-09-29T04:48:56.616781Z"}
{"email": "tg8468512348-aa6853d6", "err": "All connection attempts failed", "event": "sync.traffic_failed", "level": "warning", "timestamp": "2026-09-29T04:48:56.618033Z"}
{"email": "tg8468512348-64f025a5", "err": "All connection attempts failed", "event": "sync.traffic_failed", "level": "warning", "timestamp": "2026-09-29T04:48:56.620456Z"}
{"email": "tg8468512348-ccebd3fa", "err": "All connection attempts failed", "event": "sync.traffic_failed", "level": "warning", "timestamp": "2026-09-29T04:48:56.621925Z"}
{"email": "tg8468512348-b7febaa3", "err": "All connection attempts failed", "event": "sync.traffic_failed", "level": "warning", "timestamp": "2026-09-29T04:48:56.623761Z"}
{"email": "tg8468512348-ca791fcc", "err": "All connection attempts failed", "event": "sync.traffic_failed", "level": "warning", "timestamp": "2026-09-29T04:48:56.624789Z"}
{"email": "tg8468512348-414763c5", "err": "All connection attempts failed", "event": "sync.traffic_failed", "level": "warning", "timestamp": "2026-09-29T04:48:56.625843Z"}
{"email": "tg8468512348-401776d8", "err": "All connection attempts failed", "event": "sync.traffic_failed", "level": "warning", "timestamp": "2026-09-29T04:48:56.628545Z"}
{"email": "tg8468512348-0799d731", "err": "All connection attempts failed", "event": "sync.traffic_failed", "level": "warning", "timestamp": "2026-09-29T04:48:56.631119Z"}
{"email": "tg8468512348-7a60e445", "err": "All connection attempts failed", "event": "sync.traffic_failed", "level": "warning", "timestamp": "2026-09-29T04:48:56.632367Z"}
{"email": "tg8468512348-b36fde64", "err": "All connection attempts failed", "event": "sync.traffic_failed", "level": "warning", "timestamp": "2026-09-29T04:48:56.633547Z"}
{"email": "tg8468512348-0a8dd48c", "err": "All connection attempts failed", "event": "sync.traffic_failed", "level": "warning", "timestamp": "2026-09-29T04:48:56.634615Z"}
{"email": "tg8468512348-0fe1b387", "err": "All connection attempts failed", "event": "sync.traffic_failed", "level": "warning", "timestamp": "2026-09-29T04:48:56.635756Z"}
{"email": "tg8468512348-5971502c", "err": "All connection attempts failed", "event": "sync.traffic_failed", "level": "warning", "timestamp": "2026-09-29T04:48:56.637038Z"}
{"updated": 5, "event": "sync_traffic.done", "level": "info", "timestamp": "2026-09-29T04:48:57.097165Z"}
{"email": "tg5435975876-5b782c49", "err": "All connection attempts failed", "event": "sync.traffic_failed", "level": "warning", "timestamp": "2026-09-29T05:03:56.663648Z"}
{"email": "web-ad78af6c", "err": "All connection attempts failed", "event": "sync.traffic_failed", "level": "warning", "timestamp": "2026-09-29T05:03:56.665969Z"}
{"email": "tg8468512348-fdeabd2c", "err": "All connection attempts failed", "event": "sync.traffic_failed", "level": "warning", "timestamp": "2026-09-29T05:03:56.669411Z"}
{"email": "tg8468512348-aa6853d6", "err": "All connection attempts failed", "event": "sync.traffic_failed", "level": "warning", "timestamp": "2026-09-29T05:03:56.673667Z"}
{"email": "tg8468512348-64f025a5", "err": "All connection attempts failed", "event": "sync.traffic_failed", "level": "warning", "timestamp": "2026-09-29T05:03:56.676636Z"}
{"email": "tg8468512348-ccebd3fa", "err": "All connection attempts failed", "event": "sync.traffic_failed", "level": "warning", "timestamp": "2026-09-29T05:03:56.680393Z"}
{"email": "tg8468512348-b7febaa3", "err": "All connection attempts failed", "event": "sync.traffic_failed", "level": "warning", "timestamp": "2026-09-29T05:03:56.684258Z"}
{"email": "tg8468512348-ca791fcc", "err": "All connection attempts failed", "event": "sync.traffic_failed", "level": "warning", "timestamp": "2026-09-29T05:03:56.687214Z"}
{"email": "tg8468512348-414763c5", "err": "All connection attempts failed", "event": "sync.traffic_failed", "level": "warning", "timestamp": "2026-09-29T05:03:56.689625Z"}
{"email": "tg8468512348-401776d8", "err": "All connection attempts failed", "event": "sync.traffic_failed", "level": "warning", "timestamp": "2026-09-29T05:03:56.691665Z"}
{"email": "tg8468512348-0799d731", "err": "All connection attempts failed", "event": "sync.traffic_failed", "level": "warning", "timestamp": "2026-09-29T05:03:56.693173Z"}
{"email": "tg8468512348-7a60e445", "err": "All connection attempts failed", "event": "sync.traffic_failed", "level": "warning", "timestamp": "2026-09-29T05:03:56.694584Z"}
{"email": "tg8468512348-b36fde64", "err": "All connection attempts failed", "event": "sync.traffic_failed", "level": "warning", "timestamp": "2026-09-29T05:03:56.696667Z"}
{"email": "tg8468512348-0a8dd48c", "err": "All connection attempts failed", "event": "sync.traffic_failed", "level": "warning", "timestamp": "2026-09-29T05:03:56.697911Z"}
{"email": "tg8468512348-0fe1b387", "err": "All connection attempts failed", "event": "sync.traffic_failed", "level": "warning", "timestamp": "2026-09-29T05:03:56.699074Z"}
{"email": "tg8468512348-5971502c", "err": "All connection attempts failed", "event": "sync.traffic_failed", "level": "warning", "timestamp": "2026-09-29T05:03:56.708746Z"}
{"updated": 5, "event": "sync_traffic.done", "level": "info", "timestamp": "2026-09-29T05:03:57.187235Z"}
{"email": "tg5435975876-5b782c49", "err": "All connection attempts failed", "event": "sync.traffic_failed", "level": "warning", "timestamp": "2026-09-29T05:18:56.637596Z"}
{"email": "web-ad78af6c", "err": "All connection attempts failed", "event": "sync.traffic_failed", "level": "warning", "timestamp": "2026-09-29T05:18:56.639797Z"}
{"email": "tg8468512348-fdeabd2c", "err": "All connection attempts failed", "event": "sync.traffic_failed", "level": "warning", "timestamp": "2026-09-29T05:18:56.641477Z"}
{"email": "tg8468512348-aa6853d6", "err": "All connection attempts failed", "event": "sync.traffic_failed", "level": "warning", "timestamp": "2026-09-29T05:18:56.643037Z"}
{"email": "tg8468512348-64f025a5", "err": "All connection attempts failed", "event": "sync.traffic_failed", "level": "warning", "timestamp": "2026-09-29T05:18:56.645768Z"}
{"email": "tg8468512348-ccebd3fa", "err": "All connection attempts failed", "event": "sync.traffic_failed", "level": "warning", "timestamp": "2026-09-29T05:18:56.647141Z"}
{"email": "tg8468512348-b7febaa3", "err": "All connection attempts failed", "event": "sync.traffic_failed", "level": "warning", "timestamp": "2026-09-29T05:18:56.648468Z"}
{"email": "tg8468512348-ca791fcc", "err": "All connection attempts failed", "event": "sync.traffic_failed", "level": "warning", "timestamp": "2026-09-29T05:18:56.649721Z"}
{"email": "tg8468512348-414763c5", "err": "All connection attempts failed", "event": "sync.traffic_failed", "level": "warning", "timestamp": "2026-09-29T05:18:56.650877Z"}
{"email": "tg8468512348-401776d8", "err": "All connection attempts failed", "event": "sync.traffic_failed", "level": "warning", "timestamp": "2026-09-29T05:18:56.652769Z"}
{"email": "tg8468512348-0799d731", "err": "All connection attempts failed", "event": "sync.traffic_failed", "level": "warning", "timestamp": "2026-09-29T05:18:56.654000Z"}
{"email": "tg8468512348-7a60e445", "err": "All connection attempts failed", "event": "sync.traffic_failed", "level": "warning", "timestamp": "2026-09-29T05:18:56.656170Z"}
{"email": "tg8468512348-b36fde64", "err": "All connection attempts failed", "event": "sync.traffic_failed", "level": "warning", "timestamp": "2026-09-29T05:18:56.658435Z"}
{"email": "tg8468512348-0a8dd48c", "err": "All connection attempts failed", "event": "sync.traffic_failed", "level": "warning", "timestamp": "2026-09-29T05:18:56.659721Z"}
{"email": "tg8468512348-0fe1b387", "err": "All connection attempts failed", "event": "sync.traffic_failed", "level": "warning", "timestamp": "2026-09-29T05:18:56.660770Z"}
{"email": "tg8468512348-5971502c", "err": "All connection attempts failed", "event": "sync.traffic_failed", "level": "warning", "timestamp": "2026-09-29T05:18:56.662585Z"}
{"updated": 5, "event": "sync_traffic.done", "level": "info", "timestamp": "2026-09-29T05:18:57.156492Z"}
{"email": "tg5435975876-5b782c49", "err": "All connection attempts failed", "event": "sync.traffic_failed", "level": "warning", "timestamp": "2026-09-29T05:33:56.682274Z"}
{"email": "web-ad78af6c", "err": "All connection attempts failed", "event": "sync.traffic_failed", "level": "warning", "timestamp": "2026-09-29T05:33:56.684715Z"}
{"email": "tg8468512348-fdeabd2c", "err": "All connection attempts failed", "event": "sync.traffic_failed", "level": "warning", "timestamp": "2026-09-29T05:33:56.687094Z"}
{"email": "tg8468512348-aa6853d6", "err": "All connection attempts failed", "event": "sync.traffic_failed", "level": "warning", "timestamp": "2026-09-29T05:33:56.689216Z"}
{"email": "tg8468512348-64f025a5", "err": "All connection attempts failed", "event": "sync.traffic_failed", "level": "warning", "timestamp": "2026-09-29T05:33:56.692925Z"}
{"email": "tg8468512348-ccebd3fa", "err": "All connection attempts failed", "event": "sync.traffic_failed", "level": "warning", "timestamp": "2026-09-29T05:33:56.698051Z"}
{"email": "tg8468512348-b7febaa3", "err": "All connection attempts failed", "event": "sync.traffic_failed", "level": "warning", "timestamp": "2026-09-29T05:33:56.700112Z"}
{"email": "tg8468512348-ca791fcc", "err": "All connection attempts failed", "event": "sync.traffic_failed", "level": "warning", "timestamp": "2026-09-29T05:33:56.704963Z"}
{"email": "tg8468512348-414763c5", "err": "All connection attempts failed", "event": "sync.traffic_failed", "level": "warning", "timestamp": "2026-09-29T05:33:56.707675Z"}
{"email": "tg8468512348-401776d8", "err": "All connection attempts failed", "event": "sync.traffic_failed", "level": "warning", "timestamp": "2026-09-29T05:33:56.709592Z"}
{"email": "tg8468512348-0799d731", "err": "All connection attempts failed", "event": "sync.traffic_failed", "level": "warning", "timestamp": "2026-09-29T05:33:56.711079Z"}
{"email": "tg8468512348-7a60e445", "err": "All connection attempts failed", "event": "sync.traffic_failed", "level": "warning", "timestamp": "2026-09-29T05:33:56.712758Z"}
{"email": "tg8468512348-b36fde64", "err": "All connection attempts failed", "event": "sync.traffic_failed", "level": "warning", "timestamp": "2026-09-29T05:33:56.714414Z"}
{"email": "tg8468512348-0a8dd48c", "err": "All connection attempts failed", "event": "sync.traffic_failed", "level": "warning", "timestamp": "2026-09-29T05:33:56.716330Z"}
{"email": "tg8468512348-0fe1b387", "err": "All connection attempts failed", "event": "sync.traffic_failed", "level": "warning", "timestamp": "2026-09-29T05:33:56.719148Z"}
{"email": "tg8468512348-5971502c", "err": "All connection attempts failed", "event": "sync.traffic_failed", "level": "warning", "timestamp": "2026-09-29T05:33:56.720904Z"}
{"updated": 5, "event": "sync_traffic.done", "level": "info", "timestamp": "2026-09-29T05:33:57.153450Z"}
{"email": "tg5435975876-5b782c49", "err": "All connection attempts failed", "event": "sync.traffic_failed", "level": "warning", "timestamp": "2026-09-29T05:48:56.641367Z"}
{"email": "web-ad78af6c", "err": "All connection attempts failed", "event": "sync.traffic_failed", "level": "warning", "timestamp": "2026-09-29T05:48:56.643403Z"}
{"email": "tg8468512348-fdeabd2c", "err": "All connection attempts failed", "event": "sync.traffic_failed", "level": "warning", "timestamp": "2026-09-29T05:48:56.645000Z"}
{"email": "tg8468512348-aa6853d6", "err": "All connection attempts failed", "event": "sync.traffic_failed", "level": "warning", "timestamp": "2026-09-29T05:48:56.646546Z"}
{"email": "tg8468512348-64f025a5", "err": "All connection attempts failed", "event": "sync.traffic_failed", "level": "warning", "timestamp": "2026-09-29T05:48:56.648966Z"}
{"email": "tg8468512348-ccebd3fa", "err": "All connection attempts failed", "event": "sync.traffic_failed", "level": "warning", "timestamp": "2026-09-29T05:48:56.650617Z"}
{"email": "tg8468512348-b7febaa3", "err": "All connection attempts failed", "event": "sync.traffic_failed", "level": "warning", "timestamp": "2026-09-29T05:48:56.652183Z"}
{"email": "tg8468512348-ca791fcc", "err": "All connection attempts failed", "event": "sync.traffic_failed", "level": "warning", "timestamp": "2026-09-29T05:48:56.653662Z"}
{"email": "tg8468512348-414763c5", "err": "All connection attempts failed", "event": "sync.traffic_failed", "level": "warning", "timestamp": "2026-09-29T05:48:56.656890Z"}
{"email": "tg8468512348-401776d8", "err": "All connection attempts failed", "event": "sync.traffic_failed", "level": "warning", "timestamp": "2026-09-29T05:48:56.658444Z"}
{"email": "tg8468512348-0799d731", "err": "All connection attempts failed", "event": "sync.traffic_failed", "level": "warning", "timestamp": "2026-09-29T05:48:56.661358Z"}
{"email": "tg8468512348-7a60e445", "err": "All connection attempts failed", "event": "sync.traffic_failed", "level": "warning", "timestamp": "2026-09-29T05:48:56.662691Z"}
{"email": "tg8468512348-b36fde64", "err": "All connection attempts failed", "event": "sync.traffic_failed", "level": "warning", "timestamp": "2026-09-29T05:48:56.663962Z"}
{"email": "tg8468512348-0a8dd48c", "err": "All connection attempts failed", "event": "sync.traffic_failed", "level": "warning", "timestamp": "2026-09-29T05:48:56.665188Z"}
{"email": "tg8468512348-0fe1b387", "err": "All connection attempts failed", "event": "sync.traffic_failed", "level": "warning", "timestamp": "2026-09-29T05:48:56.666483Z"}
{"email": "tg8468512348-5971502c", "err": "All connection attempts failed", "event": "sync.traffic_failed", "level": "warning", "timestamp": "2026-09-29T05:48:56.668070Z"}
{"updated": 5, "event": "sync_traffic.done", "level": "info", "timestamp": "2026-09-29T05:48:57.158696Z"}
{"email": "tg5435975876-5b782c49", "err": "All connection attempts failed", "event": "sync.traffic_failed", "level": "warning", "timestamp": "2026-09-29T06:03:56.646996Z"}
{"email": "web-ad78af6c", "err": "All connection attempts failed", "event": "sync.traffic_failed", "level": "warning", "timestamp": "2026-09-29T06:03:56.649885Z"}
{"email": "tg8468512348-fdeabd2c", "err": "All connection attempts failed", "event": "sync.traffic_failed", "level": "warning", "timestamp": "2026-09-29T06:03:56.652797Z"}
{"email": "tg8468512348-aa6853d6", "err": "All connection attempts failed", "event": "sync.traffic_failed", "level": "warning", "timestamp": "2026-09-29T06:03:56.655134Z"}
{"email": "tg8468512348-64f025a5", "err": "All connection attempts failed", "event": "sync.traffic_failed", "level": "warning", "timestamp": "2026-09-29T06:03:56.657732Z"}
{"email": "tg8468512348-ccebd3fa", "err": "All connection attempts failed", "event": "sync.traffic_failed", "level": "warning", "timestamp": "2026-09-29T06:03:56.660637Z"}
{"email": "tg8468512348-b7febaa3", "err": "All connection attempts failed", "event": "sync.traffic_failed", "level": "warning", "timestamp": "2026-09-29T06:03:56.665956Z"}
{"email": "tg8468512348-ca791fcc", "err": "All connection attempts failed", "event": "sync.traffic_failed", "level": "warning", "timestamp": "2026-09-29T06:03:56.668196Z"}
{"email": "tg8468512348-414763c5", "err": "All connection attempts failed", "event": "sync.traffic_failed", "level": "warning", "timestamp": "2026-09-29T06:03:56.672413Z"}
{"email": "tg8468512348-401776d8", "err": "All connection attempts failed", "event": "sync.traffic_failed", "level": "warning", "timestamp": "2026-09-29T06:03:56.676648Z"}
{"email": "tg8468512348-0799d731", "err": "All connection attempts failed", "event": "sync.traffic_failed", "level": "warning", "timestamp": "2026-09-29T06:03:56.678394Z"}
{"email": "tg8468512348-7a60e445", "err": "All connection attempts failed", "event": "sync.traffic_failed", "level": "warning", "timestamp": "2026-09-29T06:03:56.680597Z"}
{"email": "tg8468512348-b36fde64", "err": "All connection attempts failed", "event": "sync.traffic_failed", "level": "warning", "timestamp": "2026-09-29T06:03:56.681786Z"}
{"email": "tg8468512348-0a8dd48c", "err": "All connection attempts failed", "event": "sync.traffic_failed", "level": "warning", "timestamp": "2026-09-29T06:03:56.683894Z"}
{"email": "tg8468512348-0fe1b387", "err": "All connection attempts failed", "event": "sync.traffic_failed", "level": "warning", "timestamp": "2026-09-29T06:03:56.685278Z"}
{"email": "tg8468512348-5971502c", "err": "All connection attempts failed", "event": "sync.traffic_failed", "level": "warning", "timestamp": "2026-09-29T06:03:56.687157Z"}
{"updated": 5, "event": "sync_traffic.done", "level": "info", "timestamp": "2026-09-29T06:03:57.160701Z"}
{"email": "tg5435975876-5b782c49", "err": "All connection attempts failed", "event": "sync.traffic_failed", "level": "warning", "timestamp": "2026-09-29T06:18:56.628580Z"}
{"email": "web-ad78af6c", "err": "All connection attempts failed", "event": "sync.traffic_failed", "level": "warning", "timestamp": "2026-09-29T06:18:56.630379Z"}
{"email": "tg8468512348-fdeabd2c", "err": "All connection attempts failed", "event": "sync.traffic_failed", "level": "warning", "timestamp": "2026-09-29T06:18:56.632064Z"}
{"email": "tg8468512348-aa6853d6", "err": "All connection attempts failed", "event": "sync.traffic_failed", "level": "warning", "timestamp": "2026-09-29T06:18:56.633954Z"}
{"email": "tg8468512348-64f025a5", "err": "All connection attempts failed", "event": "sync.traffic_failed", "level": "warning", "timestamp": "2026-09-29T06:18:56.636524Z"}
{"email": "tg8468512348-ccebd3fa", "err": "All connection attempts failed", "event": "sync.traffic_failed", "level": "warning", "timestamp": "2026-09-29T06:18:56.638083Z"}
{"email": "tg8468512348-b7febaa3", "err": "All connection attempts failed", "event": "sync.traffic_failed", "level": "warning", "timestamp": "2026-09-29T06:18:56.639738Z"}
{"email": "tg8468512348-ca791fcc", "err": "All connection attempts failed", "event": "sync.traffic_failed", "level": "warning", "timestamp": "2026-09-29T06:18:56.641088Z"}
{"email": "tg8468512348-414763c5", "err": "All connection attempts failed", "event": "sync.traffic_failed", "level": "warning", "timestamp": "2026-09-29T06:18:56.643199Z"}
{"email": "tg8468512348-401776d8", "err": "All connection attempts failed", "event": "sync.traffic_failed", "level": "warning", "timestamp": "2026-09-29T06:18:56.645532Z"}
{"email": "tg8468512348-0799d731", "err": "All connection attempts failed", "event": "sync.traffic_failed", "level": "warning", "timestamp": "2026-09-29T06:18:56.647528Z"}
{"email": "tg8468512348-7a60e445", "err": "All connection attempts failed", "event": "sync.traffic_failed", "level": "warning", "timestamp": "2026-09-29T06:18:56.648713Z"}
{"email": "tg8468512348-b36fde64", "err": "All connection attempts failed", "event": "sync.traffic_failed", "level": "warning", "timestamp": "2026-09-29T06:18:56.649974Z"}
{"email": "tg8468512348-0a8dd48c", "err": "All connection attempts failed", "event": "sync.traffic_failed", "level": "warning", "timestamp": "2026-09-29T06:18:56.651386Z"}
{"email": "tg8468512348-0fe1b387", "err": "All connection attempts failed", "event": "sync.traffic_failed", "level": "warning", "timestamp": "2026-09-29T06:18:56.652804Z"}
{"email": "tg8468512348-5971502c", "err": "All connection attempts failed", "event": "sync.traffic_failed", "level": "warning", "timestamp": "2026-09-29T06:18:56.653982Z"}
{"updated": 5, "event": "sync_traffic.done", "level": "info", "timestamp": "2026-09-29T06:18:57.133902Z"}
{"email": "tg5435975876-5b782c49", "err": "All connection attempts failed", "event": "sync.traffic_failed", "level": "warning", "timestamp": "2026-09-29T06:33:56.674453Z"}
{"email": "web-ad78af6c", "err": "All connection attempts failed", "event": "sync.traffic_failed", "level": "warning", "timestamp": "2026-09-29T06:33:56.679266Z"}
{"email": "tg8468512348-fdeabd2c", "err": "All connection attempts failed", "event": "sync.traffic_failed", "level": "warning", "timestamp": "2026-09-29T06:33:56.681623Z"}
{"email": "tg8468512348-aa6853d6", "err": "All connection attempts failed", "event": "sync.traffic_failed", "level": "warning", "timestamp": "2026-09-29T06:33:56.684640Z"}
{"email": "tg8468512348-64f025a5", "err": "All connection attempts failed", "event": "sync.traffic_failed", "level": "warning", "timestamp": "2026-09-29T06:33:56.686371Z"}
{"email": "tg8468512348-ccebd3fa", "err": "All connection attempts failed", "event": "sync.traffic_failed", "level": "warning", "timestamp": "2026-09-29T06:33:56.688256Z"}
{"email": "tg8468512348-b7febaa3", "err": "All connection attempts failed", "event": "sync.traffic_failed", "level": "warning", "timestamp": "2026-09-29T06:33:56.690955Z"}
{"email": "tg8468512348-ca791fcc", "err": "All connection attempts failed", "event": "sync.traffic_failed", "level": "warning", "timestamp": "2026-09-29T06:33:56.695783Z"}
{"email": "tg8468512348-414763c5", "err": "All connection attempts failed", "event": "sync.traffic_failed", "level": "warning", "timestamp": "2026-09-29T06:33:56.701884Z"}
{"email": "tg8468512348-401776d8", "err": "All connection attempts failed", "event": "sync.traffic_failed", "level": "warning", "timestamp": "2026-09-29T06:33:56.704414Z"}
{"email": "tg8468512348-0799d731", "err": "All connection attempts failed", "event": "sync.traffic_failed", "level": "warning", "timestamp": "2026-09-29T06:33:56.708103Z"}
{"email": "tg8468512348-7a60e445", "err": "All connection attempts failed", "event": "sync.traffic_failed", "level": "warning", "timestamp": "2026-09-29T06:33:56.710768Z"}
{"email": "tg8468512348-b36fde64", "err": "All connection attempts failed", "event": "sync.traffic_failed", "level": "warning", "timestamp": "2026-09-29T06:33:56.713361Z"}
{"email": "tg8468512348-0a8dd48c", "err": "All connection attempts failed", "event": "sync.traffic_failed", "level": "warning", "timestamp": "2026-09-29T06:33:56.715068Z"}
{"email": "tg8468512348-0fe1b387", "err": "All connection attempts failed", "event": "sync.traffic_failed", "level": "warning", "timestamp": "2026-09-29T06:33:56.716969Z"}
{"email": "tg8468512348-5971502c", "err": "All connection attempts failed", "event": "sync.traffic_failed", "level": "warning", "timestamp": "2026-09-29T06:33:56.718490Z"}
{"updated": 5, "event": "sync_traffic.done", "level": "info", "timestamp": "2026-09-29T06:33:57.199482Z"}
{"email": "tg5435975876-5b782c49", "err": "All connection attempts failed", "event": "sync.traffic_failed", "level": "warning", "timestamp": "2026-09-29T06:48:56.619432Z"}
{"email": "web-ad78af6c", "err": "All connection attempts failed", "event": "sync.traffic_failed", "level": "warning", "timestamp": "2026-09-29T06:48:56.621312Z"}
{"email": "tg8468512348-fdeabd2c", "err": "All connection attempts failed", "event": "sync.traffic_failed", "level": "warning", "timestamp": "2026-09-29T06:48:56.622434Z"}
{"email": "tg8468512348-aa6853d6", "err": "All connection attempts failed", "event": "sync.traffic_failed", "level": "warning", "timestamp": "2026-09-29T06:48:56.623402Z"}
{"email": "tg8468512348-64f025a5", "err": "All connection attempts failed", "event": "sync.traffic_failed", "level": "warning", "timestamp": "2026-09-29T06:48:56.624982Z"}
{"email": "tg8468512348-ccebd3fa", "err": "All connection attempts failed", "event": "sync.traffic_failed", "level": "warning", "timestamp": "2026-09-29T06:48:56.625864Z"}
{"email": "tg8468512348-b7febaa3", "err": "All connection attempts failed", "event": "sync.traffic_failed", "level": "warning", "timestamp": "2026-09-29T06:48:56.626901Z"}
{"email": "tg8468512348-ca791fcc", "err": "All connection attempts failed", "event": "sync.traffic_failed", "level": "warning", "timestamp": "2026-09-29T06:48:56.627827Z"}
{"email": "tg8468512348-414763c5", "err": "All connection attempts failed", "event": "sync.traffic_failed", "level": "warning", "timestamp": "2026-09-29T06:48:56.628969Z"}
{"email": "tg8468512348-401776d8", "err": "All connection attempts failed", "event": "sync.traffic_failed", "level": "warning", "timestamp": "2026-09-29T06:48:56.630968Z"}
{"email": "tg8468512348-0799d731", "err": "All connection attempts failed", "event": "sync.traffic_failed", "level": "warning", "timestamp": "2026-09-29T06:48:56.632461Z"}
{"email": "tg8468512348-7a60e445", "err": "All connection attempts failed", "event": "sync.traffic_failed", "level": "warning", "timestamp": "2026-09-29T06:48:56.634117Z"}
{"email": "tg8468512348-b36fde64", "err": "All connection attempts failed", "event": "sync.traffic_failed", "level": "warning", "timestamp": "2026-09-29T06:48:56.635703Z"}
{"email": "tg8468512348-0a8dd48c", "err": "All connection attempts failed", "event": "sync.traffic_failed", "level": "warning", "timestamp": "2026-09-29T06:48:56.636900Z"}
{"email": "tg8468512348-0fe1b387", "err": "All connection attempts failed", "event": "sync.traffic_failed", "level": "warning", "timestamp": "2026-09-29T06:48:56.637962Z"}
{"email": "tg8468512348-5971502c", "err": "All connection attempts failed", "event": "sync.traffic_failed", "level": "warning", "timestamp": "2026-09-29T06:48:56.639930Z"}
{"updated": 5, "event": "sync_traffic.done", "level": "info", "timestamp": "2026-09-29T06:48:57.126684Z"}
{"email": "tg5435975876-5b782c49", "err": "All connection attempts failed", "event": "sync.traffic_failed", "level": "warning", "timestamp": "2026-09-29T07:03:56.650559Z"}
{"email": "web-ad78af6c", "err": "All connection attempts failed", "event": "sync.traffic_failed", "level": "warning", "timestamp": "2026-09-29T07:03:56.655289Z"}
{"email": "tg8468512348-fdeabd2c", "err": "All connection attempts failed", "event": "sync.traffic_failed", "level": "warning", "timestamp": "2026-09-29T07:03:56.659179Z"}
{"email": "tg8468512348-aa6853d6", "err": "All connection attempts failed", "event": "sync.traffic_failed", "level": "warning", "timestamp": "2026-09-29T07:03:56.663004Z"}
{"email": "tg8468512348-64f025a5", "err": "All connection attempts failed", "event": "sync.traffic_failed", "level": "warning", "timestamp": "2026-09-29T07:03:56.665576Z"}
{"email": "tg8468512348-ccebd3fa", "err": "All connection attempts failed", "event": "sync.traffic_failed", "level": "warning", "timestamp": "2026-09-29T07:03:56.668282Z"}
{"email": "tg8468512348-b7febaa3", "err": "All connection attempts failed", "event": "sync.traffic_failed", "level": "warning", "timestamp": "2026-09-29T07:03:56.670795Z"}
{"email": "tg8468512348-ca791fcc", "err": "All connection attempts failed", "event": "sync.traffic_failed", "level": "warning", "timestamp": "2026-09-29T07:03:56.673593Z"}
{"email": "tg8468512348-414763c5", "err": "All connection attempts failed", "event": "sync.traffic_failed", "level": "warning", "timestamp": "2026-09-29T07:03:56.675076Z"}
{"email": "tg8468512348-401776d8", "err": "All connection attempts failed", "event": "sync.traffic_failed", "level": "warning", "timestamp": "2026-09-29T07:03:56.676388Z"}
{"email": "tg8468512348-0799d731", "err": "All connection attempts failed", "event": "sync.traffic_failed", "level": "warning", "timestamp": "2026-09-29T07:03:56.677650Z"}
{"email": "tg8468512348-7a60e445", "err": "All connection attempts failed", "event": "sync.traffic_failed", "level": "warning", "timestamp": "2026-09-29T07:03:56.679704Z"}
{"email": "tg8468512348-b36fde64", "err": "All connection attempts failed", "event": "sync.traffic_failed", "level": "warning", "timestamp": "2026-09-29T07:03:56.680870Z"}
{"email": "tg8468512348-0a8dd48c", "err": "All connection attempts failed", "event": "sync.traffic_failed", "level": "warning", "timestamp": "2026-09-29T07:03:56.681764Z"}
{"email": "tg8468512348-0fe1b387", "err": "All connection attempts failed", "event": "sync.traffic_failed", "level": "warning", "timestamp": "2026-09-29T07:03:56.682658Z"}
{"email": "tg8468512348-5971502c", "err": "All connection attempts failed", "event": "sync.traffic_failed", "level": "warning", "timestamp": "2026-09-29T07:03:56.683536Z"}
{"updated": 5, "event": "sync_traffic.done", "level": "info", "timestamp": "2026-09-29T07:03:57.181119Z"}
{"email": "tg5435975876-5b782c49", "err": "All connection attempts failed", "event": "sync.traffic_failed", "level": "warning", "timestamp": "2026-09-29T07:18:56.648833Z"}
{"email": "web-ad78af6c", "err": "All connection attempts failed", "event": "sync.traffic_failed", "level": "warning", "timestamp": "2026-09-29T07:18:56.650911Z"}
{"email": "tg8468512348-fdeabd2c", "err": "All connection attempts failed", "event": "sync.traffic_failed", "level": "warning", "timestamp": "2026-09-29T07:18:56.652557Z"}
{"email": "tg8468512348-aa6853d6", "err": "All connection attempts failed", "event": "sync.traffic_failed", "level": "warning", "timestamp": "2026-09-29T07:18:56.653917Z"}
{"email": "tg8468512348-64f025a5", "err": "All connection attempts failed", "event": "sync.traffic_failed", "level": "warning", "timestamp": "2026-09-29T07:18:56.655887Z"}
{"email": "tg8468512348-ccebd3fa", "err": "All connection attempts failed", "event": "sync.traffic_failed", "level": "warning", "timestamp": "2026-09-29T07:18:56.657072Z"}
{"email": "tg8468512348-b7febaa3", "err": "All connection attempts failed", "event": "sync.traffic_failed", "level": "warning", "timestamp": "2026-09-29T07:18:56.658405Z"}
{"email": "tg8468512348-ca791fcc", "err": "All connection attempts failed", "event": "sync.traffic_failed", "level": "warning", "timestamp": "2026-09-29T07:18:56.659605Z"}
{"email": "tg8468512348-414763c5", "err": "All connection attempts failed", "event": "sync.traffic_failed", "level": "warning", "timestamp": "2026-09-29T07:18:56.660479Z"}
{"email": "tg8468512348-401776d8", "err": "All connection attempts failed", "event": "sync.traffic_failed", "level": "warning", "timestamp": "2026-09-29T07:18:56.661564Z"}
{"email": "tg8468512348-0799d731", "err": "All connection attempts failed", "event": "sync.traffic_failed", "level": "warning", "timestamp": "2026-09-29T07:18:56.669932Z"}
{"email": "tg8468512348-7a60e445", "err": "All connection attempts failed", "event": "sync.traffic_failed", "level": "warning", "timestamp": "2026-09-29T07:18:56.675994Z"}
{"email": "tg8468512348-b36fde64", "err": "All connection attempts failed", "event": "sync.traffic_failed", "level": "warning", "timestamp": "2026-09-29T07:18:56.677454Z"}
{"email": "tg8468512348-0a8dd48c", "err": "All connection attempts failed", "event": "sync.traffic_failed", "level": "warning", "timestamp": "2026-09-29T07:18:56.678907Z"}
{"email": "tg8468512348-0fe1b387", "err": "All connection attempts failed", "event": "sync.traffic_failed", "level": "warning", "timestamp": "2026-09-29T07:18:56.680423Z"}
{"email": "tg8468512348-5971502c", "err": "All connection attempts failed", "event": "sync.traffic_failed", "level": "warning", "timestamp": "2026-09-29T07:18:56.681717Z"}
{"updated": 5, "event": "sync_traffic.done", "level": "info", "timestamp": "2026-09-29T07:18:57.170704Z"}
{"email": "tg5435975876-5b782c49", "err": "All connection attempts failed", "event": "sync.traffic_failed", "level": "warning", "timestamp": "2026-09-29T07:33:56.684723Z"}
{"email": "web-ad78af6c", "err": "All connection attempts failed", "event": "sync.traffic_failed", "level": "warning", "timestamp": "2026-09-29T07:33:56.687532Z"}
{"email": "tg8468512348-fdeabd2c", "err": "All connection attempts failed", "event": "sync.traffic_failed", "level": "warning", "timestamp": "2026-09-29T07:33:56.691117Z"}
{"email": "tg8468512348-aa6853d6", "err": "All connection attempts failed", "event": "sync.traffic_failed", "level": "warning", "timestamp": "2026-09-29T07:33:56.692923Z"}
{"email": "tg8468512348-64f025a5", "err": "All connection attempts failed", "event": "sync.traffic_failed", "level": "warning", "timestamp": "2026-09-29T07:33:56.695804Z"}
{"email": "tg8468512348-ccebd3fa", "err": "All connection attempts failed", "event": "sync.traffic_failed", "level": "warning", "timestamp": "2026-09-29T07:33:56.698360Z"}
{"email": "tg8468512348-b7febaa3", "err": "All connection attempts failed", "event": "sync.traffic_failed", "level": "warning", "timestamp": "2026-09-29T07:33:56.702538Z"}
{"email": "tg8468512348-ca791fcc", "err": "All connection attempts failed", "event": "sync.traffic_failed", "level": "warning", "timestamp": "2026-09-29T07:33:56.706162Z"}
{"email": "tg8468512348-414763c5", "err": "All connection attempts failed", "event": "sync.traffic_failed", "level": "warning", "timestamp": "2026-09-29T07:33:56.709144Z"}
{"email": "tg8468512348-401776d8", "err": "All connection attempts failed", "event": "sync.traffic_failed", "level": "warning", "timestamp": "2026-09-29T07:33:56.710713Z"}
{"email": "tg8468512348-0799d731", "err": "All connection attempts failed", "event": "sync.traffic_failed", "level": "warning", "timestamp": "2026-09-29T07:33:56.712212Z"}
{"email": "tg8468512348-7a60e445", "err": "All connection attempts failed", "event": "sync.traffic_failed", "level": "warning", "timestamp": "2026-09-29T07:33:56.714206Z"}
{"email": "tg8468512348-b36fde64", "err": "All connection attempts failed", "event": "sync.traffic_failed", "level": "warning", "timestamp": "2026-09-29T07:33:56.716399Z"}
{"email": "tg8468512348-0a8dd48c", "err": "All connection attempts failed", "event": "sync.traffic_failed", "level": "warning", "timestamp": "2026-09-29T07:33:56.720386Z"}
{"email": "tg8468512348-0fe1b387", "err": "All connection attempts failed", "event": "sync.traffic_failed", "level": "warning", "timestamp": "2026-09-29T07:33:56.722286Z"}
{"email": "tg8468512348-5971502c", "err": "All connection attempts failed", "event": "sync.traffic_failed", "level": "warning", "timestamp": "2026-09-29T07:33:56.724281Z"}
{"updated": 5, "event": "sync_traffic.done", "level": "info", "timestamp": "2026-09-29T07:33:57.164400Z"}
{"email": "tg5435975876-5b782c49", "err": "All connection attempts failed", "event": "sync.traffic_failed", "level": "warning", "timestamp": "2026-09-29T07:48:56.646077Z"}
{"email": "web-ad78af6c", "err": "All connection attempts failed", "event": "sync.traffic_failed", "level": "warning", "timestamp": "2026-09-29T07:48:56.647789Z"}
{"email": "tg8468512348-fdeabd2c", "err": "All connection attempts failed", "event": "sync.traffic_failed", "level": "warning", "timestamp": "2026-09-29T07:48:56.648829Z"}
{"email": "tg8468512348-aa6853d6", "err": "All connection attempts failed", "event": "sync.traffic_failed", "level": "warning", "timestamp": "2026-09-29T07:48:56.650093Z"}
{"email": "tg8468512348-64f025a5", "err": "All connection attempts failed", "event": "sync.traffic_failed", "level": "warning", "timestamp": "2026-09-29T07:48:56.652333Z"}
{"email": "tg8468512348-ccebd3fa", "err": "All connection attempts failed", "event": "sync.traffic_failed", "level": "warning", "timestamp": "2026-09-29T07:48:56.653794Z"}
{"email": "tg8468512348-b7febaa3", "err": "All connection attempts failed", "event": "sync.traffic_failed", "level": "warning", "timestamp": "2026-09-29T07:48:56.655074Z"}
{"email": "tg8468512348-ca791fcc", "err": "All connection attempts failed", "event": "sync.traffic_failed", "level": "warning", "timestamp": "2026-09-29T07:48:56.656244Z"}
{"email": "tg8468512348-414763c5", "err": "All connection attempts failed", "event": "sync.traffic_failed", "level": "warning", "timestamp": "2026-09-29T07:48:56.657383Z"}
{"email": "tg8468512348-401776d8", "err": "All connection attempts failed", "event": "sync.traffic_failed", "level": "warning", "timestamp": "2026-09-29T07:48:56.659083Z"}
{"email": "tg8468512348-0799d731", "err": "All connection attempts failed", "event": "sync.traffic_failed", "level": "warning", "timestamp": "2026-09-29T07:48:56.659971Z"}
{"email": "tg8468512348-7a60e445", "err": "All connection attempts failed", "event": "sync.traffic_failed", "level": "warning", "timestamp": "2026-09-29T07:48:56.660996Z"}
{"email": "tg8468512348-b36fde64", "err": "All connection attempts failed", "event": "sync.traffic_failed", "level": "warning", "timestamp": "2026-09-29T07:48:56.662017Z"}
{"email": "tg8468512348-0a8dd48c", "err": "All connection attempts failed", "event": "sync.traffic_failed", "level": "warning", "timestamp": "2026-09-29T07:48:56.663070Z"}
{"email": "tg8468512348-0fe1b387", "err": "All connection attempts failed", "event": "sync.traffic_failed", "level": "warning", "timestamp": "2026-09-29T07:48:56.664384Z"}
{"email": "tg8468512348-5971502c", "err": "All connection attempts failed", "event": "sync.traffic_failed", "level": "warning", "timestamp": "2026-09-29T07:48:56.668124Z"}
{"updated": 5, "event": "sync_traffic.done", "level": "info", "timestamp": "2026-09-29T07:48:57.097483Z"}
{"email": "tg5435975876-5b782c49", "err": "All connection attempts failed", "event": "sync.traffic_failed", "level": "warning", "timestamp": "2026-09-29T08:03:56.662206Z"}
{"email": "web-ad78af6c", "err": "All connection attempts failed", "event": "sync.traffic_failed", "level": "warning", "timestamp": "2026-09-29T08:03:56.670333Z"}
{"email": "tg8468512348-fdeabd2c", "err": "All connection attempts failed", "event": "sync.traffic_failed", "level": "warning", "timestamp": "2026-09-29T08:03:56.674769Z"}
{"email": "tg8468512348-aa6853d6", "err": "All connection attempts failed", "event": "sync.traffic_failed", "level": "warning", "timestamp": "2026-09-29T08:03:56.678372Z"}
{"email": "tg8468512348-64f025a5", "err": "All connection attempts failed", "event": "sync.traffic_failed", "level": "warning", "timestamp": "2026-09-29T08:03:56.681935Z"}
{"email": "tg8468512348-ccebd3fa", "err": "All connection attempts failed", "event": "sync.traffic_failed", "level": "warning", "timestamp": "2026-09-29T08:03:56.687764Z"}
{"email": "tg8468512348-b7febaa3", "err": "All connection attempts failed", "event": "sync.traffic_failed", "level": "warning", "timestamp": "2026-09-29T08:03:56.689707Z"}
{"email": "tg8468512348-ca791fcc", "err": "All connection attempts failed", "event": "sync.traffic_failed", "level": "warning", "timestamp": "2026-09-29T08:03:56.691212Z"}
{"email": "tg8468512348-414763c5", "err": "All connection attempts failed", "event": "sync.traffic_failed", "level": "warning", "timestamp": "2026-09-29T08:03:56.692709Z"}
{"email": "tg8468512348-401776d8", "err": "All connection attempts failed", "event": "sync.traffic_failed", "level": "warning", "timestamp": "2026-09-29T08:03:56.694139Z"}
{"email": "tg8468512348-0799d731", "err": "All connection attempts failed", "event": "sync.traffic_failed", "level": "warning", "timestamp": "2026-09-29T08:03:56.695658Z"}
{"email": "tg8468512348-7a60e445", "err": "All connection attempts failed", "event": "sync.traffic_failed", "level": "warning", "timestamp": "2026-09-29T08:03:56.696667Z"}
{"email": "tg8468512348-b36fde64", "err": "All connection attempts failed", "event": "sync.traffic_failed", "level": "warning", "timestamp": "2026-09-29T08:03:56.699005Z"}
{"email": "tg8468512348-0a8dd48c", "err": "All connection attempts failed", "event": "sync.traffic_failed", "level": "warning", "timestamp": "2026-09-29T08:03:56.700876Z"}
{"email": "tg8468512348-0fe1b387", "err": "All connection attempts failed", "event": "sync.traffic_failed", "level": "warning", "timestamp": "2026-09-29T08:03:56.702446Z"}
{"email": "tg8468512348-5971502c", "err": "All connection attempts failed", "event": "sync.traffic_failed", "level": "warning", "timestamp": "2026-09-29T08:03:56.704166Z"}
{"updated": 5, "event": "sync_traffic.done", "level": "info", "timestamp": "2026-09-29T08:03:57.186166Z"}
{"email": "tg5435975876-5b782c49", "err": "All connection attempts failed", "event": "sync.traffic_failed", "level": "warning", "timestamp": "2026-09-29T08:18:56.632015Z"}
{"email": "web-ad78af6c", "err": "All connection attempts failed", "event": "sync.traffic_failed", "level": "warning", "timestamp": "2026-09-29T08:18:56.634385Z"}
{"email": "tg8468512348-fdeabd2c", "err": "All connection attempts failed", "event": "sync.traffic_failed", "level": "warning", "timestamp": "2026-09-29T08:18:56.638100Z"}
{"email": "tg8468512348-aa6853d6", "err": "All connection attempts failed", "event": "sync.traffic_failed", "level": "warning", "timestamp": "2026-09-29T08:18:56.639842Z"}
{"email": "tg8468512348-64f025a5", "err": "All connection attempts failed", "event": "sync.traffic_failed", "level": "warning", "timestamp": "2026-09-29T08:18:56.642122Z"}
{"email": "tg8468512348-ccebd3fa", "err": "All connection attempts failed", "event": "sync.traffic_failed", "level": "warning", "timestamp": "2026-09-29T08:18:56.643894Z"}
{"email": "tg8468512348-b7febaa3", "err": "All connection attempts failed", "event": "sync.traffic_failed", "level": "warning", "timestamp": "2026-09-29T08:18:56.645979Z"}
{"email": "tg8468512348-ca791fcc", "err": "All connection attempts failed", "event": "sync.traffic_failed", "level": "warning", "timestamp": "2026-09-29T08:18:56.647348Z"}
{"email": "tg8468512348-414763c5", "err": "All connection attempts failed", "event": "sync.traffic_failed", "level": "warning", "timestamp": "2026-09-29T08:18:56.648903Z"}
{"email": "tg8468512348-401776d8", "err": "All connection attempts failed", "event": "sync.traffic_failed", "level": "warning", "timestamp": "2026-09-29T08:18:56.650791Z"}
{"email": "tg8468512348-0799d731", "err": "All connection attempts failed", "event": "sync.traffic_failed", "level": "warning", "timestamp": "2026-09-29T08:18:56.652260Z"}
{"email": "tg8468512348-7a60e445", "err": "All connection attempts failed", "event": "sync.traffic_failed", "level": "warning", "timestamp": "2026-09-29T08:18:56.655059Z"}
{"email": "tg8468512348-b36fde64", "err": "All connection attempts failed", "event": "sync.traffic_failed", "level": "warning", "timestamp": "2026-09-29T08:18:56.656304Z"}
{"email": "tg8468512348-0a8dd48c", "err": "All connection attempts failed", "event": "sync.traffic_failed", "level": "warning", "timestamp": "2026-09-29T08:18:56.657575Z"}
{"email": "tg8468512348-0fe1b387", "err": "All connection attempts failed", "event": "sync.traffic_failed", "level": "warning", "timestamp": "2026-09-29T08:18:56.658929Z"}
{"email": "tg8468512348-5971502c", "err": "All connection attempts failed", "event": "sync.traffic_failed", "level": "warning", "timestamp": "2026-09-29T08:18:56.660299Z"}
{"updated": 5, "event": "sync_traffic.done", "level": "info", "timestamp": "2026-09-29T08:18:57.160766Z"}
{"email": "tg5435975876-5b782c49", "err": "All connection attempts failed", "event": "sync.traffic_failed", "level": "warning", "timestamp": "2026-09-29T08:33:56.690678Z"}
{"email": "web-ad78af6c", "err": "All connection attempts failed", "event": "sync.traffic_failed", "level": "warning", "timestamp": "2026-09-29T08:33:56.695058Z"}
{"email": "tg8468512348-fdeabd2c", "err": "All connection attempts failed", "event": "sync.traffic_failed", "level": "warning", "timestamp": "2026-09-29T08:33:56.701132Z"}
{"email": "tg8468512348-aa6853d6", "err": "All connection attempts failed", "event": "sync.traffic_failed", "level": "warning", "timestamp": "2026-09-29T08:33:56.704209Z"}
{"email": "tg8468512348-64f025a5", "err": "All connection attempts failed", "event": "sync.traffic_failed", "level": "warning", "timestamp": "2026-09-29T08:33:56.706477Z"}
{"email": "tg8468512348-ccebd3fa", "err": "All connection attempts failed", "event": "sync.traffic_failed", "level": "warning", "timestamp": "2026-09-29T08:33:56.709237Z"}
{"email": "tg8468512348-b7febaa3", "err": "All connection attempts failed", "event": "sync.traffic_failed", "level": "warning", "timestamp": "2026-09-29T08:33:56.714453Z"}
{"email": "tg8468512348-ca791fcc", "err": "All connection attempts failed", "event": "sync.traffic_failed", "level": "warning", "timestamp": "2026-09-29T08:33:56.719474Z"}
{"email": "tg8468512348-414763c5", "err": "All connection attempts failed", "event": "sync.traffic_failed", "level": "warning", "timestamp": "2026-09-29T08:33:56.724301Z"}
{"email": "tg8468512348-401776d8", "err": "All connection attempts failed", "event": "sync.traffic_failed", "level": "warning", "timestamp": "2026-09-29T08:33:56.727107Z"}
{"email": "tg8468512348-0799d731", "err": "All connection attempts failed", "event": "sync.traffic_failed", "level": "warning", "timestamp": "2026-09-29T08:33:56.731094Z"}
{"email": "tg8468512348-7a60e445", "err": "All connection attempts failed", "event": "sync.traffic_failed", "level": "warning", "timestamp": "2026-09-29T08:33:56.733799Z"}
{"email": "tg8468512348-b36fde64", "err": "All connection attempts failed", "event": "sync.traffic_failed", "level": "warning", "timestamp": "2026-09-29T08:33:56.737172Z"}
{"email": "tg8468512348-0a8dd48c", "err": "All connection attempts failed", "event": "sync.traffic_failed", "level": "warning", "timestamp": "2026-09-29T08:33:56.740022Z"}
{"email": "tg8468512348-0fe1b387", "err": "All connection attempts failed", "event": "sync.traffic_failed", "level": "warning", "timestamp": "2026-09-29T08:33:56.743245Z"}
{"email": "tg8468512348-5971502c", "err": "All connection attempts failed", "event": "sync.traffic_failed", "level": "warning", "timestamp": "2026-09-29T08:33:56.745442Z"}
{"updated": 5, "event": "sync_traffic.done", "level": "info", "timestamp": "2026-09-29T08:33:57.249533Z"}
{"email": "tg5435975876-5b782c49", "err": "All connection attempts failed", "event": "sync.traffic_failed", "level": "warning", "timestamp": "2026-09-29T08:48:56.618157Z"}
{"email": "web-ad78af6c", "err": "All connection attempts failed", "event": "sync.traffic_failed", "level": "warning", "timestamp": "2026-09-29T08:48:56.620162Z"}
{"email": "tg8468512348-fdeabd2c", "err": "All connection attempts failed", "event": "sync.traffic_failed", "level": "warning", "timestamp": "2026-09-29T08:48:56.621691Z"}
{"email": "tg8468512348-aa6853d6", "err": "All connection attempts failed", "event": "sync.traffic_failed", "level": "warning", "timestamp": "2026-09-29T08:48:56.623178Z"}
{"email": "tg8468512348-64f025a5", "err": "All connection attempts failed", "event": "sync.traffic_failed", "level": "warning", "timestamp": "2026-09-29T08:48:56.625400Z"}
{"email": "tg8468512348-ccebd3fa", "err": "All connection attempts failed", "event": "sync.traffic_failed", "level": "warning", "timestamp": "2026-09-29T08:48:56.626926Z"}
{"email": "tg8468512348-b7febaa3", "err": "All connection attempts failed", "event": "sync.traffic_failed", "level": "warning", "timestamp": "2026-09-29T08:48:56.628138Z"}
{"email": "tg8468512348-ca791fcc", "err": "All connection attempts failed", "event": "sync.traffic_failed", "level": "warning", "timestamp": "2026-09-29T08:48:56.629424Z"}
{"email": "tg8468512348-414763c5", "err": "All connection attempts failed", "event": "sync.traffic_failed", "level": "warning", "timestamp": "2026-09-29T08:48:56.630666Z"}
{"email": "tg8468512348-401776d8", "err": "All connection attempts failed", "event": "sync.traffic_failed", "level": "warning", "timestamp": "2026-09-29T08:48:56.633391Z"}
{"email": "tg8468512348-0799d731", "err": "All connection attempts failed", "event": "sync.traffic_failed", "level": "warning", "timestamp": "2026-09-29T08:48:56.636384Z"}
{"email": "tg8468512348-7a60e445", "err": "All connection attempts failed", "event": "sync.traffic_failed", "level": "warning", "timestamp": "2026-09-29T08:48:56.637984Z"}
{"email": "tg8468512348-b36fde64", "err": "All connection attempts failed", "event": "sync.traffic_failed", "level": "warning", "timestamp": "2026-09-29T08:48:56.639402Z"}
{"email": "tg8468512348-0a8dd48c", "err": "All connection attempts failed", "event": "sync.traffic_failed", "level": "warning", "timestamp": "2026-09-29T08:48:56.641080Z"}
{"email": "tg8468512348-0fe1b387", "err": "All connection attempts failed", "event": "sync.traffic_failed", "level": "warning", "timestamp": "2026-09-29T08:48:56.642253Z"}
{"email": "tg8468512348-5971502c", "err": "All connection attempts failed", "event": "sync.traffic_failed", "level": "warning", "timestamp": "2026-09-29T08:48:56.643895Z"}
{"updated": 5, "event": "sync_traffic.done", "level": "info", "timestamp": "2026-09-29T08:48:57.078606Z"}
{"email": "tg5435975876-5b782c49", "err": "All connection attempts failed", "event": "sync.traffic_failed", "level": "warning", "timestamp": "2026-09-29T09:03:56.664383Z"}
{"email": "web-ad78af6c", "err": "All connection attempts failed", "event": "sync.traffic_failed", "level": "warning", "timestamp": "2026-09-29T09:03:56.666914Z"}
{"email": "tg8468512348-fdeabd2c", "err": "All connection attempts failed", "event": "sync.traffic_failed", "level": "warning", "timestamp": "2026-09-29T09:03:56.669459Z"}
{"email": "tg8468512348-aa6853d6", "err": "All connection attempts failed", "event": "sync.traffic_failed", "level": "warning", "timestamp": "2026-09-29T09:03:56.672394Z"}
{"email": "tg8468512348-64f025a5", "err": "All connection attempts failed", "event": "sync.traffic_failed", "level": "warning", "timestamp": "2026-09-29T09:03:56.674820Z"}
{"email": "tg8468512348-ccebd3fa", "err": "All connection attempts failed", "event": "sync.traffic_failed", "level": "warning", "timestamp": "2026-09-29T09:03:56.679175Z"}
{"email": "tg8468512348-b7febaa3", "err": "All connection attempts failed", "event": "sync.traffic_failed", "level": "warning", "timestamp": "2026-09-29T09:03:56.682878Z"}
{"email": "tg8468512348-ca791fcc", "err": "All connection attempts failed", "event": "sync.traffic_failed", "level": "warning", "timestamp": "2026-09-29T09:03:56.690818Z"}
{"email": "tg8468512348-414763c5", "err": "All connection attempts failed", "event": "sync.traffic_failed", "level": "warning", "timestamp": "2026-09-29T09:03:56.694125Z"}
{"email": "tg8468512348-401776d8", "err": "All connection attempts failed", "event": "sync.traffic_failed", "level": "warning", "timestamp": "2026-09-29T09:03:56.696359Z"}
{"email": "tg8468512348-0799d731", "err": "All connection attempts failed", "event": "sync.traffic_failed", "level": "warning", "timestamp": "2026-09-29T09:03:56.697747Z"}
{"email": "tg8468512348-7a60e445", "err": "All connection attempts failed", "event": "sync.traffic_failed", "level": "warning", "timestamp": "2026-09-29T09:03:56.699383Z"}
{"email": "tg8468512348-b36fde64", "err": "All connection attempts failed", "event": "sync.traffic_failed", "level": "warning", "timestamp": "2026-09-29T09:03:56.703050Z"}
{"email": "tg8468512348-0a8dd48c", "err": "All connection attempts failed", "event": "sync.traffic_failed", "level": "warning", "timestamp": "2026-09-29T09:03:56.704799Z"}
{"email": "tg8468512348-0fe1b387", "err": "All connection attempts failed", "event": "sync.traffic_failed", "level": "warning", "timestamp": "2026-09-29T09:03:56.706210Z"}
{"email": "tg8468512348-5971502c", "err": "All connection attempts failed", "event": "sync.traffic_failed", "level": "warning", "timestamp": "2026-09-29T09:03:56.707430Z"}
{"updated": 5, "event": "sync_traffic.done", "level": "info", "timestamp": "2026-09-29T09:03:57.140332Z"}
{"email": "tg5435975876-5b782c49", "err": "All connection attempts failed", "event": "sync.traffic_failed", "level": "warning", "timestamp": "2026-09-29T09:18:56.619348Z"}
{"email": "web-ad78af6c", "err": "All connection attempts failed", "event": "sync.traffic_failed", "level": "warning", "timestamp": "2026-09-29T09:18:56.622817Z"}
{"email": "tg8468512348-fdeabd2c", "err": "All connection attempts failed", "event": "sync.traffic_failed", "level": "warning", "timestamp": "2026-09-29T09:18:56.624399Z"}
{"email": "tg8468512348-aa6853d6", "err": "All connection attempts failed", "event": "sync.traffic_failed", "level": "warning", "timestamp": "2026-09-29T09:18:56.626102Z"}
{"email": "tg8468512348-64f025a5", "err": "All connection attempts failed", "event": "sync.traffic_failed", "level": "warning", "timestamp": "2026-09-29T09:18:56.628205Z"}
{"email": "tg8468512348-ccebd3fa", "err": "All connection attempts failed", "event": "sync.traffic_failed", "level": "warning", "timestamp": "2026-09-29T09:18:56.629451Z"}
{"email": "tg8468512348-b7febaa3", "err": "All connection attempts failed", "event": "sync.traffic_failed", "level": "warning", "timestamp": "2026-09-29T09:18:56.630681Z"}
{"email": "tg8468512348-ca791fcc", "err": "All connection attempts failed", "event": "sync.traffic_failed", "level": "warning", "timestamp": "2026-09-29T09:18:56.632049Z"}
{"email": "tg8468512348-414763c5", "err": "All connection attempts failed", "event": "sync.traffic_failed", "level": "warning", "timestamp": "2026-09-29T09:18:56.633313Z"}
{"email": "tg8468512348-401776d8", "err": "All connection attempts failed", "event": "sync.traffic_failed", "level": "warning", "timestamp": "2026-09-29T09:18:56.635966Z"}
{"email": "tg8468512348-0799d731", "err": "All connection attempts failed", "event": "sync.traffic_failed", "level": "warning", "timestamp": "2026-09-29T09:18:56.638337Z"}
{"email": "tg8468512348-7a60e445", "err": "All connection attempts failed", "event": "sync.traffic_failed", "level": "warning", "timestamp": "2026-09-29T09:18:56.641340Z"}
{"email": "tg8468512348-b36fde64", "err": "All connection attempts failed", "event": "sync.traffic_failed", "level": "warning", "timestamp": "2026-09-29T09:18:56.642984Z"}
{"email": "tg8468512348-0a8dd48c", "err": "All connection attempts failed", "event": "sync.traffic_failed", "level": "warning", "timestamp": "2026-09-29T09:18:56.644547Z"}
{"email": "tg8468512348-0fe1b387", "err": "All connection attempts failed", "event": "sync.traffic_failed", "level": "warning", "timestamp": "2026-09-29T09:18:56.645930Z"}
{"email": "tg8468512348-5971502c", "err": "All connection attempts failed", "event": "sync.traffic_failed", "level": "warning", "timestamp": "2026-09-29T09:18:56.648362Z"}
{"updated": 5, "event": "sync_traffic.done", "level": "info", "timestamp": "2026-09-29T09:18:57.168331Z"}
{"email": "tg5435975876-5b782c49", "err": "All connection attempts failed", "event": "sync.traffic_failed", "level": "warning", "timestamp": "2026-09-29T09:33:56.660481Z"}
{"email": "web-ad78af6c", "err": "All connection attempts failed", "event": "sync.traffic_failed", "level": "warning", "timestamp": "2026-09-29T09:33:56.663019Z"}
{"email": "tg8468512348-fdeabd2c", "err": "All connection attempts failed", "event": "sync.traffic_failed", "level": "warning", "timestamp": "2026-09-29T09:33:56.665112Z"}
{"email": "tg8468512348-aa6853d6", "err": "All connection attempts failed", "event": "sync.traffic_failed", "level": "warning", "timestamp": "2026-09-29T09:33:56.668731Z"}
{"email": "tg8468512348-64f025a5", "err": "All connection attempts failed", "event": "sync.traffic_failed", "level": "warning", "timestamp": "2026-09-29T09:33:56.673071Z"}
{"email": "tg8468512348-ccebd3fa", "err": "All connection attempts failed", "event": "sync.traffic_failed", "level": "warning", "timestamp": "2026-09-29T09:33:56.679038Z"}
{"email": "tg8468512348-b7febaa3", "err": "All connection attempts failed", "event": "sync.traffic_failed", "level": "warning", "timestamp": "2026-09-29T09:33:56.681741Z"}
{"email": "tg8468512348-ca791fcc", "err": "All connection attempts failed", "event": "sync.traffic_failed", "level": "warning", "timestamp": "2026-09-29T09:33:56.683955Z"}
{"email": "tg8468512348-414763c5", "err": "All connection attempts failed", "event": "sync.traffic_failed", "level": "warning", "timestamp": "2026-09-29T09:33:56.685996Z"}
{"email": "tg8468512348-401776d8", "err": "All connection attempts failed", "event": "sync.traffic_failed", "level": "warning", "timestamp": "2026-09-29T09:33:56.687786Z"}
{"email": "tg8468512348-0799d731", "err": "All connection attempts failed", "event": "sync.traffic_failed", "level": "warning", "timestamp": "2026-09-29T09:33:56.689729Z"}
{"email": "tg8468512348-7a60e445", "err": "All connection attempts failed", "event": "sync.traffic_failed", "level": "warning", "timestamp": "2026-09-29T09:33:56.691468Z"}
{"email": "tg8468512348-b36fde64", "err": "All connection attempts failed", "event": "sync.traffic_failed", "level": "warning", "timestamp": "2026-09-29T09:33:56.693116Z"}
{"email": "tg8468512348-0a8dd48c", "err": "All connection attempts failed", "event": "sync.traffic_failed", "level": "warning", "timestamp": "2026-09-29T09:33:56.694782Z"}
{"email": "tg8468512348-0fe1b387", "err": "All connection attempts failed", "event": "sync.traffic_failed", "level": "warning", "timestamp": "2026-09-29T09:33:56.697378Z"}
{"email": "tg8468512348-5971502c", "err": "All connection attempts failed", "event": "sync.traffic_failed", "level": "warning", "timestamp": "2026-09-29T09:33:56.699043Z"}
{"updated": 5, "event": "sync_traffic.done", "level": "info", "timestamp": "2026-09-29T09:33:57.198162Z"}
{"email": "tg5435975876-5b782c49", "err": "All connection attempts failed", "event": "sync.traffic_failed", "level": "warning", "timestamp": "2026-09-29T09:48:56.635932Z"}
{"email": "web-ad78af6c", "err": "All connection attempts failed", "event": "sync.traffic_failed", "level": "warning", "timestamp": "2026-09-29T09:48:56.641251Z"}
{"email": "tg8468512348-fdeabd2c", "err": "All connection attempts failed", "event": "sync.traffic_failed", "level": "warning", "timestamp": "2026-09-29T09:48:56.643173Z"}
{"email": "tg8468512348-aa6853d6", "err": "All connection attempts failed", "event": "sync.traffic_failed", "level": "warning", "timestamp": "2026-09-29T09:48:56.644950Z"}
{"email": "tg8468512348-64f025a5", "err": "All connection attempts failed", "event": "sync.traffic_failed", "level": "warning", "timestamp": "2026-09-29T09:48:56.649341Z"}
{"email": "tg8468512348-ccebd3fa", "err": "All connection attempts failed", "event": "sync.traffic_failed", "level": "warning", "timestamp": "2026-09-29T09:48:56.650955Z"}
{"email": "tg8468512348-b7febaa3", "err": "All connection attempts failed", "event": "sync.traffic_failed", "level": "warning", "timestamp": "2026-09-29T09:48:56.652576Z"}
{"email": "tg8468512348-ca791fcc", "err": "All connection attempts failed", "event": "sync.traffic_failed", "level": "warning", "timestamp": "2026-09-29T09:48:56.653987Z"}
{"email": "tg8468512348-414763c5", "err": "All connection attempts failed", "event": "sync.traffic_failed", "level": "warning", "timestamp": "2026-09-29T09:48:56.655387Z"}
{"email": "tg8468512348-401776d8", "err": "All connection attempts failed", "event": "sync.traffic_failed", "level": "warning", "timestamp": "2026-09-29T09:48:56.657727Z"}
{"email": "tg8468512348-0799d731", "err": "All connection attempts failed", "event": "sync.traffic_failed", "level": "warning", "timestamp": "2026-09-29T09:48:56.659725Z"}
{"email": "tg8468512348-7a60e445", "err": "All connection attempts failed", "event": "sync.traffic_failed", "level": "warning", "timestamp": "2026-09-29T09:48:56.661103Z"}
{"email": "tg8468512348-b36fde64", "err": "All connection attempts failed", "event": "sync.traffic_failed", "level": "warning", "timestamp": "2026-09-29T09:48:56.662446Z"}
{"email": "tg8468512348-0a8dd48c", "err": "All connection attempts failed", "event": "sync.traffic_failed", "level": "warning", "timestamp": "2026-09-29T09:48:56.663906Z"}
{"email": "tg8468512348-0fe1b387", "err": "All connection attempts failed", "event": "sync.traffic_failed", "level": "warning", "timestamp": "2026-09-29T09:48:56.665325Z"}
{"email": "tg8468512348-5971502c", "err": "All connection attempts failed", "event": "sync.traffic_failed", "level": "warning", "timestamp": "2026-09-29T09:48:56.667382Z"}
{"updated": 5, "event": "sync_traffic.done", "level": "info", "timestamp": "2026-09-29T09:48:57.157280Z"}
{"email": "tg5435975876-5b782c49", "err": "All connection attempts failed", "event": "sync.traffic_failed", "level": "warning", "timestamp": "2026-09-29T10:03:56.681317Z"}
{"email": "web-ad78af6c", "err": "All connection attempts failed", "event": "sync.traffic_failed", "level": "warning", "timestamp": "2026-09-29T10:03:56.683938Z"}
{"email": "tg8468512348-fdeabd2c", "err": "All connection attempts failed", "event": "sync.traffic_failed", "level": "warning", "timestamp": "2026-09-29T10:03:56.686199Z"}
{"email": "tg8468512348-aa6853d6", "err": "All connection attempts failed", "event": "sync.traffic_failed", "level": "warning", "timestamp": "2026-09-29T10:03:56.689372Z"}
{"email": "tg8468512348-64f025a5", "err": "All connection attempts failed", "event": "sync.traffic_failed", "level": "warning", "timestamp": "2026-09-29T10:03:56.695107Z"}
{"email": "tg8468512348-ccebd3fa", "err": "All connection attempts failed", "event": "sync.traffic_failed", "level": "warning", "timestamp": "2026-09-29T10:03:56.699619Z"}
{"email": "tg8468512348-b7febaa3", "err": "All connection attempts failed", "event": "sync.traffic_failed", "level": "warning", "timestamp": "2026-09-29T10:03:56.702113Z"}
{"email": "tg8468512348-ca791fcc", "err": "All connection attempts failed", "event": "sync.traffic_failed", "level": "warning", "timestamp": "2026-09-29T10:03:56.704091Z"}
{"email": "tg8468512348-414763c5", "err": "All connection attempts failed", "event": "sync.traffic_failed", "level": "warning", "timestamp": "2026-09-29T10:03:56.708166Z"}
{"email": "tg8468512348-401776d8", "err": "All connection attempts failed", "event": "sync.traffic_failed", "level": "warning", "timestamp": "2026-09-29T10:03:56.710718Z"}
{"email": "tg8468512348-0799d731", "err": "All connection attempts failed", "event": "sync.traffic_failed", "level": "warning", "timestamp": "2026-09-29T10:03:56.713690Z"}
{"email": "tg8468512348-7a60e445", "err": "All connection attempts failed", "event": "sync.traffic_failed", "level": "warning", "timestamp": "2026-09-29T10:03:56.716383Z"}
{"email": "tg8468512348-b36fde64", "err": "All connection attempts failed", "event": "sync.traffic_failed", "level": "warning", "timestamp": "2026-09-29T10:03:56.718444Z"}
{"email": "tg8468512348-0a8dd48c", "err": "All connection attempts failed", "event": "sync.traffic_failed", "level": "warning", "timestamp": "2026-09-29T10:03:56.720023Z"}
{"email": "tg8468512348-0fe1b387", "err": "All connection attempts failed", "event": "sync.traffic_failed", "level": "warning", "timestamp": "2026-09-29T10:03:56.721435Z"}
{"email": "tg8468512348-5971502c", "err": "All connection attempts failed", "event": "sync.traffic_failed", "level": "warning", "timestamp": "2026-09-29T10:03:56.722763Z"}
{"updated": 5, "event": "sync_traffic.done", "level": "info", "timestamp": "2026-09-29T10:03:57.195064Z"}
{"email": "tg5435975876-5b782c49", "err": "All connection attempts failed", "event": "sync.traffic_failed", "level": "warning", "timestamp": "2026-09-29T10:18:56.642210Z"}
{"email": "web-ad78af6c", "err": "All connection attempts failed", "event": "sync.traffic_failed", "level": "warning", "timestamp": "2026-09-29T10:18:56.644561Z"}
{"email": "tg8468512348-fdeabd2c", "err": "All connection attempts failed", "event": "sync.traffic_failed", "level": "warning", "timestamp": "2026-09-29T10:18:56.646172Z"}
{"email": "tg8468512348-aa6853d6", "err": "All connection attempts failed", "event": "sync.traffic_failed", "level": "warning", "timestamp": "2026-09-29T10:18:56.647895Z"}
{"email": "tg8468512348-64f025a5", "err": "All connection attempts failed", "event": "sync.traffic_failed", "level": "warning", "timestamp": "2026-09-29T10:18:56.651370Z"}
{"email": "tg8468512348-ccebd3fa", "err": "All connection attempts failed", "event": "sync.traffic_failed", "level": "warning", "timestamp": "2026-09-29T10:18:56.652884Z"}
{"email": "tg8468512348-b7febaa3", "err": "All connection attempts failed", "event": "sync.traffic_failed", "level": "warning", "timestamp": "2026-09-29T10:18:56.654215Z"}
{"email": "tg8468512348-ca791fcc", "err": "All connection attempts failed", "event": "sync.traffic_failed", "level": "warning", "timestamp": "2026-09-29T10:18:56.655618Z"}
{"email": "tg8468512348-414763c5", "err": "All connection attempts failed", "event": "sync.traffic_failed", "level": "warning", "timestamp": "2026-09-29T10:18:56.657164Z"}
{"email": "tg8468512348-401776d8", "err": "All connection attempts failed", "event": "sync.traffic_failed", "level": "warning", "timestamp": "2026-09-29T10:18:56.658624Z"}
{"email": "tg8468512348-0799d731", "err": "All connection attempts failed", "event": "sync.traffic_failed", "level": "warning", "timestamp": "2026-09-29T10:18:56.666683Z"}
{"email": "tg8468512348-7a60e445", "err": "All connection attempts failed", "event": "sync.traffic_failed", "level": "warning", "timestamp": "2026-09-29T10:18:56.668895Z"}
{"email": "tg8468512348-b36fde64", "err": "All connection attempts failed", "event": "sync.traffic_failed", "level": "warning", "timestamp": "2026-09-29T10:18:56.670826Z"}
{"email": "tg8468512348-0a8dd48c", "err": "All connection attempts failed", "event": "sync.traffic_failed", "level": "warning", "timestamp": "2026-09-29T10:18:56.672843Z"}
{"email": "tg8468512348-0fe1b387", "err": "All connection attempts failed", "event": "sync.traffic_failed", "level": "warning", "timestamp": "2026-09-29T10:18:56.674955Z"}
{"email": "tg8468512348-5971502c", "err": "All connection attempts failed", "event": "sync.traffic_failed", "level": "warning", "timestamp": "2026-09-29T10:18:56.676629Z"}
{"updated": 5, "event": "sync_traffic.done", "level": "info", "timestamp": "2026-09-29T10:18:57.149064Z"}
{"email": "tg5435975876-5b782c49", "err": "All connection attempts failed", "event": "sync.traffic_failed", "level": "warning", "timestamp": "2026-09-29T10:33:56.736705Z"}
{"server": "lv", "err": "All connection attempts failed", "event": "reconcile.panel_unreachable", "level": "warning", "timestamp": "2026-09-29T10:33:56.741010Z"}
{"email": "web-ad78af6c", "err": "All connection attempts failed", "event": "sync.traffic_failed", "level": "warning", "timestamp": "2026-09-29T10:33:56.819447Z"}
{"email": "tg8468512348-fdeabd2c", "err": "All connection attempts failed", "event": "sync.traffic_failed", "level": "warning", "timestamp": "2026-09-29T10:33:56.821755Z"}
{"email": "tg8468512348-aa6853d6", "err": "All connection attempts failed", "event": "sync.traffic_failed", "level": "warning", "timestamp": "2026-09-29T10:33:56.826225Z"}
{"email": "tg8468512348-64f025a5", "err": "All connection attempts failed", "event": "sync.traffic_failed", "level": "warning", "timestamp": "2026-09-29T10:33:56.832007Z"}
{"email": "tg8468512348-ccebd3fa", "err": "All connection attempts failed", "event": "sync.traffic_failed", "level": "warning", "timestamp": "2026-09-29T10:33:56.834104Z"}
{"email": "tg8468512348-b7febaa3", "err": "All connection attempts failed", "event": "sync.traffic_failed", "level": "warning", "timestamp": "2026-09-29T10:33:56.837169Z"}
{"email": "tg8468512348-ca791fcc", "err": "All connection attempts failed", "event": "sync.traffic_failed", "level": "warning", "timestamp": "2026-09-29T10:33:56.839780Z"}
{"email": "tg8468512348-414763c5", "err": "All connection attempts failed", "event": "sync.traffic_failed", "level": "warning", "timestamp": "2026-09-29T10:33:56.841435Z"}
{"email": "tg8468512348-401776d8", "err": "All connection attempts failed", "event": "sync.traffic_failed", "level": "warning", "timestamp": "2026-09-29T10:33:56.844003Z"}
{"email": "tg8468512348-0799d731", "err": "All connection attempts failed", "event": "sync.traffic_failed", "level": "warning", "timestamp": "2026-09-29T10:33:56.846478Z"}
{"email": "tg8468512348-7a60e445", "err": "All connection attempts failed", "event": "sync.traffic_failed", "level": "warning", "timestamp": "2026-09-29T10:33:56.848265Z"}
{"email": "tg8468512348-b36fde64", "err": "All connection attempts failed", "event": "sync.traffic_failed", "level": "warning", "timestamp": "2026-09-29T10:33:56.849974Z"}
{"email": "tg8468512348-0a8dd48c", "err": "All connection attempts failed", "event": "sync.traffic_failed", "level": "warning", "timestamp": "2026-09-29T10:33:56.852780Z"}
{"email": "tg8468512348-0fe1b387", "err": "All connection attempts failed", "event": "sync.traffic_failed", "level": "warning", "timestamp": "2026-09-29T10:33:56.854442Z"}
{"email": "tg8468512348-5971502c", "err": "All connection attempts failed", "event": "sync.traffic_failed", "level": "warning", "timestamp": "2026-09-29T10:33:56.855764Z"}
{"updated": 5, "event": "sync_traffic.done", "level": "info", "timestamp": "2026-09-29T10:33:57.385354Z"}
{"email": "tg5435975876-5b782c49", "err": "All connection attempts failed", "event": "sync.traffic_failed", "level": "warning", "timestamp": "2026-09-29T10:48:56.644571Z"}
{"email": "web-ad78af6c", "err": "All connection attempts failed", "event": "sync.traffic_failed", "level": "warning", "timestamp": "2026-09-29T10:48:56.646556Z"}
{"email": "tg8468512348-fdeabd2c", "err": "All connection attempts failed", "event": "sync.traffic_failed", "level": "warning", "timestamp": "2026-09-29T10:48:56.648202Z"}
{"email": "tg8468512348-aa6853d6", "err": "All connection attempts failed", "event": "sync.traffic_failed", "level": "warning", "timestamp": "2026-09-29T10:48:56.649813Z"}
{"email": "tg8468512348-64f025a5", "err": "All connection attempts failed", "event": "sync.traffic_failed", "level": "warning", "timestamp": "2026-09-29T10:48:56.653346Z"}
{"email": "tg8468512348-ccebd3fa", "err": "All connection attempts failed", "event": "sync.traffic_failed", "level": "warning", "timestamp": "2026-09-29T10:48:56.654832Z"}
{"email": "tg8468512348-b7febaa3", "err": "All connection attempts failed", "event": "sync.traffic_failed", "level": "warning", "timestamp": "2026-09-29T10:48:56.656238Z"}
{"email": "tg8468512348-ca791fcc", "err": "All connection attempts failed", "event": "sync.traffic_failed", "level": "warning", "timestamp": "2026-09-29T10:48:56.657441Z"}
{"email": "tg8468512348-414763c5", "err": "All connection attempts failed", "event": "sync.traffic_failed", "level": "warning", "timestamp": "2026-09-29T10:48:56.660491Z"}
{"email": "tg8468512348-401776d8", "err": "All connection attempts failed", "event": "sync.traffic_failed", "level": "warning", "timestamp": "2026-09-29T10:48:56.662020Z"}
{"email": "tg8468512348-0799d731", "err": "All connection attempts failed", "event": "sync.traffic_failed", "level": "warning", "timestamp": "2026-09-29T10:48:56.664897Z"}
{"email": "tg8468512348-7a60e445", "err": "All connection attempts failed", "event": "sync.traffic_failed", "level": "warning", "timestamp": "2026-09-29T10:48:56.666680Z"}
{"email": "tg8468512348-b36fde64", "err": "All connection attempts failed", "event": "sync.traffic_failed", "level": "warning", "timestamp": "2026-09-29T10:48:56.668950Z"}
{"email": "tg8468512348-0a8dd48c", "err": "All connection attempts failed", "event": "sync.traffic_failed", "level": "warning", "timestamp": "2026-09-29T10:48:56.670710Z"}
{"email": "tg8468512348-0fe1b387", "err": "All connection attempts failed", "event": "sync.traffic_failed", "level": "warning", "timestamp": "2026-09-29T10:48:56.672288Z"}
{"email": "tg8468512348-5971502c", "err": "All connection attempts failed", "event": "sync.traffic_failed", "level": "warning", "timestamp": "2026-09-29T10:48:56.673822Z"}
{"updated": 5, "event": "sync_traffic.done", "level": "info", "timestamp": "2026-09-29T10:48:57.204169Z"}
{"email": "tg5435975876-5b782c49", "err": "All connection attempts failed", "event": "sync.traffic_failed", "level": "warning", "timestamp": "2026-09-29T11:03:56.673491Z"}
{"email": "web-ad78af6c", "err": "All connection attempts failed", "event": "sync.traffic_failed", "level": "warning", "timestamp": "2026-09-29T11:03:56.676131Z"}
{"email": "tg8468512348-fdeabd2c", "err": "All connection attempts failed", "event": "sync.traffic_failed", "level": "warning", "timestamp": "2026-09-29T11:03:56.679099Z"}
{"email": "tg8468512348-aa6853d6", "err": "All connection attempts failed", "event": "sync.traffic_failed", "level": "warning", "timestamp": "2026-09-29T11:03:56.681542Z"}
{"email": "tg8468512348-64f025a5", "err": "All connection attempts failed", "event": "sync.traffic_failed", "level": "warning", "timestamp": "2026-09-29T11:03:56.687200Z"}
{"email": "tg8468512348-ccebd3fa", "err": "All connection attempts failed", "event": "sync.traffic_failed", "level": "warning", "timestamp": "2026-09-29T11:03:56.689354Z"}
{"email": "tg8468512348-b7febaa3", "err": "All connection attempts failed", "event": "sync.traffic_failed", "level": "warning", "timestamp": "2026-09-29T11:03:56.693651Z"}
{"email": "tg8468512348-ca791fcc", "err": "All connection attempts failed", "event": "sync.traffic_failed", "level": "warning", "timestamp": "2026-09-29T11:03:56.697567Z"}
{"email": "tg8468512348-414763c5", "err": "All connection attempts failed", "event": "sync.traffic_failed", "level": "warning", "timestamp": "2026-09-29T11:03:56.699896Z"}
{"email": "tg8468512348-401776d8", "err": "All connection attempts failed", "event": "sync.traffic_failed", "level": "warning", "timestamp": "2026-09-29T11:03:56.701977Z"}
{"email": "tg8468512348-0799d731", "err": "All connection attempts failed", "event": "sync.traffic_failed", "level": "warning", "timestamp": "2026-09-29T11:03:56.703738Z"}
{"email": "tg8468512348-7a60e445", "err": "All connection attempts failed", "event": "sync.traffic_failed", "level": "warning", "timestamp": "2026-09-29T11:03:56.705489Z"}
{"email": "tg8468512348-b36fde64", "err": "All connection attempts failed", "event": "sync.traffic_failed", "level": "warning", "timestamp": "2026-09-29T11:03:56.708214Z"}
{"email": "tg8468512348-0a8dd48c", "err": "All connection attempts failed", "event": "sync.traffic_failed", "level": "warning", "timestamp": "2026-09-29T11:03:56.709833Z"}
{"email": "tg8468512348-0fe1b387", "err": "All connection attempts failed", "event": "sync.traffic_failed", "level": "warning", "timestamp": "2026-09-29T11:03:56.711205Z"}
{"email": "tg8468512348-5971502c", "err": "All connection attempts failed", "event": "sync.traffic_failed", "level": "warning", "timestamp": "2026-09-29T11:03:56.712742Z"}
{"updated": 5, "event": "sync_traffic.done", "level": "info", "timestamp": "2026-09-29T11:03:57.153605Z"}
{"email": "tg5435975876-5b782c49", "err": "All connection attempts failed", "event": "sync.traffic_failed", "level": "warning", "timestamp": "2026-09-29T11:18:56.646000Z"}
{"email": "web-ad78af6c", "err": "All connection attempts failed", "event": "sync.traffic_failed", "level": "warning", "timestamp": "2026-09-29T11:18:56.649295Z"}
{"email": "tg8468512348-fdeabd2c", "err": "All connection attempts failed", "event": "sync.traffic_failed", "level": "warning", "timestamp": "2026-09-29T11:18:56.651111Z"}
{"email": "tg8468512348-aa6853d6", "err": "All connection attempts failed", "event": "sync.traffic_failed", "level": "warning", "timestamp": "2026-09-29T11:18:56.652674Z"}
{"email": "tg8468512348-64f025a5", "err": "All connection attempts failed", "event": "sync.traffic_failed", "level": "warning", "timestamp": "2026-09-29T11:18:56.654839Z"}
{"email": "tg8468512348-ccebd3fa", "err": "All connection attempts failed", "event": "sync.traffic_failed", "level": "warning", "timestamp": "2026-09-29T11:18:56.656232Z"}
{"email": "tg8468512348-b7febaa3", "err": "All connection attempts failed", "event": "sync.traffic_failed", "level": "warning", "timestamp": "2026-09-29T11:18:56.658150Z"}
{"email": "tg8468512348-ca791fcc", "err": "All connection attempts failed", "event": "sync.traffic_failed", "level": "warning", "timestamp": "2026-09-29T11:18:56.659553Z"}
{"email": "tg8468512348-414763c5", "err": "All connection attempts failed", "event": "sync.traffic_failed", "level": "warning", "timestamp": "2026-09-29T11:18:56.662113Z"}
{"email": "tg8468512348-401776d8", "err": "All connection attempts failed", "event": "sync.traffic_failed", "level": "warning", "timestamp": "2026-09-29T11:18:56.663613Z"}
{"email": "tg8468512348-0799d731", "err": "All connection attempts failed", "event": "sync.traffic_failed", "level": "warning", "timestamp": "2026-09-29T11:18:56.666729Z"}
{"email": "tg8468512348-7a60e445", "err": "All connection attempts failed", "event": "sync.traffic_failed", "level": "warning", "timestamp": "2026-09-29T11:18:56.668919Z"}
{"email": "tg8468512348-b36fde64", "err": "All connection attempts failed", "event": "sync.traffic_failed", "level": "warning", "timestamp": "2026-09-29T11:18:56.670871Z"}
{"email": "tg8468512348-0a8dd48c", "err": "All connection attempts failed", "event": "sync.traffic_failed", "level": "warning", "timestamp": "2026-09-29T11:18:56.672628Z"}
{"email": "tg8468512348-0fe1b387", "err": "All connection attempts failed", "event": "sync.traffic_failed", "level": "warning", "timestamp": "2026-09-29T11:18:56.674187Z"}
{"email": "tg8468512348-5971502c", "err": "All connection attempts failed", "event": "sync.traffic_failed", "level": "warning", "timestamp": "2026-09-29T11:18:56.676243Z"}
{"updated": 5, "event": "sync_traffic.done", "level": "info", "timestamp": "2026-09-29T11:18:57.180329Z"}
{"email": "tg5435975876-5b782c49", "err": "All connection attempts failed", "event": "sync.traffic_failed", "level": "warning", "timestamp": "2026-09-29T11:33:56.674491Z"}
{"email": "web-ad78af6c", "err": "All connection attempts failed", "event": "sync.traffic_failed", "level": "warning", "timestamp": "2026-09-29T11:33:56.680133Z"}
{"email": "tg8468512348-fdeabd2c", "err": "All connection attempts failed", "event": "sync.traffic_failed", "level": "warning", "timestamp": "2026-09-29T11:33:56.682450Z"}
{"email": "tg8468512348-aa6853d6", "err": "All connection attempts failed", "event": "sync.traffic_failed", "level": "warning", "timestamp": "2026-09-29T11:33:56.687046Z"}
{"email": "tg8468512348-64f025a5", "err": "All connection attempts failed", "event": "sync.traffic_failed", "level": "warning", "timestamp": "2026-09-29T11:33:56.692111Z"}
{"email": "tg8468512348-ccebd3fa", "err": "All connection attempts failed", "event": "sync.traffic_failed", "level": "warning", "timestamp": "2026-09-29T11:33:56.696795Z"}
{"email": "tg8468512348-b7febaa3", "err": "All connection attempts failed", "event": "sync.traffic_failed", "level": "warning", "timestamp": "2026-09-29T11:33:56.698717Z"}
{"email": "tg8468512348-ca791fcc", "err": "All connection attempts failed", "event": "sync.traffic_failed", "level": "warning", "timestamp": "2026-09-29T11:33:56.702781Z"}
{"email": "tg8468512348-414763c5", "err": "All connection attempts failed", "event": "sync.traffic_failed", "level": "warning", "timestamp": "2026-09-29T11:33:56.704839Z"}
{"email": "tg8468512348-401776d8", "err": "All connection attempts failed", "event": "sync.traffic_failed", "level": "warning", "timestamp": "2026-09-29T11:33:56.706488Z"}
{"email": "tg8468512348-0799d731", "err": "All connection attempts failed", "event": "sync.traffic_failed", "level": "warning", "timestamp": "2026-09-29T11:33:56.708091Z"}
{"email": "tg8468512348-7a60e445", "err": "All connection attempts failed", "event": "sync.traffic_failed", "level": "warning", "timestamp": "2026-09-29T11:33:56.709647Z"}
{"email": "tg8468512348-b36fde64", "err": "All connection attempts failed", "event": "sync.traffic_failed", "level": "warning", "timestamp": "2026-09-29T11:33:56.710999Z"}
{"email": "tg8468512348-0a8dd48c", "err": "All connection attempts failed", "event": "sync.traffic_failed", "level": "warning", "timestamp": "2026-09-29T11:33:56.712397Z"}
{"email": "tg8468512348-0fe1b387", "err": "All connection attempts failed", "event": "sync.traffic_failed", "level": "warning", "timestamp": "2026-09-29T11:33:56.715006Z"}
{"email": "tg8468512348-5971502c", "err": "All connection attempts failed", "event": "sync.traffic_failed", "level": "warning", "timestamp": "2026-09-29T11:33:56.716568Z"}
{"updated": 5, "event": "sync_traffic.done", "level": "info", "timestamp": "2026-09-29T11:33:57.205404Z"}
{"email": "tg5435975876-5b782c49", "err": "All connection attempts failed", "event": "sync.traffic_failed", "level": "warning", "timestamp": "2026-09-29T11:48:56.642679Z"}
{"email": "web-ad78af6c", "err": "All connection attempts failed", "event": "sync.traffic_failed", "level": "warning", "timestamp": "2026-09-29T11:48:56.644766Z"}
{"email": "tg8468512348-fdeabd2c", "err": "All connection attempts failed", "event": "sync.traffic_failed", "level": "warning", "timestamp": "2026-09-29T11:48:56.646338Z"}
{"email": "tg8468512348-aa6853d6", "err": "All connection attempts failed", "event": "sync.traffic_failed", "level": "warning", "timestamp": "2026-09-29T11:48:56.647733Z"}
{"email": "tg8468512348-64f025a5", "err": "All connection attempts failed", "event": "sync.traffic_failed", "level": "warning", "timestamp": "2026-09-29T11:48:56.650013Z"}
{"email": "tg8468512348-ccebd3fa", "err": "All connection attempts failed", "event": "sync.traffic_failed", "level": "warning", "timestamp": "2026-09-29T11:48:56.651394Z"}
{"email": "tg8468512348-b7febaa3", "err": "All connection attempts failed", "event": "sync.traffic_failed", "level": "warning", "timestamp": "2026-09-29T11:48:56.653311Z"}
{"email": "tg8468512348-ca791fcc", "err": "All connection attempts failed", "event": "sync.traffic_failed", "level": "warning", "timestamp": "2026-09-29T11:48:56.654889Z"}
{"email": "tg8468512348-414763c5", "err": "All connection attempts failed", "event": "sync.traffic_failed", "level": "warning", "timestamp": "2026-09-29T11:48:56.656390Z"}
{"email": "tg8468512348-401776d8", "err": "All connection attempts failed", "event": "sync.traffic_failed", "level": "warning", "timestamp": "2026-09-29T11:48:56.657712Z"}
{"email": "tg8468512348-0799d731", "err": "All connection attempts failed", "event": "sync.traffic_failed", "level": "warning", "timestamp": "2026-09-29T11:48:56.659633Z"}
{"email": "tg8468512348-7a60e445", "err": "All connection attempts failed", "event": "sync.traffic_failed", "level": "warning", "timestamp": "2026-09-29T11:48:56.660960Z"}
{"email": "tg8468512348-b36fde64", "err": "All connection attempts failed", "event": "sync.traffic_failed", "level": "warning", "timestamp": "2026-09-29T11:48:56.662154Z"}
{"email": "tg8468512348-0a8dd48c", "err": "All connection attempts failed", "event": "sync.traffic_failed", "level": "warning", "timestamp": "2026-09-29T11:48:56.663533Z"}
{"email": "tg8468512348-0fe1b387", "err": "All connection attempts failed", "event": "sync.traffic_failed", "level": "warning", "timestamp": "2026-09-29T11:48:56.664822Z"}
{"email": "tg8468512348-5971502c", "err": "All connection attempts failed", "event": "sync.traffic_failed", "level": "warning", "timestamp": "2026-09-29T11:48:56.666114Z"}
{"updated": 5, "event": "sync_traffic.done", "level": "info", "timestamp": "2026-09-29T11:48:57.207831Z"}
